method,task,variant,margin,seed,mode,ck,ver_blocks,ver_eps,ver_hv,ver_rate,ver_ret,ver_soft,jc,csr25
FDPI,cg2,fdpi002,pf.02,s1,final,995001,3,312,3,0.009615384615384616,1.9257789103099077,0.0,0.060897435897435896,1.0
FDPI,cg2,fdpi002,pf.02,s2,final,995001,3,312,10,0.03205128205128205,4.022919809204478,0.3461538461538462,0.5160256410256411,0.9935897435897436
FDPI,pg2,fdpi002,pf.02,s1,final,995001,3,312,0,0.0,1.4432509967438654,0.0,0.0,1.0
FDPI,pg2,fdpi002,pf.02,s2,final,995001,3,312,1,0.003205128205128205,2.2211864580101914,0.09615384615384615,0.11538461538461538,1.0
FDPI,cg2,fdpi05,pf.50,s1,final,995001,3,312,29,0.09294871794871795,21.898953807242183,0.2884615384615385,0.6955128205128206,0.9967948717948718
FDPI,cg2,fdpi05,pf.50,s2,final,995001,3,312,46,0.14743589743589744,20.62272989557811,0.967948717948718,1.5256410256410255,0.9935897435897436
FDPI,pg2,fdpi05,pf.50,s1,final,995001,3,312,25,0.08012820512820513,13.399940970934685,1.1217948717948718,1.3717948717948716,0.9935897435897436
FDPI,pg2,fdpi05,pf.50,s2,final,995001,3,312,29,0.09294871794871795,16.586259598748686,0.8012820512820512,1.1346153846153846,1.0
SAC-Lag,cg2,lag002,lim.02,s1,final,995002,3,312,9,0.028846153846153848,10.668393214665846,14.221153846153847,14.269230769230768,0.8589743589743589
SAC-Lag,cg2,lag002,lim.02,s2,final,995002,3,312,17,0.05448717948717949,3.8042005581900056,1.528846153846154,1.778846153846154,0.983974358974359
SAC-Lag,pg2,lag002,lim.02,s1,final,995002,3,312,6,0.019230769230769232,5.155576848388886,1.2115384615384615,1.2852564102564104,0.9935897435897436
SAC-Lag,pg2,lag002,lim.02,s2,final,995002,3,312,3,0.009615384615384616,6.711253081520485,3.301282051282051,3.317307692307692,0.9647435897435898
SAC-Lag,cg2,lag05,lim.50,s1,final,995002,3,312,93,0.2980769230769231,27.96899754673606,31.775641025641022,32.51602564102564,0.5128205128205129
SAC-Lag,cg2,lag05,lim.50,s2,final,995002,3,312,97,0.3108974358974359,28.538336739045235,34.333333333333336,35.09935897435898,0.44871794871794873
SAC-Lag,pg2,lag05,lim.50,s1,final,995002,3,312,36,0.11538461538461539,21.957940038593478,26.458333333333332,26.67948717948718,0.532051282051282
SAC-Lag,pg2,lag05,lim.50,s2,final,995002,3,312,32,0.10256410256410256,20.44237702356568,25.48397435897436,25.73397435897436,0.5608974358974359
SAC-Lag,cg2,lag,lagr,s1,final,995002,3,312,11,0.035256410256410256,23.25275782334096,24.97115384615385,25.01923076923077,0.576923076923077
SAC-Lag,cg2,lag,lagr,s2,final,995002,3,312,19,0.060897435897435896,19.057681689984054,16.878205128205128,16.94871794871795,0.733974358974359
SAC-Lag,cg2,lag,lagr,s3,final,995002,3,312,24,0.07692307692307693,19.81760844006351,14.615384615384615,14.76602564102564,0.7692307692307692
SAC-Lag,pg2,lag,lagr,s1,final,995002,3,312,8,0.02564102564102564,5.034686400848344,1.0576923076923077,1.185897435897436,0.9935897435897436
SAC-Lag,pg2,lag,lagr,s2,final,995002,3,312,0,0.0,1.7996354176954157,0.0,0.0,1.0
SAC-Lag,pg2,lag,lagr,s3,final,995002,3,312,4,0.01282051282051282,3.4409714720734743,0.4967948717948718,0.5160256410256411,0.9967948717948718
SAC-Pen,cg2,pen1,coef1,s1,final,995002,3,312,117,0.375,28.877888383871532,30.362179487179485,31.24358974358974,0.4583333333333333
SAC-Pen,pg2,pen1,coef1,s1,final,995002,3,312,66,0.21153846153846154,24.13298458641887,29.48076923076923,30.17948717948718,0.5096153846153846
SAC-Pen,cg2,pen20,coef20,s1,final,995002,3,312,9,0.028846153846153848,3.7057860546786254,0.7724358974358975,0.8493589743589745,0.9935897435897436
SAC-Pen,cg2,pen20,coef20,s2,final,995002,3,312,2,0.00641025641025641,0.2705135712038062,2.3108974358974357,2.317307692307692,0.9743589743589743
SAC-Pen,cg2,pen20,coef20,s3,final,995002,3,312,9,0.028846153846153848,1.662412153146488,0.4423076923076923,0.5865384615384616,0.9967948717948718
SAC-Pen,pg2,pen20,coef20,s1,final,995002,3,312,2,0.00641025641025641,0.6008930243968896,3.689102564102564,3.705128205128205,0.9423076923076922
SAC-Pen,pg2,pen20,coef20,s2,final,995002,3,312,1,0.003205128205128205,0.5098550990975125,0.342948717948718,0.3493589743589744,0.9935897435897436
SAC-Pen,pg2,pen20,coef20,s3,final,995002,3,312,6,0.019230769230769232,1.6212696038970744,1.1217948717948718,1.2019230769230769,0.983974358974359
SAC-Pen,cg2,pen5,coef5,s1,final,995002,3,312,52,0.16666666666666666,23.17603823011721,27.84294871794872,28.121794871794872,0.5737179487179488
SAC-Pen,cg2,pen5,coef5,s2,final,995002,3,312,81,0.25961538461538464,24.639596502569365,31.80448717948718,32.50320512820513,0.44871794871794873
SAC-Pen,cg2,pen5,coef5,s3,final,995002,3,312,44,0.14102564102564102,23.770448449654154,25.85576923076923,26.080128205128204,0.576923076923077
SAC-Pen,pg2,pen5,coef5,s1,final,995002,3,312,28,0.08974358974358974,17.171738787278624,21.352564102564102,21.557692307692307,0.6057692307692307
SAC-Pen,pg2,pen5,coef5,s2,final,995002,3,312,18,0.057692307692307696,12.107418914989447,7.961538461538461,8.102564102564102,0.9070512820512819
SAC-Pen,pg2,pen5,coef5,s3,final,995002,3,312,23,0.07371794871794872,13.892783278384755,13.16025641025641,13.362179487179489,0.8076923076923076
SafeOT-typed,cg2,v1a,none,s1,final,995001,3,312,46,0.14743589743589744,27.340449972832584,37.42307692307693,37.64102564102564,0.3878205128205128
SafeOT-typed,cg2,v1a,none,s2,final,995001,3,312,38,0.12179487179487179,26.00936547263822,32.26602564102564,32.43910256410256,0.4679487179487179
SafeOT-typed,cg2,v1a,none,s3,final,995001,3,312,32,0.10256410256410256,26.52441621189979,35.30128205128205,35.46153846153846,0.4423076923076923
SafeOT-typed,pb2,v1a,none,s1,final,995001,3,312,12,0.038461538461538464,0.5259208671871008,1.0512820512820513,1.4615384615384617,0.9743589743589743
SafeOT-typed,pb2,v1a,none,s2,final,995001,3,312,25,0.08012820512820513,0.9322863469922712,2.2628205128205128,2.7307692307692313,0.967948717948718
SafeOT-typed,pb2,v1a,none,s3,final,995001,3,312,5,0.016025641025641024,0.29736655016179486,1.0224358974358974,1.1474358974358976,0.9903846153846154
SafeOT-typed,pb2,v1a,none,s4,final,995001,3,312,20,0.0641025641025641,0.43055498473955395,0.3333333333333333,1.5064102564102564,0.9711538461538461
SafeOT-typed,pb2,v1a,none,s5,final,995001,3,312,14,0.04487179487179487,0.6114469016747294,1.0737179487179487,1.403846153846154,0.9839743589743589
SafeOT-typed,pg2,v1a,none,s1,final,995001,3,312,17,0.05448717948717949,21.651988033536878,27.28525641025641,27.435897435897434,0.5192307692307693
SafeOT-typed,pg2,v1a,none,s2,final,995001,3,312,11,0.035256410256410256,20.11335154892131,22.294871794871796,22.455128205128204,0.6474358974358975
SafeOT-typed,pg2,v1a,none,s3,final,995001,3,312,16,0.05128205128205128,20.340469284589073,19.90705128205128,20.05128205128205,0.6762820512820512
SafeOT-typed,pg2,v1a,none,s3,select,900000,4,416,13,0.03125,19.409422852575275,20.377403846153847,20.44471153846154,0.6778846153846154
SafeOT-typed,pb2,v1b,none,s6,final,995002,3,312,11,0.035256410256410256,0.42287899000410745,0.7916666666666666,1.0929487179487178,0.9871794871794872
SafeOT-typed,pb2,v1b,none,s7,final,995002,3,312,27,0.08653846153846154,0.33545386770510516,0.8942307692307693,1.4871794871794872,0.9807692307692308
SafeOT-typed,cg2,v1c2,0.70,s1,final,995002,3,312,0,0.0,0.8031746763994706,1.2371794871794872,1.2371794871794872,0.9807692307692308
SafeOT-typed,cg2,v1c2,0.70,s2,final,995002,3,312,2,0.00641025641025641,1.3800795494244282,0.4583333333333333,0.4711538461538461,0.9967948717948718
SafeOT-typed,cg2,v1c3,0.75,s1,final,995002,3,312,1,0.003205128205128205,7.555639285796047,5.663461538461539,5.666666666666667,0.9391025641025642
SafeOT-typed,cg2,v1c3,0.75,s1,select,700000,4,416,4,0.009615384615384616,6.614035473885976,7.262019230769231,7.271634615384615,0.9326923076923077
SafeOT-typed,cg2,v1c3,0.75,s2,final,995002,3,312,0,0.0,8.764215960852596,14.23397435897436,14.23397435897436,0.826923076923077
SafeOT-typed,cg2,v1c3,0.75,s2,select,995002,4,416,0,0.0,9.207170483878695,16.682692307692307,16.682692307692307,0.8149038461538461
SafeOT-typed,cg2,v1c3,0.75,s3,final,995002,3,312,4,0.01282051282051282,5.146828407846436,2.948717948717949,2.9807692307692304,0.967948717948718
SafeOT-typed,pg2,v1c7,0.70,s1,final,995002,3,312,0,0.0,0.7959033287368857,0.028846153846153844,0.028846153846153844,1.0
SafeOT-typed,pg2,v1c7,0.70,s2,final,995002,3,312,0,0.0,0.46612393415046594,0.0,0.0,1.0
SafeOT-typed,pg2,v1c85,0.85,s1,final,995002,3,312,7,0.022435897435897436,13.471547042317908,18.003205128205128,18.076923076923077,0.717948717948718
SafeOT-typed,pg2,v1c85,0.85,s2,final,995002,3,312,5,0.016025641025641024,17.839290521349085,24.185897435897434,24.227564102564102,0.592948717948718
SafeOT-typed,pg2,v1c85,0.85,s3,final,995002,3,312,5,0.016025641025641024,15.280576239325695,20.118589743589745,20.153846153846157,0.6602564102564102
SafeOT-typed,pg2,v1c85,0.85,s3,select,995002,2,208,5,0.02403846153846154,15.643425722630449,21.01923076923077,21.072115384615387,0.6538461538461539
SafeOT-typed,pg2,v1c9,0.90,s1,final,995002,3,312,16,0.05128205128205128,20.23930672681159,20.509615384615383,20.653846153846153,0.6762820512820512
SafeOT-typed,pg2,v1c9,0.90,s2,final,995002,3,312,17,0.05448717948717949,22.187619645146285,29.23076923076923,29.39102564102564,0.5576923076923077
SafeOT-typed,pg2,v1c9,0.90,s3,final,995002,3,312,17,0.05448717948717949,20.265334219285386,26.259615384615387,26.40705128205128,0.5544871794871795
SafeOT-typed,cg2,v1c,0.80,s1,final,995002,3,312,20,0.0641025641025641,15.528114113677683,14.044871794871796,14.26602564102564,0.7788461538461539
SafeOT-typed,cg2,v1c,0.80,s2,final,995002,3,312,12,0.038461538461538464,15.731283775882451,16.977564102564102,17.028846153846153,0.7403846153846154
SafeOT-typed,cg2,v1c,0.80,s3,final,995002,3,312,14,0.04487179487179487,16.82288861847739,20.496794871794872,20.59294871794872,0.7051282051282052
SafeOT-typed,cg2,v1c,0.80,s4,final,995002,3,312,7,0.022435897435897436,17.960466232328056,23.333333333333332,23.413461538461537,0.6762820512820512
SafeOT-typed,pb2,v1c,0.80,s1,final,995002,3,312,9,0.028846153846153848,0.0685860638259283,0.36538461538461536,0.6282051282051282,0.9871794871794872
SafeOT-typed,pb2,v1c,0.80,s2,final,995002,3,312,10,0.03205128205128205,0.14726354021349405,1.3621794871794872,1.8685897435897436,0.9743589743589743
SafeOT-typed,pg2,v1c,0.80,s1,final,995002,3,312,0,0.0,3.2166412561264237,1.1602564102564104,1.1602564102564104,0.9839743589743589
SafeOT-typed,pg2,v1c,0.80,s1,select,995002,4,416,1,0.002403846153846154,3.3399393182825783,2.050480769230769,2.0528846153846154,0.9783653846153846
SafeOT-typed,pg2,v1c,0.80,s2,final,995002,3,312,0,0.0,6.825503990240047,4.266025641025641,4.266025641025641,0.9551282051282052
SafeOT-typed,pg2,v1c,0.80,s2,select,700000,4,416,4,0.009615384615384616,6.734872740216259,5.271634615384615,5.348557692307692,0.9302884615384616
SafeOT-typed,pg2,v1c,0.80,s3,final,995002,3,312,0,0.0,6.016535459718507,2.3461538461538463,2.3461538461538463,0.9871794871794872
SafeOT-typed,pg2,v1c,0.80,s3,select,995002,4,416,0,0.0,6.338028949937596,2.980769230769231,2.980769230769231,0.9783653846153846
SafeOT-typed,pb2,v1dL,geo0.30/0.40,s1,final,995002,3,312,6,0.019230769230769232,-0.3956224345086638,0.7884615384615384,0.967948717948718,0.9871794871794872
SafeOT-typed,pb2,v1dL,geo0.30/0.40,s2,final,995002,3,312,5,0.016025641025641024,-0.26225859750734076,0.16025641025641027,0.28525641025641024,0.9967948717948718
SafeOT-typed,cg2,v1e65,0.65g,s1,final,995002,3,312,0,0.0,9.32935820699355,4.66025641025641,4.66025641025641,0.9647435897435898
SafeOT-typed,cg2,v1e65,0.65g,s1,select,995002,2,208,0,0.0,9.151108620669724,4.788461538461538,4.788461538461538,0.9663461538461537
SafeOT-typed,cg2,v1e65,0.65g,s2,final,995002,3,312,1,0.003205128205128205,12.274751342446384,12.714743589743591,12.721153846153847,0.8012820512820512
SafeOT-typed,cg2,v1e75,0.75g,s1,final,995002,3,312,7,0.022435897435897436,21.162559659010103,27.125,27.15705128205128,0.592948717948718
SafeOT-typed,cg2,v1e75,0.75g,s1,select,900000,4,416,8,0.019230769230769232,19.970623439979338,28.951923076923077,28.98076923076923,0.5721153846153846
SafeOT-typed,cg2,v1e75,0.75g,s2,final,995002,3,312,4,0.01282051282051282,21.17664783732616,28.692307692307693,28.71474358974359,0.5608974358974359
SafeOT-typed,cg2,v1e75,0.75g,s2,select,900000,4,416,4,0.009615384615384616,21.606700236590903,33.800480769230774,33.82211538461539,0.5240384615384616
SafeOT-typed,cg2,v1e75,0.75g,s3,final,995002,3,312,2,0.00641025641025641,21.322169397154877,30.663461538461537,30.669871794871796,0.5993589743589743
SafeOT-typed,pg2,v1e75,0.75g,s1,final,995002,3,312,10,0.03205128205128205,14.56637935096694,12.705128205128204,12.842948717948717,0.8173076923076922
SafeOT-typed,pg2,v1e75,0.75g,s2,final,995002,3,312,6,0.019230769230769232,17.34784661948032,19.496794871794872,19.567307692307693,0.6987179487179488
SafeOT-typed,cg2,v1e75c05,0.75g/c.05,s1,final,995002,3,312,7,0.022435897435897436,19.53780676720802,2.7211538461538463,2.772435897435898,0.9871794871794872
SafeOT-typed,cg2,v1e75c05,0.75g/c.05,s2,final,995002,3,312,4,0.01282051282051282,18.768853438880612,3.6121794871794872,3.6634615384615383,0.9743589743589745
SafeOT-typed,cg2,v1e75c05,0.75g/c.05,s3,final,995002,3,312,6,0.019230769230769232,19.458240920422664,6.9006410256410255,6.9423076923076925,0.9166666666666666
SafeOT-typed,cg2,v1e75c10,0.75g/c.10,s1,final,995002,3,312,2,0.00641025641025641,18.230544289995347,0.6602564102564102,0.6666666666666666,0.9935897435897436
SafeOT-typed,cg2,v1e75c10,0.75g/c.10,s1,select,995002,2,208,2,0.009615384615384616,18.210309700338662,0.4951923076923077,0.5048076923076923,0.9951923076923077
SafeOT-typed,cg2,v1e75c10,0.75g/c.10,s2,final,995002,3,312,3,0.009615384615384616,18.030610000176523,0.8397435897435898,0.8717948717948718,1.0
SafeOT-typed,cg2,v1e75c10,0.75g/c.10,s3,final,995002,3,312,0,0.0,17.198130089507803,1.0993589743589742,1.0993589743589742,0.9967948717948718
SafeOT-typed,cg2,v1e75c10,0.75g/c.10,s3,select,995002,2,208,0,0.0,17.480259367107408,1.2019230769230769,1.2019230769230769,0.9951923076923077
SafeOT-typed,cg2,v1e7,0.70g,s1,final,995002,3,312,0,0.0,17.459056293628883,25.278846153846157,25.278846153846157,0.6442307692307693
SafeOT-typed,cg2,v1e7,0.70g,s1,select,995002,2,208,0,0.0,17.46825688619846,26.495192307692307,26.495192307692307,0.6394230769230769
SafeOT-typed,cg2,v1e7,0.70g,s2,final,995002,3,312,1,0.003205128205128205,16.49688012296031,20.935897435897434,20.939102564102566,0.6698717948717948
SafeOT-typed,cg2,v1e7,0.70g,s3,final,995002,3,312,2,0.00641025641025641,13.528662442004935,13.657051282051283,13.666666666666666,0.798076923076923
SafeOT-typed,pg2,v1e7,0.70g,s1,final,995002,3,312,5,0.016025641025641024,12.321086051191685,7.198717948717949,7.323717948717949,0.9102564102564102
SafeOT-typed,pg2,v1e7,0.70g,s1,select,300000,4,416,14,0.03365384615384615,7.555119385873827,4.096153846153846,4.283653846153846,0.9495192307692307
SafeOT-typed,pg2,v1e7,0.70g,s2,final,995002,3,312,10,0.03205128205128205,9.060037101616368,2.423076923076923,2.6506410256410255,0.9711538461538461
SafeOT-typed,pg2,v1e7,0.70g,s2,select,400000,4,416,9,0.021634615384615384,7.721818085065588,1.0817307692307692,1.2283653846153846,0.9831730769230769
SafeOT-typed,pg2,v1e7,0.70g,s3,final,995002,3,312,11,0.035256410256410256,11.582978192559347,8.298076923076923,8.461538461538462,0.8621794871794872
SafeOT-typed,cg2,v1e7c10,0.70g/c.10,s1,final,995002,3,312,2,0.00641025641025641,13.54939162767612,0.7788461538461539,0.798076923076923,0.9967948717948718
SafeOT-typed,cg2,v1e7c10,0.70g/c.10,s1,select,995002,2,208,2,0.009615384615384616,13.43751707504995,1.0144230769230769,1.0432692307692308,0.9951923076923077
SafeOT-typed,cg2,v1e7c10,0.70g/c.10,s2,final,995002,3,312,1,0.003205128205128205,13.65537539092881,1.3397435897435896,1.3493589743589745,0.9935897435897436
SafeOT-typed,cg2,v1e8,0.80g,s1,final,995002,3,312,19,0.060897435897435896,24.770965339484594,35.27564102564103,35.37179487179487,0.4551282051282051
SafeOT-typed,cg2,v1e8,0.80g,s2,final,995002,3,312,17,0.05448717948717949,25.797592311777034,32.71474358974359,32.79807692307693,0.4583333333333333
SafeOT-typed,cg2,v1e8,0.80g,s2,select,800000,4,416,9,0.021634615384615384,24.038026992158866,35.93028846153846,35.97115384615385,0.5264423076923077
SafeOT-typed,cg2,v1e8,0.80g,s3,final,995002,3,312,9,0.028846153846153848,24.2005984207246,30.009615384615387,30.041666666666668,0.532051282051282
SafeOT-typed,pg2,v1e8,0.80g,s1,final,995002,3,312,3,0.009615384615384616,17.255138245839966,19.39423076923077,19.413461538461537,0.7243589743589745
SafeOT-typed,pg2,v1e8,0.80g,s2,final,995002,3,312,4,0.01282051282051282,16.650337390162452,18.192307692307693,18.227564102564102,0.7435897435897436
SafeOT-typed,pg2,v1e8,0.80g,s2,select,995002,2,208,4,0.019230769230769232,16.62548539416094,17.8125,17.865384615384613,0.7548076923076923
SafeOT-typed,pg2,v1e8,0.80g,s3,final,995002,3,312,3,0.009615384615384616,18.870551460886116,24.349358974358974,24.365384615384613,0.608974358974359
SafeOT-typed,cg2,v1e8c10,0.80g/c.10,s1,final,995002,3,312,15,0.04807692307692308,20.050764096463723,0.8525641025641025,0.939102564102564,0.9903846153846154
SafeOT-typed,cg2,v1e8c10,0.80g/c.10,s2,final,995002,3,312,16,0.05128205128205128,21.6451133115645,0.7307692307692307,0.9423076923076924,0.9967948717948718
SafeOT-typed,pg2,v1e8c10,0.80g/c.10,s1,final,995002,3,312,7,0.022435897435897436,12.929069312171046,0.7275641025641025,0.7852564102564102,0.9967948717948718
SafeOT-typed,pg2,v1e8c10,0.80g/c.10,s2,final,995002,3,312,8,0.02564102564102564,12.94752867673091,0.9423076923076922,1.0064102564102564,0.9903846153846154
SafeOT-typed,pg2,v1e9,0.90g,s1,final,995002,3,312,17,0.05448717948717949,21.24579219883906,23.352564102564102,23.458333333333332,0.5897435897435898
SafeOT-typed,pg2,v1e9,0.90g,s2,final,995002,3,312,20,0.0641025641025641,20.39162897659242,22.07051282051282,22.24358974358974,0.6346153846153846
FDPI,pg2,fdpi,n/a,s1,final,final,3,312,10,0.03205128205128205,10.314754092794812,0.21153846153846156,0.3461538461538462,1.0
FDPI,pg2,fdpi,n/a,s2,final,final,3,312,11,0.035256410256410256,10.406817528520671,0.0705128205128205,0.16346153846153846,1.0
FDPI,pg2,fdpi,n/a,s3,final,final,3,312,12,0.038461538461538464,8.564500693514328,0.1794871794871795,0.25961538461538464,1.0
FDPI,cg2,fdpi,n/a,s1,final,final,3,312,16,0.05128205128205128,13.20692402891418,0.15705128205128205,0.4423076923076923,1.0
FDPI,cg2,fdpi,n/a,s2,final,final,3,312,29,0.09294871794871795,12.011406887604188,0.17307692307692304,0.8301282051282052,0.9871794871794872
FDPI,cg2,fdpi,n/a,s3,final,final,3,312,17,0.05448717948717949,11.705906025458296,0.07692307692307693,0.3333333333333333,1.0
FDPI,pb2,fdpi,n/a,s1,final,final,3,312,9,0.028846153846153848,0.3861755520302928,0.08012820512820512,0.5032051282051282,0.9967948717948718
FDPI,pb2,fdpi,n/a,s2,final,final,3,312,2,0.00641025641025641,-0.13538743820512758,0.0,0.025641025641025644,1.0
FDPI,pb2,fdpi,n/a,s3,final,final,3,312,44,0.14102564102564102,1.9929565017668136,0.5,1.9839743589743588,0.9903846153846154
SDAC,pg2,sdac,n/a,s2,final,final,3,312,30,0.09615384615384616,2.1269789102023493,22.76602564102564,nan,nan
SDAC,pg2,sdac,n/a,s3,final,final,3,312,53,0.16987179487179488,1.7099970848624195,17.98076923076923,nan,nan
SDAC,pg2,sdac,n/a,s1,final,final,3,312,45,0.14423076923076922,1.3220790914814102,26.666666666666668,nan,nan
SDAC,cg2,sdac,n/a,s1,final,final,3,312,96,0.3076923076923077,6.851121544998673,14.791666666666666,nan,nan
SDAC,cg2,sdac,n/a,s2,final,final,3,312,166,0.532051282051282,9.532544462098116,19.810897435897434,nan,nan
SDAC,cg2,sdac,n/a,s3,final,final,3,312,134,0.42948717948717946,7.299488702453424,12.560897435897436,nan,nan
SDAC,pb2,sdac,n/a,s1,final,final,3,312,68,0.21794871794871795,0.007662980160366316,25.865384615384613,nan,nan
SDAC,pb2,sdac,n/a,s2,final,final,3,312,68,0.21794871794871795,-0.21215817073170443,5.698717948717949,nan,nan
SDAC,pb2,sdac,n/a,s3,final,final,3,312,68,0.21794871794871795,-0.01811076544424278,11.46474358974359,nan,nan
SRCPO,pg2,srcpo,n/a,s3,final,final,3,312,115,0.3685897435897436,5.052197781665041,29.336538461538463,nan,nan
SRCPO,pg2,srcpo,n/a,s2,final,final,3,312,109,0.34935897435897434,5.895059642141116,17.98397435897436,nan,nan
SRCPO,pg2,srcpo,n/a,s1,final,final,3,312,91,0.2916666666666667,4.6219503059887925,35.74038461538461,nan,nan
SRCPO,cg2,srcpo,n/a,s1,final,final,3,312,180,0.5769230769230769,9.568442945082724,17.05448717948718,nan,nan
SRCPO,cg2,srcpo,n/a,s2,final,final,3,312,151,0.483974358974359,7.485934197823037,27.55769230769231,nan,nan
SRCPO,cg2,srcpo,n/a,s3,final,final,3,312,173,0.5544871794871795,8.86063291488572,16.10897435897436,nan,nan
SRCPO,pb2,srcpo,n/a,s1,final,final,3,312,127,0.40705128205128205,0.3085043925792033,30.58974358974359,nan,nan
SRCPO,pb2,srcpo,n/a,s2,final,final,3,312,132,0.4230769230769231,0.08909067915552232,36.01282051282051,nan,nan
SRCPO,pb2,srcpo,n/a,s3,final,final,3,312,118,0.3782051282051282,0.7966878780320176,25.333333333333332,nan,nan
FDPI,cg2,fdpi002,pf.02,s3,final,995001,3,312,4,0.01282051282051282,2.8807945170497047,0.012820512820512822,0.04487179487179488,1.0
FDPI,pg2,fdpi002,pf.02,s3,final,995001,3,312,3,0.009615384615384616,2.9029681219530414,0.08012820512820513,0.13141025641025642,1.0
FDPI,cg2,fdpi05,pf.50,s3,final,995001,3,312,38,0.12179487179487179,21.41286568341629,0.3076923076923077,0.75,0.9967948717948718
FDPI,pg2,fdpi05,pf.50,s3,final,995001,3,312,21,0.0673076923076923,16.3370323711154,1.0769230769230769,1.2467948717948718,0.9967948717948718
FDPI,cp2,fdpi,n/a,s1,final,995001,3,312,9,0.028846153846153848,14.73066918857384,1.185897435897436,3.1153846153846154,0.9871794871794872
FDPI,cp2,fdpi,n/a,s2,final,995001,3,312,11,0.035256410256410256,14.430589865169935,2.0993589743589745,2.2211538461538463,0.9967948717948718
FDPI,cp2,fdpi,n/a,s3,final,995001,3,312,19,0.060897435897435896,14.053103022411506,3.4807692307692304,4.064102564102565,0.9871794871794872
FDPI,pp2,fdpi,n/a,s1,final,995001,3,312,2,0.00641025641025641,6.335640390386298,0.16987179487179485,0.1762820512820513,1.0
FDPI,pp2,fdpi,n/a,s2,final,995001,3,312,2,0.00641025641025641,7.069281958961821,0.23076923076923075,0.2371794871794872,0.9967948717948718
FDPI,pp2,fdpi,n/a,s3,final,995001,3,312,0,0.0,7.835228163620433,0.4615384615384615,0.4615384615384615,0.9871794871794872
SAC-Lag,cg2,lag002,lim.02,s3,final,995002,3,312,8,0.02564102564102564,23.281979937882657,25.769230769230774,25.810897435897434,0.625
SAC-Lag,pg2,lag002,lim.02,s3,final,995002,3,312,0,0.0,2.6595610253720854,0.0673076923076923,0.0673076923076923,1.0
SAC-Lag,cg2,lag05,lim.50,s3,final,995002,3,312,62,0.1987179487179487,28.512776204025172,37.57692307692307,37.894230769230774,0.42628205128205127
SAC-Lag,pg2,lag05,lim.50,s3,final,995002,3,312,25,0.08012820512820513,13.09810795950348,5.94551282051282,6.198717948717949,0.9358974358974358
SAC-Lag,cp2,lag,lagr,s1,final,995002,3,312,6,0.019230769230769232,10.322277162544855,2.301282051282051,2.6025641025641026,0.9839743589743589
SAC-Lag,cp2,lag,lagr,s2,final,995002,3,312,13,0.041666666666666664,10.345759863549118,4.006410256410256,5.003205128205129,0.9711538461538461
SAC-Lag,cp2,lag,lagr,s3,final,995002,3,312,8,0.02564102564102564,12.21824569056706,2.4230769230769234,2.503205128205128,0.9903846153846154
SAC-Lag,pp2,lag,lagr,s1,final,995002,3,312,3,0.009615384615384616,6.392999721718669,0.8044871794871794,1.4423076923076923,0.9903846153846154
SAC-Lag,pp2,lag,lagr,s2,final,995002,3,312,2,0.00641025641025641,5.747048981278115,0.5160256410256411,0.5288461538461539,0.9935897435897436
SAC-Lag,pp2,lag,lagr,s3,final,995002,3,312,0,0.0,3.5627519710739293,0.14102564102564105,0.14102564102564105,0.9967948717948718
SAC-Pen,pp2,pen20,coef20,s1,final,995002,3,312,5,0.016025641025641024,1.4475415400368223,0.2788461538461538,0.3141025641025641,0.9935897435897436
SAC-Pen,pp2,pen20,coef20,s2,final,995002,3,312,1,0.003205128205128205,1.441039993569313,0.14102564102564102,0.14423076923076925,1.0
SAC-Pen,pp2,pen20,coef20,s3,final,995002,3,312,3,0.009615384615384616,0.5370958939826566,0.0,0.028846153846153844,1.0
SAC-Pen,cp2,pen5,coef5,s1,final,995002,3,312,18,0.057692307692307696,13.021536156291504,10.157051282051283,11.057692307692307,0.923076923076923
SAC-Pen,cp2,pen5,coef5,s2,final,995002,3,312,7,0.022435897435897436,11.278518737571758,11.176282051282051,11.294871794871796,0.951923076923077
SAC-Pen,cp2,pen5,coef5,s3,final,995002,3,312,4,0.01282051282051282,12.623585058799208,4.365384615384616,4.948717948717949,0.9647435897435898
SAC-Pen,pp2,pen5,coef5,s1,final,995002,3,312,2,0.00641025641025641,12.964243017594958,4.625,4.634615384615384,0.9391025641025642
SAC-Pen,pp2,pen5,coef5,s2,final,995002,3,312,4,0.01282051282051282,10.48211299408195,2.580128205128205,2.5961538461538463,0.9647435897435898
SAC-Pen,pp2,pen5,coef5,s3,final,995002,3,312,5,0.016025641025641024,15.505819815367095,10.025641025641026,10.692307692307693,0.8333333333333334
SafeOT-typed,cp2,v1b,none,s1,final,995002,3,312,9,0.028846153846153848,13.630190338143512,2.727564102564102,2.8653846153846154,0.9807692307692308
SafeOT-typed,cp2,v1b,none,s2,final,995002,3,312,2,0.00641025641025641,14.655350732244974,9.977564102564102,9.990384615384615,0.9583333333333334
SafeOT-typed,cp2,v1b,none,s2,select,995002,2,208,2,0.009615384615384616,14.253696222337787,7.961538461538462,7.980769230769231,0.9759615384615384
SafeOT-typed,cp2,v1b,none,s3,final,995002,3,312,6,0.019230769230769232,14.981541071610545,10.105769230769232,10.291666666666666,0.9423076923076924
SafeOT-typed,pp2,v1b,none,s1,final,995002,3,312,2,0.00641025641025641,8.410639393290593,2.121794871794872,2.131410256410257,0.9775641025641025
SafeOT-typed,pp2,v1b,none,s2,final,995002,3,312,3,0.009615384615384616,10.352081880579894,5.846153846153847,5.862179487179488,0.9198717948717948
SafeOT-typed,pp2,v1b,none,s3,final,995002,3,312,5,0.016025641025641024,7.312674669652783,2.6891025641025643,2.7083333333333335,0.955128205128205
SafeOT-typed,cg2,v1c2,0.70,s3,final,995002,3,312,0,0.0,1.3151677250574265,0.4166666666666667,0.4166666666666667,0.9903846153846154
SafeOT-typed,pg2,v1c7,0.70,s3,final,995002,3,312,0,0.0,0.1611877486893267,0.0,0.0,1.0
SafeOT-typed,pp2,v1c9,0.90,s1,final,995002,3,312,1,0.003205128205128205,11.531051185604264,2.2596153846153846,2.2628205128205128,0.9775641025641025
SafeOT-typed,pp2,v1c9,0.90,s1,select,995002,2,208,1,0.004807692307692308,11.882771388737758,2.2980769230769234,2.3028846153846154,0.9807692307692308
SafeOT-typed,pp2,v1c9,0.90,s2,final,995002,3,312,3,0.009615384615384616,7.882931574651643,0.842948717948718,0.8525641025641025,0.983974358974359
SafeOT-typed,pp2,v1c9,0.90,s3,final,995002,3,312,0,0.0,5.993163223086914,0.5064102564102565,0.5064102564102565,0.9935897435897436
SafeOT-typed,cp2,v1c,0.80,s1,final,995002,3,312,1,0.003205128205128205,13.104010775728755,8.461538461538462,8.467948717948717,0.9455128205128206
SafeOT-typed,cp2,v1c,0.80,s1,select,995002,2,208,1,0.004807692307692308,13.08136099049496,8.721153846153847,8.73076923076923,0.9663461538461539
SafeOT-typed,cp2,v1c,0.80,s2,final,995002,3,312,1,0.003205128205128205,14.729135782068893,5.2243589743589745,5.262820512820514,0.9743589743589743
SafeOT-typed,cp2,v1c,0.80,s2,select,995002,2,208,1,0.004807692307692308,14.204860602565525,3.1394230769230766,3.1971153846153846,0.9759615384615384
SafeOT-typed,cp2,v1c,0.80,s3,final,995002,3,312,1,0.003205128205128205,12.085454169560874,2.128205128205128,2.1762820512820515,0.9871794871794872
SafeOT-typed,pp2,v1c,0.80,s1,final,995002,3,312,0,0.0,4.020553603960132,1.0416666666666667,1.0416666666666667,0.9935897435897436
SafeOT-typed,pp2,v1c,0.80,s2,final,995002,3,312,0,0.0,4.233780380162112,0.20833333333333334,0.20833333333333334,0.9967948717948718
SafeOT-typed,pp2,v1c,0.80,s3,final,995002,3,312,0,0.0,3.892319195989938,0.7564102564102564,0.7564102564102564,0.9967948717948718
SafeOT-typed,cg2,v1e65,0.65g,s3,final,995002,3,312,1,0.003205128205128205,10.171145926622449,10.644230769230768,10.647435897435898,0.8878205128205128
SafeOT-typed,pg2,v1e75,0.75g,s3,final,995002,3,312,3,0.009615384615384616,14.871380495123516,15.413461538461538,15.490384615384613,0.7564102564102564
SafeOT-typed,pp2,v1e75,0.75g,s1,final,995002,3,312,1,0.003205128205128205,6.937859715630709,1.5384615384615383,1.5416666666666667,0.9711538461538461
SafeOT-typed,pp2,v1e75,0.75g,s2,final,995002,3,312,0,0.0,7.273946608003096,0.7724358974358975,0.7724358974358975,0.9903846153846154
SafeOT-typed,pp2,v1e75,0.75g,s3,final,995002,3,312,0,0.0,6.893806249125618,1.1826923076923077,1.1826923076923077,0.983974358974359
SafeOT-typed,pp2,v1e7,0.70g,s1,final,995002,3,312,1,0.003205128205128205,5.759035472675191,0.2916666666666667,0.2948717948717949,0.9967948717948718
SafeOT-typed,pp2,v1e7,0.70g,s2,final,995002,3,312,0,0.0,6.5200238641636785,0.5993589743589743,0.5993589743589743,0.9935897435897436
SafeOT-typed,pp2,v1e7,0.70g,s3,final,995002,3,312,1,0.003205128205128205,6.805650375963984,4.0673076923076925,4.583333333333333,0.9391025641025642
SafeOT-typed,cg2,v1e7c10,0.70g/c.10,s3,final,995002,3,312,3,0.009615384615384616,12.717623555108448,0.5064102564102564,0.5224358974358975,0.9967948717948718
SafeOT-typed,cp2,v1e8,0.80g,s1,final,995002,3,312,7,0.022435897435897436,15.622044239571595,10.166666666666666,10.259615384615385,0.9455128205128206
SafeOT-typed,cp2,v1e8,0.80g,s2,final,995002,3,312,5,0.016025641025641024,15.22892400218796,7.461538461538463,7.721153846153847,0.9198717948717948
SafeOT-typed,cp2,v1e8,0.80g,s3,final,995002,3,312,5,0.016025641025641024,14.737076914811796,9.16025641025641,9.269230769230768,0.951923076923077
SafeOT-typed,pp2,v1e8,0.80g,s1,final,995002,3,312,1,0.003205128205128205,4.997168320475854,0.7628205128205128,0.7660256410256411,0.9935897435897436
SafeOT-typed,pp2,v1e8,0.80g,s2,final,995002,3,312,0,0.0,9.291176940251367,2.8942307692307696,2.8942307692307696,0.9711538461538461
SafeOT-typed,pp2,v1e8,0.80g,s3,final,995002,3,312,0,0.0,8.460913540009736,3.016025641025641,3.016025641025641,0.9551282051282052
SafeOT-typed,cg2,v1e8c10,0.80g/c.10,s3,final,995002,3,312,18,0.057692307692307696,20.439271919137994,1.1602564102564104,1.233974358974359,0.9967948717948718
SafeOT-typed,pg2,v1e8c10,0.80g/c.10,s3,final,995002,3,312,3,0.009615384615384616,11.83187803707608,0.6442307692307693,0.701923076923077,0.9935897435897436
SafeOT-typed,pp2,v1e8c10,0.80g/c.10,s1,final,995002,3,312,1,0.003205128205128205,7.882807516560814,0.7532051282051282,0.7628205128205128,0.9871794871794872
SafeOT-typed,pp2,v1e8c10,0.80g/c.10,s1,select,995002,2,208,1,0.004807692307692308,6.790907585791134,0.4807692307692307,0.4951923076923077,0.9951923076923077
SafeOT-typed,pp2,v1e8c10,0.80g/c.10,s2,final,995002,3,312,0,0.0,3.489134859497724,0.0673076923076923,0.0673076923076923,1.0
SafeOT-typed,pp2,v1e8c10,0.80g/c.10,s3,final,995002,3,312,0,0.0,6.512482953005072,0.358974358974359,0.358974358974359,0.9967948717948718
SafeOT-typed,pg2,v1e9,0.90g,s3,final,995002,3,312,14,0.04487179487179487,19.56660500403198,22.24358974358974,22.349358974358974,0.6314102564102564
SafeOT-typed,pb2,v1fW,geo.45/.60g,s1,final,995002,3,312,7,0.022435897435897436,-0.0818851465910811,4.163461538461538,4.493589743589744,0.9743589743589743
SafeOT-typed,pb2,v1fW,geo.45/.60g,s2,final,995002,3,312,3,0.009615384615384616,-0.1343554869933938,3.8557692307692313,4.096153846153846,0.9551282051282052
SafeOT-typed,pb2,v1fW,geo.45/.60g,s3,final,995002,3,312,2,0.00641025641025641,-0.12543075841440207,1.9391025641025639,1.9583333333333333,0.983974358974359
SafeOT-typed,pb2,v1f,geo.35/.50g,s1,final,995002,3,312,5,0.016025641025641024,0.05704065173634823,0.467948717948718,1.1666666666666667,0.983974358974359
SafeOT-typed,pb2,v1f,geo.35/.50g,s2,final,995002,3,312,1,0.003205128205128205,0.1752632178852981,0.8044871794871794,0.9038461538461539,0.9903846153846154
SafeOT-typed,pb2,v1f,geo.35/.50g,s3,final,995002,3,312,7,0.022435897435897436,-0.4751382442997403,1.153846153846154,1.3717948717948716,0.9807692307692308
SAC-Lag,cg1,lag,lagr,s1,final,995002,3,312,3,0.009615384615384616,31.833128345552836,0.1185897435897436,0.1185897435897436,0.9967948717948718
SAC-Lag,cg1,lag,lagr,s2,final,995002,3,312,3,0.009615384615384616,32.15910972553511,0.035256410256410256,0.035256410256410256,1.0
SAC-Lag,cg1,lag,lagr,s3,final,995002,3,312,7,0.022435897435897436,33.86331480050186,0.15064102564102563,0.15064102564102563,1.0
SAC-Lag,cp1,lag,lagr,s1,final,995002,3,312,4,0.01282051282051282,13.34770222483892,0.4294871794871795,0.4294871794871795,0.9967948717948718
SAC-Lag,cp1,lag,lagr,s2,final,995002,3,312,6,0.019230769230769232,8.833272279235876,2.355769230769231,2.355769230769231,0.9903846153846154
SAC-Lag,cp1,lag,lagr,s3,final,995002,3,312,4,0.01282051282051282,14.622042679872171,0.13141025641025642,0.13141025641025642,0.9967948717948718
SAC-Lag,pg1,lag,lagr,s1,final,995002,3,312,0,0.0,1.6923156112946698,0.0,0.0,1.0
SAC-Lag,pg1,lag,lagr,s2,final,995002,3,312,0,0.0,0.8663682345733769,0.0,0.0,1.0
SAC-Lag,pg1,lag,lagr,s3,final,995002,3,312,1,0.003205128205128205,1.2037408433487968,0.12179487179487179,0.12179487179487179,0.9967948717948718
SAC-Lag,pp1,lag,lagr,s1,final,995002,3,312,0,0.0,0.1650337833320405,0.0,0.0,1.0
SAC-Lag,pp1,lag,lagr,s2,final,995002,3,312,0,0.0,0.3512553665215758,0.0,0.0,1.0
SAC-Lag,pp1,lag,lagr,s3,final,995002,3,312,0,0.0,2.181144538983653,0.0,0.0,1.0
SAC-Pen,cg1,pen5,coef5,s1,final,995002,3,312,4,0.01282051282051282,27.08993143805098,0.08333333333333333,0.08333333333333333,1.0
SAC-Pen,cg1,pen5,coef5,s1,select,995002,2,208,3,0.014423076923076924,27.300408721749818,0.04807692307692308,0.04807692307692308,1.0
SAC-Pen,cg1,pen5,coef5,s2,final,995002,3,312,0,0.0,30.2585049084331,0.0,0.0,1.0
SAC-Pen,cg1,pen5,coef5,s3,final,995002,3,312,5,0.016025641025641024,28.194595135481944,0.08974358974358974,0.08974358974358974,1.0
SAC-Pen,cp1,pen5,coef5,s1,final,995002,3,312,2,0.00641025641025641,8.28803905485716,0.13141025641025642,0.13141025641025642,0.9967948717948718
SAC-Pen,cp1,pen5,coef5,s2,final,995002,3,312,0,0.0,6.719070327079905,0.0,0.0,1.0
SAC-Pen,cp1,pen5,coef5,s3,final,995002,3,312,3,0.009615384615384616,8.723016298245462,0.1185897435897436,0.1185897435897436,1.0
SAC-Pen,pg1,pen5,coef5,s1,final,995002,3,312,1,0.003205128205128205,2.9211845635269245,0.012820512820512822,0.012820512820512822,1.0
SAC-Pen,pg1,pen5,coef5,s1,select,995002,2,208,1,0.004807692307692308,2.825214105848587,0.019230769230769232,0.019230769230769232,1.0
SAC-Pen,pg1,pen5,coef5,s2,final,995002,3,312,11,0.035256410256410256,3.2097886984082193,0.32371794871794873,0.32371794871794873,1.0
SAC-Pen,pg1,pen5,coef5,s3,final,995002,3,312,0,0.0,5.348230640285448,0.0,0.0,1.0
SAC-Pen,pp1,pen5,coef5,s1,final,995002,3,312,1,0.003205128205128205,1.3885680445400246,0.04487179487179487,0.04487179487179487,1.0
SAC-Pen,pp1,pen5,coef5,s2,final,995002,3,312,2,0.00641025641025641,2.2287690379928615,0.1346153846153846,0.1346153846153846,1.0
SAC-Pen,pp1,pen5,coef5,s2,select,995002,2,208,1,0.004807692307692308,2.0640074322638364,0.11057692307692307,0.11057692307692307,1.0
SAC-Pen,pp1,pen5,coef5,s3,final,995002,3,312,10,0.03205128205128205,3.796199317774868,0.4551282051282051,0.4551282051282051,1.0
SAC-Pen,pp1,pen5,coef5,s3,select,995002,2,208,6,0.028846153846153848,3.6431989015963167,0.42788461538461536,0.42788461538461536,1.0
SafeOT-typed,cg1,v1b,none,s2,final,995002,1,104,1,0.009615384615384616,34.18103245064397,0.009615384615384616,0.009615384615384616,1.0
SafeOT-typed,cg1,v1b,none,s3,final,995002,3,312,3,0.009615384615384616,33.88331853582526,0.03205128205128205,0.03205128205128205,1.0
SafeOT-typed,cg1,v1b,none,s3,select,995002,2,208,1,0.004807692307692308,33.5652206810722,0.014423076923076924,0.014423076923076924,1.0
SafeOT-typed,pg1,v1b,none,s1,final,995002,1,104,5,0.04807692307692308,26.440602472236527,0.33653846153846156,0.33653846153846156,1.0
SafeOT-typed,pg1,v1b,none,s3,final,995002,3,312,8,0.02564102564102564,26.321146384683356,0.23076923076923075,0.23076923076923075,1.0
SafeOT-typed,cg1,v1c,0.80,s1,final,995002,3,312,0,0.0,9.358473952317956,0.0,0.0,1.0
SafeOT-typed,cg1,v1c,0.80,s2,final,995002,3,312,0,0.0,7.644584906341781,0.0,0.0,1.0
SafeOT-typed,cg1,v1c,0.80,s3,final,995002,3,312,0,0.0,9.160831631991472,0.0,0.0,1.0
SafeOT-typed,pg1,v1c,0.80,s3,final,995002,3,312,0,0.0,4.859469598633215,0.0,0.0,1.0
SafeOT-typed,cg1,v1e8,0.80g,s1,final,995002,3,312,0,0.0,20.76965335739577,0.0,0.0,1.0
SafeOT-typed,cg1,v1e8,0.80g,s2,final,995002,3,312,0,0.0,20.560655088439304,0.0,0.0,1.0
SafeOT-typed,cg1,v1e8,0.80g,s3,final,995002,3,312,0,0.0,19.830571111764474,0.0,0.0,1.0
SafeOT-typed,pg1,v1e8,0.80g,s3,final,995002,1,104,0,0.0,19.024149239841332,0.0,0.0,1.0
