env,seed,cycle,anchor,kernel,raw_reward,shaped_reward,penalty,joint,success,any_event,cost_mean,event,excess
DiagReachK2,180,6,1,sample_old,7.147847083693886,5.467486637941146,1.68036044575274,0.234375,0.421875,0.5,"[4.756527703255415, 4.424429984763265]","[0.375, 0.203125]","[0.08562252546350162, 0.038040030747652054]"
DiagReachK2,180,6,1,sample_shapedKL,6.834863008496905,5.99546680323183,0.839396205265075,0.3125,0.390625,0.3125,"[4.166149102151394, 3.92610701918602]","[0.21875, 0.09375]","[0.04875967899958293, 0.015279774864514668]"
DiagReachK2,180,6,1,sample_shapedW2,6.841266252834794,5.989796370070872,0.8514698827639222,0.296875,0.390625,0.328125,"[4.18015213124454, 3.935658731497824]","[0.21875, 0.109375]","[0.04937022055188815, 0.015611353019873302]"
DiagReachK2,180,6,1,sample_rawKL,7.566785625012199,5.1892236259929625,2.3775619990192354,0.25,0.484375,0.546875,"[5.428817888256162, 4.891025923192501]","[0.40625, 0.28125]","[0.12096235528588294, 0.054740894585847855]"
DiagReachK2,180,6,1,sample_rawW2,7.550299116685346,5.238036355278745,2.3122627614066005,0.25,0.484375,0.53125,"[5.43012661812827, 4.813885694369674]","[0.40625, 0.25]","[0.12122765804330506, 0.05047127480308215]"
DiagReachK2,180,6,1,det_old,9.17352299305312,9.17352299305312,0.0,1.0,1.0,0.0,"[5.223409414291382, 5.233588710427284]","[0.0, 0.0]","[0.0, 0.0]"
DiagReachK2,180,6,1,det_shapedKL,8.508314493596481,8.508314493596481,0.0,1.0,1.0,0.0,"[4.1911281645298, 4.426401115953922]","[0.0, 0.0]","[0.0, 0.0]"
DiagReachK2,180,6,1,det_shapedW2,8.529956273515563,8.529956273515563,0.0,1.0,1.0,0.0,"[4.21568713709712, 4.449899159371853]","[0.0, 0.0]","[0.0, 0.0]"
DiagReachK2,180,6,1,det_rawKL,9.266545915507596,8.935760551595013,0.3307853639125824,0.03125,1.0,0.96875,"[6.353061676025391, 5.972430124878883]","[0.96875, 0.359375]","[0.058968507995208114, 0.005740956713755924]"
DiagReachK2,180,6,1,det_rawW2,9.258951065756264,8.961949339762214,0.2970017259940505,0.03125,1.0,0.96875,"[6.34355016797781, 5.822382070124149]","[0.96875, 0.046875]","[0.057451313982407284, 0.0005041398108005524]"
DiagReachK2,180,18,3,sample_old,7.398415758393275,5.547867134332227,1.850548624061048,0.203125,0.4375,0.5,"[5.026460323482752, 4.851111969444901]","[0.359375, 0.28125]","[0.08151842281222346, 0.06696881974736851]"
DiagReachK2,180,18,3,sample_shapedKL,7.41802893871577,5.846512381119146,1.571516557596624,0.28125,0.46875,0.46875,"[5.184992577880621, 4.6364874094724655]","[0.390625, 0.21875]","[0.09305342659354211, 0.04117460673054059]"
DiagReachK2,180,18,3,sample_shapedW2,7.399560814983943,5.851037866696515,1.5485229482874274,0.296875,0.46875,0.453125,"[5.171149795874953, 4.599828427191824]","[0.390625, 0.203125]","[0.09311505407094954, 0.039347000420093536]"
DiagReachK2,180,18,3,sample_rawKL,7.566460599127573,5.04015156992839,2.526309029199183,0.1875,0.453125,0.609375,"[5.338943742215633, 5.1662110588513315]","[0.40625, 0.375]","[0.1016363687813282, 0.09189458812276521]"
DiagReachK2,180,18,3,sample_rawW2,7.566460599127573,5.04015156992839,2.526309029199183,0.1875,0.453125,0.609375,"[5.338943742215633, 5.1662110588513315]","[0.40625, 0.375]","[0.1016363687813282, 0.09189458812276521]"
DiagReachK2,180,18,3,det_old,9.218381102233252,9.216271004675946,0.0021100975573062897,0.953125,1.0,0.046875,"[5.723191291093826, 5.438160642981529]","[0.046875, 0.0]","[0.00042201951146125793, 0.0]"
DiagReachK2,180,18,3,det_shapedKL,9.167475508272766,9.131247004240869,0.03622850403189659,0.640625,1.0,0.359375,"[5.963472530245781, 5.300937302410603]","[0.359375, 0.0]","[0.007245698322852448, 0.0]"
DiagReachK2,180,18,3,det_shapedW2,9.156926532427313,9.124182432109954,0.03274410031735897,0.671875,1.0,0.328125,"[5.950094640254974, 5.269091971218586]","[0.328125, 0.0]","[0.006548823167880382, 0.0]"
DiagReachK2,180,18,3,det_rawKL,9.317946264077909,9.084828665968962,0.23311759810894728,0.046875,1.0,0.953125,"[6.2561071291565895, 5.874644711613655]","[0.953125, 0.234375]","[0.04333367943763734, 0.0025749802589416504]"
DiagReachK2,180,18,3,det_rawW2,9.317946264077909,9.084828665968962,0.23311759810894728,0.046875,1.0,0.953125,"[6.2561071291565895, 5.874644711613655]","[0.953125, 0.234375]","[0.04333367943763734, 0.0025749802589416504]"
DiagReachK2,186,6,6,sample_old,6.8116390349294305,5.443259274395859,1.3683797605335712,0.21875,0.34375,0.421875,"[5.066290519200265, 3.8500010878778994]","[0.34375, 0.171875]","[0.0853007473051548, 0.02722936496138573]"
DiagReachK2,186,6,6,sample_shapedKL,6.7700100030389425,5.5963735088345405,1.173636494204402,0.25,0.40625,0.40625,"[5.146221771836281, 3.5084132705815136]","[0.359375, 0.109375]","[0.0854260797301928, 0.014166312913099926]"
DiagReachK2,186,6,6,sample_shapedW2,6.738708189927321,5.602947872370761,1.13576031755656,0.25,0.4375,0.421875,"[5.166175744496286, 3.3736871141009033]","[0.375, 0.109375]","[0.0853476511935393, 0.010622219492991764]"
DiagReachK2,186,6,6,sample_rawKL,7.07920295545955,5.419384016526237,1.659818938933313,0.25,0.453125,0.453125,"[5.433658559806645, 4.038567103911191]","[0.390625, 0.15625]","[0.10504752770066261, 0.029238307227691013]"
DiagReachK2,186,6,6,sample_rawW2,7.091287218933212,5.522743419711697,1.5685437992215157,0.234375,0.453125,0.453125,"[5.405449001118541, 4.028413265943527]","[0.390625, 0.15625]","[0.10083531588315962, 0.028147431711355846]"
DiagReachK2,186,6,6,det_old,8.838208903280975,8.838208903280975,0.0,1.0,1.0,0.0,"[4.8702389150857925, 4.569185189902782]","[0.0, 0.0]","[0.0, 0.0]"
DiagReachK2,186,6,6,det_shapedKL,8.717899026949453,8.717899026949453,0.0,1.0,1.0,0.0,"[5.121165357530117, 4.001769360154867]","[0.0, 0.0]","[0.0, 0.0]"
DiagReachK2,186,6,6,det_shapedW2,8.657085063796512,8.657085063796512,0.0,1.0,1.0,0.0,"[5.167123518884182, 3.79357685521245]","[0.0, 0.0]","[0.0, 0.0]"
DiagReachK2,186,6,6,det_rawKL,9.048851472789103,9.048851472789103,0.0,1.0,1.0,0.0,"[5.573181539773941, 4.977156296372414]","[0.0, 0.0]","[0.0, 0.0]"
DiagReachK2,186,6,6,det_rawW2,9.059875948027912,9.059875948027912,0.0,1.0,1.0,0.0,"[5.4512083157896996, 4.966647207736969]","[0.0, 0.0]","[0.0, 0.0]"
DiagReachK2,186,18,8,sample_old,7.670678722104503,6.106014612494482,1.5646641096100211,0.28125,0.578125,0.5625,"[5.193780152127147, 5.270830442197621]","[0.3125, 0.359375]","[0.050942238420248045, 0.060067898283402116]"
DiagReachK2,186,18,8,sample_shapedKL,7.614684323432176,6.333836447099475,1.2808478763327003,0.3125,0.546875,0.484375,"[5.29277265816927, 5.022778037004173]","[0.3125, 0.21875]","[0.059385839849710464, 0.03681279843052228]"
DiagReachK2,186,18,8,sample_shapedW2,7.570377939239552,6.3579875550683935,1.212390384171158,0.34375,0.546875,0.453125,"[5.288908176124096, 4.9197171330451965]","[0.3125, 0.1875]","[0.06109820803006488, 0.031186538438002263]"
DiagReachK2,186,18,8,sample_rawKL,7.831941487097401,5.5029141323801465,2.3290273547172546,0.21875,0.53125,0.609375,"[5.5881254356354475, 5.496802262030542]","[0.375, 0.390625]","[0.08173771326740582, 0.0810571201145649]"
DiagReachK2,186,18,8,sample_rawW2,7.852438445240478,5.358951305076698,2.4934871401637793,0.21875,0.546875,0.625,"[5.668051332235336, 5.5335271446965635]","[0.390625, 0.390625]","[0.08879759411017099, 0.08506878713766734]"
DiagReachK2,186,18,8,det_old,9.121400808032924,9.119713484358364,0.0016873236745595932,0.953125,1.0,0.046875,"[5.42549142986536, 5.825340509414673]","[0.0, 0.046875]","[0.0, 0.0003374653557936362]"
DiagReachK2,186,18,8,det_shapedKL,9.02355998329076,9.02355998329076,0.0,1.0,1.0,0.0,"[5.451132126152515, 5.341589190065861]","[0.0, 0.0]","[0.0, 0.0]"
DiagReachK2,186,18,8,det_shapedW2,8.971607671108359,8.971607671108359,0.0,1.0,1.0,0.0,"[5.452704571187496, 5.194845221936703]","[0.0, 0.0]","[0.0, 0.0]"
DiagReachK2,186,18,8,det_rawKL,9.217678965469531,8.947763727446727,0.26991523802280426,0.0,1.0,1.0,"[6.06701236218214, 6.236486524343491]","[0.8125, 1.0]","[0.013592778394619632, 0.039414420723915086]"
DiagReachK2,186,18,8,det_rawW2,9.218711320306465,8.742142653088376,0.4765686672180891,0.0,1.0,1.0,"[6.202062502503395, 6.339491851627827]","[0.953125, 1.0]","[0.03388581424951553, 0.05658197527130446]"
DiagReachK2,187,6,11,sample_old,7.00750158187093,3.832189964783356,3.175311617087573,0.1875,0.34375,0.5625,"[5.353351533878595, 4.427783909253776]","[0.359375, 0.28125]","[0.15288369481762254, 0.06282042339444162]"
DiagReachK2,187,6,11,sample_shapedKL,6.823584253442277,4.716736671988656,2.1068475814536214,0.234375,0.359375,0.390625,"[4.812608581036329, 4.233267907984555]","[0.25, 0.203125]","[0.10215236494938533, 0.052479345351457596]"
DiagReachK2,187,6,11,sample_shapedW2,6.913952417218752,4.638376030618019,2.275576386600733,0.234375,0.34375,0.421875,"[4.92049819463864, 4.3603201187215745]","[0.28125, 0.21875]","[0.10668770720561345, 0.056905586272478104]"
DiagReachK2,187,6,11,sample_rawKL,7.316545339374335,3.534926344247998,3.781618995126337,0.140625,0.375,0.640625,"[5.713865272235125, 4.856140919029713]","[0.390625, 0.34375]","[0.17255515108505884, 0.08163542921344438]"
DiagReachK2,187,6,11,sample_rawW2,7.32359969740191,3.4059059967605165,3.9176937006413937,0.125,0.34375,0.625,"[5.82362200692296, 4.804988896474242]","[0.40625, 0.3125]","[0.18219728767871857, 0.07887878268957138]"
DiagReachK2,187,6,11,det_old,8.995967630614176,8.99562956051959,0.0003380700945854187,0.984375,1.0,0.015625,"[5.534303314983845, 5.375913552939892]","[0.015625, 0.0]","[6.761401891708374e-05, 0.0]"
DiagReachK2,187,6,11,det_shapedKL,8.768289372061552,8.768289372061552,0.0,1.0,1.0,0.0,"[4.761199474334717, 4.947928927838802]","[0.0, 0.0]","[0.0, 0.0]"
DiagReachK2,187,6,11,det_shapedW2,8.86230508043518,8.86230508043518,0.0,1.0,1.0,0.0,"[4.96426659822464, 5.205344319343567]","[0.0, 0.0]","[0.0, 0.0]"
DiagReachK2,187,6,11,det_rawKL,9.083658686943817,8.637371484294999,0.4462872026488185,0.0,1.0,1.0,"[6.2688358053565025, 6.1691616252064705]","[0.90625, 0.953125]","[0.04620219518740973, 0.028710188965002707]"
DiagReachK2,187,6,11,det_rawW2,9.047514441778185,8.55522524973494,0.49228919204324484,0.0,1.0,1.0,"[6.474050007760525, 6.042411617934704]","[0.984375, 0.640625]","[0.07910079633196193, 0.012116496761639915]"
DiagReachK2,187,18,13,sample_old,6.809095603105379,5.723717503872467,1.085378099232912,0.21875,0.359375,0.296875,"[4.387493742629886, 3.9679965348914266]","[0.265625, 0.09375]","[0.06983679408828417, 0.012865550816059113]"
DiagReachK2,187,18,13,sample_shapedKL,6.806671327407912,5.9433607048908925,0.8633106225170195,0.265625,0.375,0.28125,"[4.2847757251001894, 3.9554697340354323]","[0.25, 0.078125]","[0.05713827659686406, 0.012538962066173557]"
DiagReachK2,187,18,13,sample_shapedW2,6.832786826302072,5.954942549464067,0.8778442768380046,0.296875,0.40625,0.28125,"[4.325684030074626, 3.970171643886715]","[0.25, 0.078125]","[0.05848544463515282, 0.012574532379706703]"
DiagReachK2,187,18,13,sample_rawKL,7.077116212039437,5.705949561833586,1.3711666502058506,0.265625,0.421875,0.375,"[5.010004678275436, 3.8525582845322788]","[0.34375, 0.09375]","[0.09229610363642375, 0.010914878298838929]"
DiagReachK2,187,18,13,sample_rawW2,7.072410864269204,5.741088892312564,1.3313219719566405,0.25,0.40625,0.359375,"[4.932112539652735, 3.9248140971176326]","[0.328125, 0.09375]","[0.0885338125129541, 0.012148415048917137]"
DiagReachK2,187,18,13,det_old,8.386938470868984,8.386938470868984,0.0,1.0,1.0,0.0,"[3.9066483192145824, 4.768813259899616]","[0.0, 0.0]","[0.0, 0.0]"
DiagReachK2,187,18,13,det_shapedKL,8.521537360564594,8.521537360564594,0.0,1.0,1.0,0.0,"[4.146740864962339, 4.817968666553497]","[0.0, 0.0]","[0.0, 0.0]"
DiagReachK2,187,18,13,det_shapedW2,8.549448132543056,8.549448132543056,0.0,1.0,1.0,0.0,"[4.222339536994696, 4.837945729494095]","[0.0, 0.0]","[0.0, 0.0]"
DiagReachK2,187,18,13,det_rawKL,8.632673222398807,8.632673222398807,0.0,1.0,1.0,0.0,"[5.203600786626339, 4.594229720532894]","[0.0, 0.0]","[0.0, 0.0]"
DiagReachK2,187,18,13,det_rawW2,8.680957675523313,8.680957675523313,0.0,1.0,1.0,0.0,"[5.058722093701363, 4.72984903305769]","[0.0, 0.0]","[0.0, 0.0]"
DiagReachK3,180,6,16,sample_old,7.166730708031264,6.089815415961948,1.076915292069316,0.328125,0.390625,0.296875,"[5.453156443312764, 4.203241868875921, 8.506568416953087]","[0.203125, 0.125, 0.09375]","[0.043640249541827617, 0.021706911233755257, 0.014963642358779908]"
DiagReachK3,180,6,16,sample_shapedKL,7.328300784271141,6.497077714580973,0.8312230696901679,0.34375,0.421875,0.265625,"[5.461124761030078, 4.44307223148644, 8.775805581361055]","[0.171875, 0.125, 0.078125]","[0.03313228275094713, 0.01979300609001746, 0.01199487090110779]"
DiagReachK3,180,6,16,sample_shapedW2,7.290414718498233,6.530282630172314,0.7601320883259177,0.359375,0.421875,0.21875,"[5.42408356629312, 4.316538009792566, 8.607439212501049]","[0.15625, 0.09375, 0.078125]","[0.031746956918920786, 0.017418546172288746, 0.010649926662445072]"
DiagReachK3,180,6,16,sample_rawKL,7.492490771841039,6.1948904559572835,1.2976003158837557,0.3125,0.40625,0.359375,"[5.888129910454154, 4.59212507866323, 9.331860583275557]","[0.21875, 0.171875, 0.125]","[0.05121778058154242, 0.026241858418171227, 0.018114476203918456]"
DiagReachK3,180,6,16,sample_rawW2,7.519012480702986,6.222111974571635,1.296900506131351,0.3125,0.40625,0.359375,"[5.893860440701246, 4.641956053674221, 9.389045797288418]","[0.21875, 0.171875, 0.125]","[0.05053821525403431, 0.02692869878732241, 0.0181075406074524]"
DiagReachK3,180,6,16,det_old,8.961913191020722,8.961816966772313,9.622424840927124e-05,0.96875,1.0,0.03125,"[6.648989863693714, 4.563095308840275, 10.211401522159576]","[0.03125, 0.0, 0.0]","[1.9244849681854248e-05, 0.0, 0.0]"
DiagReachK3,180,6,16,det_shapedKL,8.948361760190163,8.948361760190163,0.0,1.0,1.0,0.0,"[6.491685353219509, 5.026609718799591, 10.518636748194695]","[0.0, 0.0, 0.0]","[0.0, 0.0, 0.0]"
DiagReachK3,180,6,16,det_shapedW2,8.873034223022113,8.873034223022113,0.0,1.0,1.0,0.0,"[6.390447899699211, 4.799448899924755, 10.192161843180656]","[0.0, 0.0, 0.0]","[0.0, 0.0, 0.0]"
DiagReachK3,180,6,16,det_rawKL,9.09327705873584,8.940984369427316,0.15229268930852413,0.03125,1.0,0.96875,"[7.210310153663158, 4.912690855562687, 11.101452216506004]","[0.96875, 0.0, 0.0]","[0.030277514031955173, 0.0, 0.0]"
DiagReachK3,180,6,16,det_rawW2,9.076227483431284,8.925701815726642,0.15052566770464182,0.03125,1.0,0.96875,"[7.208125717937946, 4.95014388859272, 11.131062358617783]","[0.96875, 0.0, 0.0]","[0.02997005305119923, 0.0, 0.0]"
DiagReachK3,180,18,18,sample_old,7.365459115548765,6.190715879506206,1.1747432360425591,0.25,0.390625,0.453125,"[5.59639067389071, 4.766339939553291, 9.173339862376451]","[0.203125, 0.265625, 0.109375]","[0.04068665099995476, 0.039965044993620635, 0.012085157632827762]"
DiagReachK3,180,18,18,sample_shapedKL,7.3233911338084905,6.53436419915497,0.7890269346535206,0.25,0.390625,0.359375,"[5.467305140569806, 4.624296327121556, 8.878522980958223]","[0.140625, 0.234375, 0.0625]","[0.03083769338471549, 0.030572360524764433, 0.006275316476821901]"
DiagReachK3,180,18,18,sample_shapedW2,7.357998665790365,6.521046574595676,0.8369520911946893,0.265625,0.40625,0.359375,"[5.488316673785448, 4.7063674461096525, 8.992247007787228]","[0.140625, 0.234375, 0.0625]","[0.031469082193715234, 0.03274201315182906, 0.006916831731796264]"
DiagReachK3,180,18,18,sample_rawKL,7.522565685385462,5.992802027785775,1.5297636575996876,0.234375,0.40625,0.5,"[5.835954371839762, 5.0110306311398745, 9.688866276293993]","[0.265625, 0.28125, 0.15625]","[0.04680920498711723, 0.05066305169692406, 0.017917945384979244]"
DiagReachK3,180,18,18,sample_rawW2,7.534805237122691,5.942623562917925,1.5921816742047668,0.234375,0.421875,0.515625,"[5.9003521502017975, 4.999293413944542, 9.733705576509237]","[0.28125, 0.28125, 0.15625]","[0.0501405554158347, 0.05158638037168063, 0.01857228875160217]"
DiagReachK3,180,18,18,det_old,9.330756811497121,9.330756811497121,0.0,1.0,1.0,0.0,"[6.345920845866203, 5.625982105731964, 10.970885783433914]","[0.0, 0.0, 0.0]","[0.0, 0.0, 0.0]"
DiagReachK3,180,18,18,det_shapedKL,9.26323282085741,9.26323282085741,0.0,1.0,1.0,0.0,"[5.983535565435886, 5.019715256989002, 10.003135070204735]","[0.0, 0.0, 0.0]","[0.0, 0.0, 0.0]"
DiagReachK3,180,18,18,det_shapedW2,9.302663925062916,9.302663925062916,0.0,1.0,1.0,0.0,"[5.999708533287048, 5.156551726162434, 10.155979230999947]","[0.0, 0.0, 0.0]","[0.0, 0.0, 0.0]"
DiagReachK3,180,18,18,det_rawKL,9.586186272762234,9.581246509886796,0.0049397628754377365,0.90625,1.0,0.09375,"[6.569199822843075, 6.3539469838142395, 11.91883671283722]","[0.0, 0.09375, 0.0]","[0.0, 0.0009879538646111116, 0.0]"
DiagReachK3,180,18,18,det_rawW2,9.607074707795642,9.601863892798088,0.005210814997553825,0.890625,1.0,0.109375,"[6.651246502995491, 6.35299027711153, 11.997645124793053]","[0.0, 0.109375, 0.0]","[0.0, 0.0010421642890343329, 0.0]"
DiagReachK3,186,6,21,sample_old,7.329859566590767,5.978265023506265,1.3515945430845022,0.1875,0.359375,0.375,"[5.786909371614456, 4.327656501438469, 8.941635951399803]","[0.3125, 0.15625, 0.15625]","[0.04658609522240503, 0.027996781926888682, 0.024451909065246583]"
DiagReachK3,186,6,21,sample_shapedKL,7.358814582736886,6.024445819245375,1.3343687634915113,0.125,0.3125,0.40625,"[5.831753171980381, 4.368141009006649, 9.00224980339408]","[0.296875, 0.171875, 0.15625]","[0.04916259859289443, 0.02549808873580052, 0.021963386535644534]"
DiagReachK3,186,6,21,sample_shapedW2,7.394515110219071,5.964696721213112,1.429818389005959,0.140625,0.328125,0.40625,"[5.856240596622229, 4.488580866716802, 9.145836304873228]","[0.296875, 0.171875, 0.15625]","[0.05041873561484472, 0.028799936175346375, 0.023090777397155763]"
DiagReachK3,186,6,21,sample_rawKL,7.624333994274684,5.736753376943716,1.8875806173309684,0.171875,0.359375,0.46875,"[6.041196208447218, 4.884495607111603, 9.762727327644825]","[0.359375, 0.296875, 0.234375]","[0.0497794970870018, 0.04881314818675702, 0.03472196340560913]"
DiagReachK3,186,6,21,sample_rawW2,7.7326923809585715,5.575035444052293,2.157656936906278,0.1875,0.375,0.46875,"[6.220182284712791, 5.006770782638341, 10.06004212424159]","[0.359375, 0.296875, 0.28125]","[0.05648210964032582, 0.054724881282219515, 0.040026184320449826]"
DiagReachK3,186,6,21,det_old,9.276983888932545,9.276983888932545,0.0,1.0,1.0,0.0,"[6.541582822799683, 4.807237766683102, 10.328074142336845]","[0.0, 0.0, 0.0]","[0.0, 0.0, 0.0]"
DiagReachK3,186,6,21,det_shapedKL,9.248187014699488,9.248187014699488,0.0,1.0,1.0,0.0,"[6.537205100059509, 4.634142749011517, 10.112833231687546]","[0.0, 0.0, 0.0]","[0.0, 0.0, 0.0]"
DiagReachK3,186,6,21,det_shapedW2,9.299684616432204,9.299684616432204,0.0,1.0,1.0,0.0,"[6.553311720490456, 4.804852724075317, 10.28666304051876]","[0.0, 0.0, 0.0]","[0.0, 0.0, 0.0]"
DiagReachK3,186,6,21,det_rawKL,9.49095938433311,9.49087294828496,8.643604815006256e-05,0.984375,1.0,0.015625,"[6.785588003695011, 5.887178331613541, 11.618832662701607]","[0.015625, 0.0, 0.0]","[1.7287475722178175e-05, 0.0, 0.0]"
DiagReachK3,186,6,21,det_rawW2,9.558242242055531,9.528252174350019,0.029990067705512047,0.46875,1.0,0.53125,"[6.99731270223856, 6.090202823281288, 12.012461334466934]","[0.53125, 0.0, 0.0]","[0.005998014339378906, 0.0, 0.0]"
DiagReachK3,186,18,23,sample_old,8.035657013558739,6.4423727093049825,1.593284304253757,0.34375,0.5625,0.40625,"[6.2914256490767, 5.306094292551279, 10.431656561791897]","[0.265625, 0.265625, 0.25]","[0.047206816928727274, 0.04253541850126706, 0.02368188142776489]"
DiagReachK3,186,18,23,sample_shapedKL,8.180996799745936,6.467565119636584,1.7134316801093519,0.28125,0.59375,0.515625,"[6.646483846008778, 5.3348290622234344, 10.806713879108429]","[0.4375, 0.25, 0.265625]","[0.05735664708273751, 0.038510361543068514, 0.026881631612777707]"
DiagReachK3,186,18,23,sample_shapedW2,8.19844943501521,6.462691941135563,1.735757493879646,0.265625,0.609375,0.5625,"[6.7478042319417, 5.263218574225903, 10.830545879900455]","[0.515625, 0.25, 0.265625]","[0.06258765288761683, 0.03555979063877693, 0.02680025458335876]"
DiagReachK3,186,18,23,sample_rawKL,8.321895987278095,5.834129507670424,2.4877664796076715,0.21875,0.53125,0.609375,"[6.894764609634876, 5.64978052303195, 11.368557073175907]","[0.53125, 0.328125, 0.34375]","[0.07640223950147629, 0.05812511306542617, 0.043885538578033456]"
DiagReachK3,186,18,23,sample_rawW2,8.406267975234368,5.645541854911426,2.7607261203229427,0.171875,0.578125,0.671875,"[7.009924806654453, 5.789095837622881, 11.623878188431263]","[0.578125, 0.375, 0.390625]","[0.08423269114324025, 0.06345561146736145, 0.049670635461807264]"
DiagReachK3,186,18,23,det_old,9.443274546607244,9.443274546607244,0.0,1.0,1.0,0.0,"[6.7154135927557945, 6.205691799521446, 11.830190643668175]","[0.0, 0.0, 0.0]","[0.0, 0.0, 0.0]"
DiagReachK3,186,18,23,det_shapedKL,9.580288957133508,9.480635206475473,0.09965375065803528,0.0625,1.0,0.9375,"[7.122421704232693, 6.144196197390556, 12.160530030727386]","[0.9375, 0.0, 0.0]","[0.01829502092940467, 0.0, 0.0]"
DiagReachK3,186,18,23,det_shapedW2,9.575722705139015,9.380529982535336,0.1951927226036787,0.03125,1.0,0.96875,"[7.217724874615669, 6.009975500404835, 12.117612019181252]","[0.96875, 0.0, 0.0]","[0.031243999089513516, 0.0, 0.0]"
DiagReachK3,186,18,23,det_rawKL,9.762242000919287,8.886687222306136,0.8755547786131501,0.0,1.0,1.0,"[7.426757790148258, 6.6760422214865685, 13.001138135790825]","[1.0, 0.96875, 1.0]","[0.06096539859260831, 0.027162547294910133, 0.04009105086326598]"
DiagReachK3,186,18,23,det_rawW2,9.771925317347268,8.581504611522178,1.1904207058250904,0.0,1.0,1.0,"[7.471522726118565, 6.763145871460438, 13.134223237633705]","[1.0, 1.0, 1.0]","[0.06736038944550923, 0.04048398022468274, 0.050737859010696384]"
DiagReachK3,187,6,26,sample_old,7.108721262027757,5.691962623221116,1.416758638806641,0.21875,0.359375,0.421875,"[5.171117735560983, 4.850458085536957, 8.741540886461735]","[0.21875, 0.25, 0.078125]","[0.04714318897042955, 0.04595430768453157, 0.01302648067474365]"
DiagReachK3,187,6,26,sample_shapedKL,6.869819054645722,5.969846921307271,0.8999721333384514,0.203125,0.296875,0.296875,"[4.946999087464064, 4.183059638366103, 7.847024112939835]","[0.1875, 0.125, 0.03125]","[0.040862528341157105, 0.020268476926363427, 0.006903885602951049]"
DiagReachK3,187,6,26,sample_shapedW2,6.9778714083860915,5.978423276616196,0.9994481317698956,0.203125,0.328125,0.359375,"[5.073428346309811, 4.362882756628096, 8.135384660214186]","[0.203125, 0.171875, 0.046875]","[0.04428098563637052, 0.023150629722155057, 0.007433178424835204]"
DiagReachK3,187,6,26,sample_rawKL,7.518233194001095,5.442752482354717,2.075480711646378,0.21875,0.359375,0.53125,"[6.101750988513231, 5.198326427489519, 10.03257267922163]","[0.3125, 0.3125, 0.21875]","[0.07778027653694151, 0.053733676671981825, 0.02313468813896179]"
DiagReachK3,187,6,26,sample_rawW2,7.449621868632084,5.5642458408468425,1.8853760277852416,0.1875,0.328125,0.484375,"[5.931501944549382, 5.115878462791443, 9.777853075414896]","[0.28125, 0.265625, 0.171875]","[0.07097510993480681, 0.05022152226704818, 0.019422217607498175]"
DiagReachK3,187,6,26,det_old,9.143402415071614,9.143402415071614,0.0,1.0,1.0,0.0,"[6.116341009736061, 5.769724577665329, 10.831802412867546]","[0.0, 0.0, 0.0]","[0.0, 0.0, 0.0]"
DiagReachK3,187,6,26,det_shapedKL,8.478397648962709,8.478397648962709,0.0,1.0,1.0,0.0,"[5.5441048964858055, 4.329331263899803, 8.84363305568695]","[0.0, 0.0, 0.0]","[0.0, 0.0, 0.0]"
DiagReachK3,187,6,26,det_shapedW2,8.735055799501424,8.735055799501424,0.0,1.0,1.0,0.0,"[5.797208547592163, 4.650844119489193, 9.415830507874489]","[0.0, 0.0, 0.0]","[0.0, 0.0, 0.0]"
DiagReachK3,187,6,26,det_rawKL,9.283095142774982,8.264055616193218,1.0190395265817642,0.0,0.984375,1.0,"[7.894753620028496, 6.178744286298752, 12.952620893716812]","[1.0, 0.015625, 1.0]","[0.12782194571835656, 2.054297007047373e-05, 0.036209671497344983]"
DiagReachK3,187,6,26,det_rawW2,9.243989353787036,8.789594899650545,0.4543944541364908,0.0,1.0,1.0,"[7.56048559397459, 6.0108354315161705, 12.458699360489845]","[1.0, 0.0, 0.453125]","[0.0800693705677986, 0.0, 0.004713482856750495]"
DiagReachK3,187,18,28,sample_old,7.548754225973061,5.584002525102369,1.9647517008706927,0.3125,0.515625,0.46875,"[5.412209109403193, 5.488257423043251, 9.600483189336956]","[0.28125, 0.3125, 0.265625]","[0.05879158526659012, 0.0675064302407778, 0.033495833873748784]"
DiagReachK3,187,18,28,sample_shapedKL,7.485492629852001,6.134819043721858,1.3506735861301422,0.3125,0.515625,0.421875,"[5.207522985525429, 5.275816258043051, 9.192726136185229]","[0.234375, 0.28125, 0.171875]","[0.04530691249029978, 0.0504866551894408, 0.01775775194168091]"
DiagReachK3,187,18,28,sample_shapedW2,7.472733298129702,6.223879239335025,1.2488540587946773,0.3125,0.515625,0.421875,"[5.165321269072592, 5.234627414494753, 9.116814658045769]","[0.21875, 0.28125, 0.171875]","[0.042429495070661814, 0.04770375673587506, 0.015705857276916504]"
DiagReachK3,187,18,28,sample_rawKL,7.889436437856693,5.064956635345061,2.8244798025116324,0.265625,0.53125,0.53125,"[5.739714794792235, 6.110045785084367, 10.52661643922329]","[0.28125, 0.421875, 0.3125]","[0.06748413507427489, 0.09478660500966585, 0.048998667001724235]"
DiagReachK3,187,18,28,sample_rawW2,7.896368259562405,5.199862232430132,2.6965060271322727,0.265625,0.53125,0.515625,"[5.7649232391268015, 6.038048256188631, 10.492673046886921]","[0.28125, 0.390625, 0.3125]","[0.06838682187455039, 0.08846214184394253, 0.04702443480491639]"
DiagReachK3,187,18,28,det_old,9.438356812405981,9.436008231076993,0.0023485813289880753,0.9375,1.0,0.0625,"[6.701213613152504, 6.311410613358021, 11.907858416438103]","[0.03125, 0.046875, 0.0]","[0.0002523724521909451, 0.0002173448984439559, 0.0]"
DiagReachK3,187,18,28,det_shapedKL,9.314160527967033,9.314160527967033,0.0,1.0,1.0,0.0,"[6.214341066777706, 5.797612063586712, 10.91549700498581]","[0.0, 0.0, 0.0]","[0.0, 0.0, 0.0]"
DiagReachK3,187,18,28,det_shapedW2,9.30138760630798,9.30138760630798,0.0,1.0,1.0,0.0,"[6.108681820333004, 5.738003872334957, 10.755338564515114]","[0.0, 0.0, 0.0]","[0.0, 0.0, 0.0]"
DiagReachK3,187,18,28,det_rawKL,9.717261568632965,8.651151327406113,1.066110241226852,0.0,1.0,1.0,"[7.100176267325878, 7.030673757195473, 12.977800577878952]","[0.78125, 1.0, 1.0]","[0.01692046118634088, 0.0816421164916112, 0.03822404623031616]"
DiagReachK3,187,18,28,det_rawW2,9.705406771425622,8.941564848099368,0.7638419233262539,0.0,1.0,1.0,"[7.118653669953346, 6.899771846830845, 12.86674727499485]","[0.78125, 1.0, 0.984375]","[0.01902986211436136, 0.06150336105089921, 0.029346894025802612]"
