job,env,seed,arm,reward,success,joint,any_event,actual_steps,eval_steps,model_queries,model_transitions,seconds,effective_updates,pathwise_installations,PPO_installations,solver_recovery,query_exhaustion,cost0,event0,excess0,cost1,event1,excess1,cost2,event2,excess2
development_DiagReachK2_s180_DM,DiagReachK2,180,DM,9.086412495584804,1.0,1.0,0.0,12000,3744,384,92160,36.215315103530884,3,1,2,0,0,5.2155367242984285,0.0,0.0,4.949634921856416,0.0,0.0,,,
development_DiagReachK2_s180_DT,DiagReachK2,180,DT,9.494717745890412,1.0,0.9134615384615384,0.08653846153846154,12000,3744,317,76080,119.3383469581604,10,7,3,0,0,5.678835728229621,0.02564102564102564,0.00036971895103780656,5.7831921225939045,0.060897435897435896,0.00045438811310336,,,
development_DiagReachK2_s180_SM,DiagReachK2,180,SM,9.325999275572263,1.0,0.9967948717948718,0.003205128205128205,12000,3744,342,82080,36.90336275100708,5,2,3,0,0,5.745333972649696,0.003205128205128205,5.690460531120863e-06,5.6162763222669945,0.0,0.0,,,
development_DiagReachK2_s180_ST,DiagReachK2,180,ST,9.17522913926372,1.0,1.0,0.0,12000,3744,1838,441120,974.9229967594147,3,0,3,22,1,5.235887165252979,0.0,0.0,5.255769590536754,0.0,0.0,,,
development_DiagReachK2_s186_DM,DiagReachK2,186,DM,8.900919069966617,1.0,0.9903846153846154,0.009615384615384616,12000,3744,337,80880,35.24776554107666,7,3,4,0,0,5.66543681652118,0.009615384615384616,0.00013429257604810973,4.873511337316954,0.0,0.0,,,
development_DiagReachK2_s186_DT,DiagReachK2,186,DT,9.372246035301345,1.0,0.9871794871794872,0.01282051282051282,12000,3744,251,60240,110.81126689910889,8,6,2,0,0,5.547841501541627,0.003205128205128205,3.4671563368577226e-05,5.791726175027016,0.009615384615384616,4.672341876559835e-05,,,
development_DiagReachK2_s186_SM,DiagReachK2,186,SM,9.214076451137167,1.0,0.9839743589743589,0.016025641025641024,12000,3744,357,85680,40.870497941970825,7,1,6,0,0,5.316050885579525,0.0,0.0,5.7899266084035235,0.016025641025641024,5.876584949656406e-05,,,
development_DiagReachK2_s186_ST,DiagReachK2,186,ST,8.898005205502237,1.0,0.9583333333333334,0.041666666666666664,12000,3744,2418,580320,1237.8295040130615,6,0,6,23,2,5.7972562068547955,0.041666666666666664,0.00028867013434059717,4.550665529874655,0.0,0.0,,,
development_DiagReachK2_s187_DM,DiagReachK2,187,DM,8.994914557128094,1.0,0.9935897435897436,0.00641025641025641,12000,3744,318,76320,45.42519927024841,1,0,1,0,0,5.479942109340277,0.00641025641025641,6.0258767543694914e-05,5.352757533391316,0.0,0.0,,,
development_DiagReachK2_s187_DT,DiagReachK2,187,DT,9.428437853862757,1.0,0.9519230769230769,0.04807692307692308,12000,3744,261,62640,108.0492696762085,4,4,0,0,0,5.644057741531959,0.04487179487179487,0.0005796490571437738,5.675382375717163,0.003205128205128205,5.4762404189148185e-06,,,
development_DiagReachK2_s187_SM,DiagReachK2,187,SM,8.994914557128094,1.0,0.9935897435897436,0.00641025641025641,12000,3744,365,87600,38.548986196517944,1,0,1,0,0,5.479942109340277,0.00641025641025641,6.0258767543694914e-05,5.352757533391316,0.0,0.0,,,
development_DiagReachK2_s187_ST,DiagReachK2,187,ST,8.994914557128094,1.0,0.9935897435897436,0.00641025641025641,12000,3744,1643,394320,655.212867975235,1,0,1,25,0,5.479942109340277,0.00641025641025641,6.0258767543694914e-05,5.352757533391316,0.0,0.0,,,
development_DiagReachK3_s180_DM,DiagReachK3,180,DM,9.44747556165447,1.0,0.9134615384615384,0.08653846153846154,12000,3744,1012,242880,92.9413070678711,11,6,5,1,0,6.312227212465727,0.0,0.0,6.312219049686041,0.08653846153846154,0.0008487637931778599,11.583265295395485,0.0,0.0
development_DiagReachK3_s180_DT,DiagReachK3,180,DT,9.754376488112552,1.0,0.875,0.125,12000,3744,599,143760,403.74867510795593,11,8,3,0,0,6.7193232881717195,0.02564102564102564,0.0002568789890834251,6.326684039372664,0.10897435897435898,0.000856057426633215,12.03095458409725,0.01282051282051282,6.73685318384415e-05
development_DiagReachK3_s180_SM,DiagReachK3,180,SM,9.383095679116938,1.0,0.9935897435897436,0.00641025641025641,12000,3744,577,138480,90.38655805587769,7,2,5,0,0,5.713897289373936,0.0,0.0,6.194499159470583,0.00641025641025641,2.3520909822904148e-05,10.84515570065914,0.0,0.0
development_DiagReachK3_s180_ST,DiagReachK3,180,ST,9.444564088253463,1.0,1.0,0.0,12000,3744,2381,571440,1393.2358493804932,7,1,6,19,3,6.282715589572222,0.0,0.0,5.803362146402017,0.0,0.0,11.009337147076925,0.0,0.0
development_DiagReachK3_s186_DM,DiagReachK3,186,DM,9.507703334445958,1.0,0.9903846153846154,0.009615384615384616,12000,3744,674,161760,55.83159375190735,5,0,5,0,0,6.7210294390336065,0.009615384615384616,9.267561601631777e-05,5.916236483133757,0.0,0.0,11.587635407081017,0.0,0.0
development_DiagReachK3_s186_DT,DiagReachK3,186,DT,9.162554076831233,1.0,1.0,0.0,12000,3744,927,222480,481.5623209476471,14,10,4,0,0,5.918920547534258,0.0,0.0,5.674158463111291,0.0,0.0,10.50268558661143,0.0,0.0
development_DiagReachK3_s186_SM,DiagReachK3,186,SM,9.502340181920104,1.0,1.0,0.0,12000,3744,569,136560,65.36106657981873,5,2,3,0,0,6.531867514818143,0.0,0.0,6.134404614949838,0.0,0.0,11.60937413191184,0.0,0.0
development_DiagReachK3_s186_ST,DiagReachK3,186,ST,9.507703334445958,1.0,0.9903846153846154,0.009615384615384616,12000,3744,2504,600960,1463.735078573227,5,0,5,18,5,6.7210294390336065,0.009615384615384616,9.267561601631777e-05,5.916236483133757,0.0,0.0,11.587635407081017,0.0,0.0
development_DiagReachK3_s187_DM,DiagReachK3,187,DM,9.369375688729102,1.0,0.9967948717948718,0.003205128205128205,12000,3744,660,158400,64.75643181800842,3,0,3,0,0,5.290299027394026,0.0,0.0,6.218068975668687,0.003205128205128205,2.2416989478835936e-06,10.391476704524113,0.0,0.0
development_DiagReachK3_s187_DT,DiagReachK3,187,DT,9.847567997624672,1.0,0.9519230769230769,0.04807692307692308,12000,3744,465,111600,255.3881778717041,9,9,0,0,0,6.861048927673926,0.04487179487179487,0.00023173259728120755,6.347048580646515,0.016025641025641024,7.511737078604635e-05,12.105844470170828,0.003205128205128205,7.174565241886877e-06
development_DiagReachK3_s187_SM,DiagReachK3,187,SM,9.384863485018604,1.0,1.0,0.0,12000,3744,589,141360,56.45925235748291,3,0,3,0,0,6.520845148807917,0.0,0.0,5.53898553053538,0.0,0.0,11.0043588357094,0.0,0.0
development_DiagReachK3_s187_ST,DiagReachK3,187,ST,9.384863485018604,1.0,1.0,0.0,12000,3744,2242,538080,1401.9453711509705,3,0,3,23,2,6.520845148807917,0.0,0.0,5.53898553053538,0.0,0.0,11.0043588357094,0.0,0.0
