task,algo,budget,steps,n,min_epochs,train_R,train_R_se,train_C,train_C_se,cumviol,eval_R,eval_R_se,eval_C,eval_C_se,n_eval,feasible_seeds,seeds,seed_rule
SafetyAntVelocity-v1,cpo,25.0,2000000,5,100,2373.7035352868857,29.75502726883438,22.858341904761904,1.7250437492571733,227.05140204418922,2619.3518053953203,54.133710354338,4.773333333333333,3.6618665550053384,5,5/5,0;1;2;3;4,earliest_complete_attempt
SafetyAntVelocity-v1,cpo,25.0,10000000,3,500,2964.045134917849,144.33676361088192,19.919346608946608,1.1746014241955332,1049.8831692815932,2996.956526511094,157.1447098443848,7.411111111111111,2.717933129020499,3,3/3,0;1;2,earliest_complete_attempt
SafetyAntVelocity-v1,focops,25.0,2000000,3,100,497.41202938031375,26.415187095640977,30.411300744384278,4.581269944842867,65.71638236442648,2328.9413497590317,100.66659185008804,175.89999999999998,48.923829685656365,3,0/3,0;1;2,earliest_complete_attempt
SafetyAntVelocity-v1,ppo_lag,25.0,2000000,3,100,712.1138358920451,69.95234482464889,16.098650180812534,2.8653682316852715,1.055757575757576,1748.9135333958068,155.71813824740713,49.37777777777777,14.74273623195295,3,1/3,0;1;2,earliest_complete_attempt
SafetyAntVelocity-v1,trpo_lag,25.0,2000000,5,100,2765.8903129018227,27.12806545071035,27.486179047619043,3.1502924424378715,2055.05439600292,2908.936588378621,37.54462485758089,10.2,2.5076992554043542,5,5/5,0;1;2;3;4,earliest_complete_attempt
SafetyAntVelocity-v1,trpo_lag,25.0,10000000,3,500,3138.030065556822,57.00369395341661,29.62331904761905,9.855155645065077,3024.2468515044056,3187.9713453730674,54.6476792587589,16.7,7.806004336643922,3,2/3,0;1;2,earliest_complete_attempt
SafetyAntVelocity-v1,trpo_sotd_eps1_cap0.1,25.0,2000000,5,100,2822.7953523638503,37.268740889308894,28.520765714285716,2.281350966071522,1529.6887103686179,2966.571753854226,25.680307493243394,14.273333333333335,1.9110322981165033,5,5/5,0;1;2;3;4,earliest_complete_attempt
SafetyAntVelocity-v1,trpo_sotd_eps1_cap0.25,25.0,2000000,3,100,2795.344184455271,36.61915067387546,25.989149206349207,1.625227619186708,823.3785610447525,2953.7767175564863,33.86237352963226,17.233333333333334,6.438426308760032,3,2/3,0;1;2,earliest_complete_attempt
SafetyAntVelocity-v1,trpo_sotd_eps1_cap0.5,25.0,2000000,3,100,2815.790965718769,39.182179525690785,29.150750793650797,0.18696371783408536,542.0853245498463,2974.3851719555646,34.885275368710865,13.511111111111111,2.7825070851684006,3,3/3,0;1;2,earliest_complete_attempt
SafetyAntVelocity-v1,trpo_sotd_eps1_cap0.5,25.0,10000000,3,500,3189.265549835765,39.24471641446699,30.171066666666665,2.2596419056213777,1534.1618685613903,3221.048265760724,28.97798282574994,15.822222222222221,8.499724033283393,3,2/3,0;1;2,earliest_complete_attempt
SafetyAntVelocity-v1,trpo_sotd_eps1_cap1,25.0,2000000,5,100,2791.3103291555044,44.411781229602255,31.124839999999995,0.866760271124606,296.8925781218781,2944.907406036301,26.185296506158554,15.540000000000001,3.4510288321021023,5,4/5,0;1;2;3;4,earliest_complete_attempt
SafetyAntVelocity-v1,trpo_sotd_eps1_cap1,25.0,10000000,3,500,3079.100298501022,64.4286605871258,22.13168253968254,5.536803735158524,1202.7198020578455,3150.6244594724435,67.90480328305819,13.28888888888889,0.8756655317281764,3,3/3,0;1;2,earliest_complete_attempt
SafetyAntVelocity-v1,trpo_sotd_eps1_cap2,25.0,2000000,3,100,2742.131320881653,30.820773129832876,27.245866666666668,0.9393890112431825,180.6406400652488,2911.092886120265,28.732358038416553,12.266666666666666,4.498188935972309,3,3/3,0;1;2,earliest_complete_attempt
SafetyAntVelocity-v1,trpo_sotd_eps1_cap4,25.0,2000000,3,100,2664.2011790198235,26.44188038752911,26.172680952380954,0.9815416856674747,167.7489511889077,2858.9298553576737,9.881354593791238,8.655555555555555,1.7280189185064063,3,3/3,0;1;2,earliest_complete_attempt
SafetyCarButton1-v0,cpo,25.0,2000000,3,100,-0.47891200535362377,0.5001466676058947,37.084066666666665,6.935065986788531,1886.3864868454893,-1.2403632025614664,1.191944763719358,50.166666666666664,14.642606527730162,3,0/3,0;1;2,earliest_complete_attempt
SafetyCarButton1-v0,ppo_lag,25.0,2000000,3,100,3.145478800110542,0.3595515968568528,110.13373333333334,9.794553997899943,10514.309438592814,2.6885886856561694,0.5001733438932243,109.37777777777778,15.277971715940776,3,0/3,0;1;2,earliest_complete_attempt
SafetyCarButton1-v0,trpo_lag,25.0,2000000,3,100,1.3163452321019495,0.4759484105883109,46.85376666666667,5.256717191471416,7914.491125245625,-16.75359444090132,3.947531944468751,29.688888888888886,16.745638827858627,3,2/3,0;1;2,earliest_complete_attempt
SafetyCarButton1-v0,trpo_sotd_eps1_cap0.1,25.0,2000000,3,100,1.2636444597452898,0.15718898078475893,44.7637,6.55370132978304,6775.913802370188,-6.173579792046301,4.92209697783421,43.900000000000006,24.75000187055736,3,2/3,0;1;2,earliest_complete_attempt
SafetyCarButton1-v0,trpo_sotd_eps1_cap0.5,25.0,2000000,3,100,0.16523964216437204,0.4544009982448796,32.89476666666667,2.6045275107866406,4827.166358701267,-7.24252503070895,3.507118131290225,40.51111111111111,1.1744712495627059,3,0/3,0;1;2,earliest_complete_attempt
SafetyCarButton1-v0,trpo_sotd_eps1_cap1,25.0,2000000,3,100,0.21556698805318616,0.25718431183338497,29.830199999999994,2.5781302061765583,3853.0896289193684,-5.7638602689136915,1.7225771778943835,17.166666666666668,5.127738653997851,3,2/3,0;1;2,earliest_complete_attempt
SafetyCarButton1-v0,trpo_sotd_eps1_cap2,25.0,2000000,3,100,0.41947337146288405,0.4319192108998552,39.914633333333335,6.648072342249127,3259.279658794916,-5.074617942932382,3.937381934421989,57.6,5.369357503463522,3,0/3,0;1;2,earliest_complete_attempt
SafetyCarGoal1-v0,cpo,25.0,2000000,5,100,16.151597788205017,1.137726691390864,31.729900000000004,1.2069955517730797,705.9143938456975,17.051285721094104,3.985841426682181,33.166666666666664,7.13333333333333,2,0/2,0;1;2;3;4,earliest_complete_attempt
SafetyCarGoal1-v0,cpo,25.0,10000000,5,500,23.115072722163404,0.9256868583368303,26.704200000000004,0.6690749053730837,2314.9437938456977,22.095928336724427,1.4667040368659283,24.293333333333333,1.6999803920437828,5,3/5,0;1;2;3;4,earliest_complete_attempt
SafetyCarGoal1-v0,cup,25.0,2000000,3,100,16.335731691179415,3.337888106061513,39.1381,5.669600791061044,2040.3556592599627,nan,nan,nan,nan,0,,0;1;2,earliest_complete_attempt
SafetyCarGoal1-v0,focops,25.0,2000000,5,100,20.741371886952447,2.496182331947356,31.104900000000004,3.3532399117868086,2072.3505804204115,13.765711153274204,1.471878097703274,23.799999999999997,2.6666666666666656,2,1/2,0;1;2;3;4,earliest_complete_attempt
SafetyCarGoal1-v0,focops,25.0,10000000,5,500,19.592672852324185,1.5263995673271544,27.29636,0.8376631426772944,3898.6040842633242,20.203632806140128,1.7899089247825455,25.886666666666667,3.449260790372337,5,2/5,0;1;2;3;4,earliest_complete_attempt
SafetyCarGoal1-v0,ppo_lag,25.0,2000000,5,100,19.988612113349937,0.9728258944201004,44.9971,3.1832094386012377,3460.0534980120415,19.32509760432434,2.5613442470083174,42.91666666666667,0.41666666666666785,2,0/2,0;1;2;3;4,earliest_complete_attempt
SafetyCarGoal1-v0,ppo_lag,25.0,10000000,5,500,16.448406285662557,1.2856633013720058,25.17642,1.5299911827850516,4205.978189058184,16.18424085095002,1.370732610745324,22.12666666666667,1.7225110868857838,5,4/5,0;1;2;3;4,earliest_complete_attempt
SafetyCarGoal1-v0,trpo_lag,25.0,2000000,5,100,26.881608807288842,1.017562466719204,43.90576,3.1467500003336784,2745.62949649613,24.33574928049274,1.1075626643363137,38.21999999999999,4.007099255626749,5,0/5,0;1;2;3;4,earliest_complete_attempt
SafetyCarGoal1-v0,trpo_lag,25.0,10000000,5,500,24.57502903341276,0.8785029672683283,29.5072,2.8848572006253623,3785.756696496129,23.590539693770467,1.117789764610426,28.086666666666666,1.7891214479614164,5,1/5,0;1;2;3;4,earliest_complete_attempt
SafetyCarGoal1-v0,trpo_sotd_eps0.3_cap1,25.0,2000000,5,100,20.90918139126717,1.151017725134478,26.5477,2.235083130892451,1571.404223253338,18.38964943863793,1.2746763918173087,26.96666666666666,3.1399044571451538,5,2/5,0;1;2;3;4,earliest_complete_attempt
SafetyCarGoal1-v0,trpo_sotd_eps0.3_cap2_gated,25.0,2000000,5,100,19.69730440345726,0.3851842705030079,25.89338,1.483321295404337,1372.973604692063,16.454193132953158,1.1326019247722154,21.76,1.7187657069989368,5,4/5,0;1;2;3;4,earliest_complete_attempt
SafetyCarGoal1-v0,trpo_sotd_eps0_cap1,25.0,2000000,3,100,23.729716547685157,0.31855815535596177,34.69753333333333,1.0284443176197946,2072.26581480792,24.04166621225748,2.092736114728227,34.666666666666664,4.685003656269572,3,0/3,0;1;2,earliest_complete_attempt
SafetyCarGoal1-v0,trpo_sotd_eps10_cap1,25.0,2000000,3,100,20.346170353230445,0.6869420478644038,23.259366666666665,2.167617406534444,670.853449697789,17.08823136477274,1.863924734696378,20.833333333333332,5.133477631449522,3,1/3,0;1;2,earliest_complete_attempt
SafetyCarGoal1-v0,trpo_sotd_eps1_cap0.05,25.0,2000000,3,100,26.617102813050767,0.40384792250253654,39.303866666666664,2.300698307277837,2281.48754301895,25.16348191622282,1.2386221111714668,35.68888888888889,3.4057322774520933,3,0/3,0;1;2,earliest_complete_attempt
SafetyCarGoal1-v0,trpo_sotd_eps1_cap0.1,25.0,2000000,5,100,23.83866073865935,0.9674385895408111,33.58746,3.0633508185645337,2171.620584425485,21.840282838862652,1.3671817505726978,36.013333333333335,4.500353072568615,5,1/5,0;1;2;3;4,earliest_complete_attempt
SafetyCarGoal1-v0,trpo_sotd_eps1_cap0.25,25.0,2000000,3,100,20.618477317882874,0.7553198520524846,27.499,1.7981583699255559,1878.4749484562662,19.241351246064685,1.5178547810254457,29.63333333333333,3.5442180352627117,3,1/3,0;1;2,earliest_complete_attempt
SafetyCarGoal1-v0,trpo_sotd_eps1_cap0.25_gated,25.0,2000000,5,100,21.498103738089917,0.48628497527004816,29.79522,1.5042681613994247,1787.2652009020665,18.295673379047336,3.205238194901001,25.21333333333333,3.0416844748337137,5,3/5,0;1;2;3;4,earliest_complete_attempt
SafetyCarGoal1-v0,trpo_sotd_eps1_cap0.5,25.0,2000000,5,100,18.703578804009837,1.820502526334616,26.480319999999995,3.33678029354646,1417.3012746043653,12.129981364320223,2.331517824299376,21.546666666666667,3.620951378973333,5,4/5,0;1;2;3;4,earliest_complete_attempt
SafetyCarGoal1-v0,trpo_sotd_eps1_cap0.5,25.0,10000000,3,500,25.78367058019187,1.2385130407215088,26.6515,0.8456811633233898,2037.2592606846504,26.218019711341658,1.9348172641225512,23.433333333333334,2.0851325564044547,3,2/3,0;1;2,earliest_complete_attempt
SafetyCarGoal1-v0,trpo_sotd_eps1_cap0.75,25.0,2000000,3,100,17.501794429939803,1.7015273859877238,25.828133333333337,2.763858240656428,1125.3640230094236,17.05290968288828,3.92070475663607,23.45555555555556,4.148642496998415,3,2/3,0;1;2,earliest_complete_attempt
SafetyCarGoal1-v0,trpo_sotd_eps1_cap0.75,25.0,10000000,3,500,25.406804928333077,0.8224991412524172,26.715033333333327,1.5952418002018094,1735.9886060224624,26.485613210253543,1.0602669373700064,30.166666666666668,1.5410434175631826,3,0/3,0;1;2,earliest_complete_attempt
SafetyCarGoal1-v0,trpo_sotd_eps1_cap1,25.0,2000000,5,100,19.797830172414315,0.5568054555842151,25.9866,1.0713240648841975,678.1364434746853,17.61504319802118,1.0771275002236196,25.2,2.9386315787378927,5,3/5,0;1;2;3;4,earliest_complete_attempt
SafetyCarGoal1-v0,trpo_sotd_eps1_cap1,25.0,10000000,5,500,25.078177121847197,0.5915652871587255,23.780680000000004,1.0022465631769464,1449.6212434746853,22.801241116628237,1.6830482970096554,23.213333333333335,2.8510933575267807,5,2/5,0;1;2;3;4,earliest_complete_attempt
SafetyCarGoal1-v0,trpo_sotd_eps1_cap1.5,25.0,2000000,3,100,17.5067963621195,0.5986654069058428,23.9297,1.3723165232554762,550.3423780543702,15.562111661648993,2.2250461942749977,22.366666666666664,4.330640188753211,3,2/3,0;1;2,earliest_complete_attempt
SafetyCarGoal1-v0,trpo_sotd_eps1_cap1_anch2,25.0,2000000,3,100,17.45596134561623,1.8151634219686765,25.5585,1.1058284360604949,892.2875912446701,2.50955455928237,0.0,16.466666666666665,0.0,1,1/1,0;1;2,earliest_complete_attempt
SafetyCarGoal1-v0,trpo_sotd_eps1_cap1_anch2_b2r200,25.0,10000000,3,500,24.25978555984737,0.742221834363042,27.2343,0.06900813961652251,2331.342178644003,23.205946528255186,2.120820559794905,22.433333333333334,1.6835808398899192,3,3/3,0;1;2,earliest_complete_attempt
SafetyCarGoal1-v0,trpo_sotd_eps1_cap1_anch2_b2r40,25.0,2000000,3,100,19.164756609229823,1.1346492380757016,28.469533333333334,2.4768867046713647,1039.1712586141573,13.778097419240234,1.2627555089166087,18.833333333333336,1.2666666666666675,2,2/2,0;1;2,earliest_complete_attempt
SafetyCarGoal1-v0,trpo_sotd_eps1_cap1_b2r40,25.0,2000000,3,100,17.423040051295832,1.7314579691544827,24.726399999999998,2.8525681995937138,993.9295919474908,20.655795762958963,3.47617688494574,21.916666666666664,2.0166666666666675,2,2/2,0;1;2,earliest_complete_attempt
SafetyCarGoal1-v0,trpo_sotd_eps1_cap2,25.0,2000000,5,100,17.346638782465998,0.5775081732007207,26.6136,1.3282978916643666,625.6355486894826,15.042100783503054,1.0743115488200032,23.720000000000002,3.4961820445864786,5,3/5,0;1;2;3;4,earliest_complete_attempt
SafetyCarGoal1-v0,trpo_sotd_eps1_cap2_anch2,25.0,2000000,3,100,18.6902361210803,2.7878702545344636,25.138466666666663,1.0223103415521355,622.523384159846,20.496373937164112,2.0266788891979495,27.98888888888889,5.546247758397642,3,1/3,0;1;2,earliest_complete_attempt
SafetyCarGoal1-v0,trpo_sotd_eps1_cap2_anch2_b1.5r40,25.0,2000000,3,100,17.85717869732923,0.9079591550887627,24.5371,2.9351485896515257,857.4077513748312,15.765338378578484,0.31538897498890844,25.333333333333332,3.2259939610974224,3,2/3,0;1;2,earliest_complete_attempt
SafetyCarGoal1-v0,trpo_sotd_eps1_cap2_anch3,25.0,2000000,3,100,19.036699615858527,0.6400981444289185,28.304533333333335,3.9322015616078367,728.8468512091332,20.804335170272562,1.4253258338667905,25.08888888888889,2.6071364547769953,3,2/3,0;1;2,earliest_complete_attempt
SafetyCarGoal1-v0,trpo_sotd_eps1_cap4,25.0,2000000,3,100,16.657391755753917,1.9163199120594907,24.525433333333336,1.8288713690263882,510.39398856107965,15.849105059559093,1.9472587249113118,28.977777777777778,6.122101228891118,3,1/3,0;1;2,earliest_complete_attempt
SafetyCarGoal1-v0,trpo_sotd_eps3_cap1,25.0,2000000,5,100,19.368632527031508,0.9684189140355607,26.948860000000003,0.910521375147228,756.2578615858787,18.93540661296579,0.914360705613041,26.959999999999997,2.14754122971675,5,2/5,0;1;2;3;4,earliest_complete_attempt
SafetyCarPush1-v0,cpo,25.0,2000000,3,100,0.3955717296729954,0.026681964373859165,29.298333333333336,4.262603325564216,724.6145370695455,0.3747036724013884,0.059209846764549934,30.53333333333333,15.494957363726554,3,2/3,0;1;2,earliest_complete_attempt
SafetyCarPush1-v0,ppo_lag,25.0,2000000,3,100,0.534889318121659,0.05508619041998119,36.45216666666666,3.512214773868159,1371.739823251757,0.5205730409816343,0.07346369254642737,19.844444444444445,5.565180551240116,3,2/3,0;1;2,earliest_complete_attempt
SafetyCarPush1-v0,trpo_lag,25.0,2000000,3,100,0.451163155442536,0.10638892006166842,19.841566666666665,1.6070894658080213,981.6292137049953,0.47598191031793147,0.12879997203329627,23.355555555555554,9.01211804211076,3,1/3,0;1;2,earliest_complete_attempt
SafetyCarPush1-v0,trpo_sotd_eps1_cap0.1,25.0,2000000,3,100,0.48545367611259405,0.03882215761153417,19.416733333333333,2.804084844373373,933.1451767930199,0.40401410829619144,0.07601407230466954,15.47777777777778,6.283497885653528,3,2/3,0;1;2,earliest_complete_attempt
SafetyCarPush1-v0,trpo_sotd_eps1_cap0.5,25.0,2000000,3,100,0.5879751490300341,0.2069568623298723,28.982933333333335,4.2286715243810455,667.2871871170848,0.509924550344129,0.13989486798310433,27.555555555555554,8.83901983281734,3,2/3,0;1;2,earliest_complete_attempt
SafetyCarPush1-v0,trpo_sotd_eps1_cap1,25.0,2000000,3,100,0.5530639365608829,0.1272581217170728,23.859466666666663,5.25458553847124,543.5158371308202,0.40237526080598346,0.025907129829978347,24.144444444444446,6.510314702905246,3,2/3,0;1;2,earliest_complete_attempt
SafetyCarPush1-v0,trpo_sotd_eps1_cap2,25.0,2000000,3,100,0.3458649594111809,0.06252808317821777,26.748333333333335,8.528111545809997,634.4014894205379,0.3086148819397305,0.1299550577268896,16.866666666666664,7.6343036743761115,3,2/3,0;1;2,earliest_complete_attempt
SafetyHalfCheetahVelocity-v1,cpo,25.0,2000000,5,100,1544.912458929066,88.91057828595012,18.52158,1.1284416038945038,97.32339999999999,1811.6820935178996,101.53844641730008,19.606666666666666,6.38106051791811,5,4/5,0;1;2;3;4,earliest_complete_attempt
SafetyHalfCheetahVelocity-v1,cpo,25.0,10000000,3,500,2793.345628686669,74.00340937625442,20.8493,1.3911484512205503,1348.341,2764.386556143014,79.52786648554019,3.3777777777777778,3.3611248851875706,3,3/3,0;1;2,earliest_complete_attempt
SafetyHalfCheetahVelocity-v1,focops,25.0,2000000,3,100,1468.5257145034,182.8652263100901,14.519233333333332,1.7103148543794828,1622.921,1992.5394282265217,123.52125035438506,2.6333333333333333,2.371669204340018,3,3/3,0;1;2,earliest_complete_attempt
SafetyHalfCheetahVelocity-v1,ppo_lag,25.0,2000000,3,100,2405.606907759638,203.1042253444341,21.72833333333334,6.938982528760571,2293.1323333333326,2642.537314373512,117.613358049449,0.9333333333333332,0.8675209464863617,3,3/3,0;1;2,earliest_complete_attempt
SafetyHalfCheetahVelocity-v1,trpo_lag,25.0,2000000,5,100,1858.3626626224802,191.38788293786564,17.416259999999998,4.76270963723383,1040.2845999999997,2091.292707900388,194.62849468282542,23.193333333333335,9.695619858701374,5,3/5,0;1;2;3;4,earliest_complete_attempt
SafetyHalfCheetahVelocity-v1,trpo_lag,25.0,10000000,3,500,2850.6974802247946,56.10021315908598,24.504199999999997,6.518541459815481,2821.3163333333337,2878.835156235362,49.96478329568265,4.177777777777778,1.336985738217701,3,3/3,0;1;2,earliest_complete_attempt
SafetyHalfCheetahVelocity-v1,trpo_sotd_eps1_cap0.1,25.0,2000000,5,100,1876.6015616043533,154.8978677316457,25.385379999999998,3.7494067517942082,783.0840000000001,2087.530882211166,185.0744743878608,26.74,9.238875592961636,5,2/5,0;1;2;3;4,earliest_complete_attempt
SafetyHalfCheetahVelocity-v1,trpo_sotd_eps1_cap0.25,25.0,2000000,3,100,1908.2582063504294,299.4744144823435,23.419533333333334,2.232631086359271,431.14599999999996,2109.8717333567943,317.0570547320155,11.533333333333333,6.466408929571686,3,3/3,0;1;2,earliest_complete_attempt
SafetyHalfCheetahVelocity-v1,trpo_sotd_eps1_cap1,25.0,2000000,5,100,1890.2458959904648,177.00388467890681,24.712,0.7283166337521066,131.5396,2068.6965610816187,188.7012631466921,16.013333333333335,4.950966235662153,5,4/5,0;1;2;3;4,earliest_complete_attempt
SafetyHalfCheetahVelocity-v1,trpo_sotd_eps1_cap1,25.0,10000000,3,500,2845.3916224977597,57.80715405626878,23.862533333333335,2.170605249950139,834.3633333333332,2874.91238091906,52.49417005409986,4.655555555555555,1.744232117297565,3,3/3,0;1;2,earliest_complete_attempt
SafetyHalfCheetahVelocity-v1,trpo_sotd_eps1_cap2,25.0,2000000,3,100,1845.2354829476596,245.20208742233666,23.709900000000005,2.093153790336487,128.3073333333333,2109.971760636554,311.24516928704185,25.444444444444443,13.310707654802016,3,2/3,0;1;2,earliest_complete_attempt
SafetyHopperVelocity-v1,cpo,25.0,2000000,5,100,1236.9152383221935,111.67124638492277,27.68524850619251,2.9332490501203847,653.4637626226717,1117.012419828634,228.1767435567984,0.0,0.0,5,5/5,0;1;2;3;4,earliest_complete_attempt
SafetyHopperVelocity-v1,cpo,25.0,10000000,3,500,1652.5453059332579,31.640844335758246,22.841278493004577,3.2662520779274025,2749.652929690435,1695.8300526478881,16.803212685846702,10.722222222222223,0.598248472265414,3,3/3,0;1;2,earliest_complete_attempt
SafetyHopperVelocity-v1,focops,25.0,2000000,3,100,1411.2796797131512,52.463149375856815,21.19239687558818,6.008499787129754,1194.9205466723809,1505.318237701271,35.38844881945856,1.6444444444444442,1.2308282868072777,3,3/3,0;1;2,earliest_complete_attempt
SafetyHopperVelocity-v1,ppo_lag,25.0,2000000,3,100,978.9866514301299,445.72167261889075,13.441454213951095,6.979131728000493,1582.9953079374875,1033.5935688936502,471.4308995357954,14.700000000000001,14.700000000000001,3,2/3,0;1;2,earliest_complete_attempt
SafetyHopperVelocity-v1,trpo_lag,25.0,2000000,5,100,382.89010918035706,239.31501407031686,8.587545176895645,4.958389395594617,2252.9348642912505,417.1786498018341,265.4148102906038,5.9799999999999995,2.7960209822770166,5,5/5,0;1;2;3;4,earliest_complete_attempt
SafetyHopperVelocity-v1,trpo_lag,25.0,10000000,3,500,732.6218239467113,455.1672821772509,40.20716088901701,14.904131163321448,2188.321088463719,755.2509912541215,452.92257307251685,42.74444444444445,18.753847341904457,3,1/3,0;1;2,earliest_complete_attempt
SafetyHopperVelocity-v1,trpo_sotd_eps1_cap0.1,25.0,2000000,5,100,1065.385106272974,320.0611792827765,18.63612007434509,4.258409161141368,1151.863126474494,1099.007428133146,323.66256539887104,7.08,3.1677822596328244,5,5/5,0;1;2;3;4,earliest_complete_attempt
SafetyHopperVelocity-v1,trpo_sotd_eps1_cap0.25,25.0,2000000,3,100,1197.7823348867635,387.8866997107938,26.311877890348523,7.101062667802364,883.7647123728935,1221.324572663695,416.4616751542521,0.32222222222222224,0.1613982116259328,3,3/3,0;1;2,earliest_complete_attempt
SafetyHopperVelocity-v1,trpo_sotd_eps1_cap1,25.0,2000000,5,100,1587.6183794375374,24.268303813734185,23.610074891774893,1.8745832019359587,584.5392951847107,1628.1854439061065,21.929553831193697,2.1466666666666665,1.1588116518418532,5,5/5,0;1;2;3;4,earliest_complete_attempt
SafetyHopperVelocity-v1,trpo_sotd_eps1_cap1,25.0,10000000,3,500,1659.089894362581,32.482390113933434,24.454329625447016,1.6345207734947005,1538.120562053424,1686.363040215175,26.494894056362835,15.133333333333331,2.367449009971453,3,3/3,0;1;2,earliest_complete_attempt
SafetyHopperVelocity-v1,trpo_sotd_eps1_cap2,25.0,2000000,3,100,1547.7740783553782,17.104431194402284,20.529294867934,0.8340183663512926,491.2208547166362,1610.91469715867,27.589140610833276,6.766666666666667,2.9556599814467717,3,3/3,0;1;2,earliest_complete_attempt
SafetyPointButton1-v0,cpo,25.0,2000000,3,100,3.205023068240567,0.5648385407541269,30.621166666666667,2.9715746332729234,1329.3501231965654,nan,nan,nan,nan,0,,0;1;2,earliest_complete_attempt
SafetyPointButton1-v0,cpo,25.0,10000000,3,500,6.646300339630751,0.9601794893762802,32.536,2.280846134661434,3656.753583227846,6.321043486165272,1.450701446478645,27.444444444444443,2.2121159079314663,3,1/3,0;1;2,earliest_complete_attempt
SafetyPointButton1-v0,cup,25.0,2000000,3,100,6.009844811385746,1.2734484872223595,60.724700000000006,0.9691681811395451,4711.937849653016,nan,nan,nan,nan,0,,0;1;2,earliest_complete_attempt
SafetyPointButton1-v0,focops,25.0,2000000,3,100,6.405216429294993,0.6681193855328569,38.54116666666666,3.2999500634268855,5064.139598689096,nan,nan,nan,nan,0,,0;1;2,earliest_complete_attempt
SafetyPointButton1-v0,ppo_lag,25.0,2000000,3,100,5.001467287145615,0.23268013435507273,63.397833333333324,3.0779460019810427,5630.602065519962,nan,nan,nan,nan,0,,0;1;2,earliest_complete_attempt
SafetyPointButton1-v0,trpo_lag,25.0,2000000,3,100,5.083234046586457,2.097823800172701,35.51256666666667,14.53126966743711,5278.406351665654,0.3287802141481985,9.057933668824099,43.79999999999999,14.113127589955758,3,1/3,0;1;2,earliest_complete_attempt
SafetyPointButton1-v0,trpo_lag,25.0,10000000,3,500,8.102432451678931,0.792854446625609,25.908800000000003,4.324839097970391,5007.1215649217775,10.053608480791114,0.33858037704928945,34.766666666666666,6.36224395540977,3,1/3,0;1;2,earliest_complete_attempt
SafetyPointButton1-v0,trpo_sotd_eps0.3_cap1,25.0,2000000,5,100,4.15480069066977,0.37277620250594434,27.816719999999997,1.984208307461694,2334.2473114038157,1.6267388331312536,2.5440543806663207,46.88,11.680423318051828,5,1/5,0;1;2;3;4,earliest_complete_attempt
SafetyPointButton1-v0,trpo_sotd_eps0.3_cap2_gated,25.0,2000000,5,100,3.459085658876389,0.2590933073796748,24.176120000000004,1.7432713748582005,2173.151779020409,0.8832153374489611,1.6962877584665845,33.54,4.355282871282747,5,1/5,0;1;2;3;4,earliest_complete_attempt
SafetyPointButton1-v0,trpo_sotd_eps0_cap1,25.0,2000000,3,100,3.4236527248371877,0.28561605517751115,25.7694,1.2225865054601812,3280.2471858590575,2.67093616248323,3.8464192276401064,33.02222222222222,9.980913884775715,3,1/3,0;1;2,earliest_complete_attempt
SafetyPointButton1-v0,trpo_sotd_eps10_cap1,25.0,2000000,3,100,2.732679893901104,0.4208778735029513,28.58716666666666,1.9978675876488345,1597.0591105414587,2.9974517365756004,0.44952741061591706,24.71111111111111,1.437118172585438,3,2/3,0;1;2,earliest_complete_attempt
SafetyPointButton1-v0,trpo_sotd_eps1_cap0.05,25.0,2000000,5,100,3.7605107242351785,0.6614453668619393,29.64642,3.0947667416786033,4270.513142449657,-6.294745535266361,3.3442725072861377,32.70666666666666,9.165014396545642,5,2/5,0;1;2;3;4,earliest_complete_attempt
SafetyPointButton1-v0,trpo_sotd_eps1_cap0.1,25.0,2000000,5,100,3.404043597104002,0.6359320611992356,24.758879999999998,2.5819186984488867,4103.034533620408,0.2032265513085978,2.9555456563906892,22.086666666666666,1.1682180161824818,5,5/5,0;1;2;3;4,earliest_complete_attempt
SafetyPointButton1-v0,trpo_sotd_eps1_cap0.25,25.0,2000000,3,100,4.575314688759421,0.9993881351896156,25.4575,2.060902278938362,3063.7408274960767,2.0076373677537998,1.1553687357602422,32.9,8.857409536862555,3,1/3,0;1;2,earliest_complete_attempt
SafetyPointButton1-v0,trpo_sotd_eps1_cap0.5,25.0,2000000,5,100,4.36634109401927,0.9400871483015867,24.45294,2.884086120177412,2557.3364810905728,2.788945606666507,2.883433370216982,29.07333333333333,7.682153922493931,5,2/5,0;1;2;3;4,earliest_complete_attempt
SafetyPointButton1-v0,trpo_sotd_eps1_cap0.75,25.0,2000000,3,100,3.2716296949587,0.30925123652614517,24.4079,4.9261565894044965,2323.1965620556007,3.3557836394628864,1.0131594673202358,19.2,3.0492257669411393,3,3/3,0;1;2,earliest_complete_attempt
SafetyPointButton1-v0,trpo_sotd_eps1_cap1,25.0,2000000,5,100,2.8121521339848754,0.1065800450816495,24.079559999999997,1.8030726137901378,1570.3007524360844,3.1528859937973412,0.35041339289849205,31.73333333333333,4.812310602333699,5,2/5,0;1;2;3;4,earliest_complete_attempt
SafetyPointButton1-v0,trpo_sotd_eps1_cap1,25.0,10000000,3,500,6.8044412052963255,0.8513119110146747,24.10633333333333,3.3154052996747025,2550.1197316354246,7.337026955594895,0.7933725940956772,30.377777777777776,5.086086079190784,3,1/3,0;1;2,earliest_complete_attempt
SafetyPointButton1-v0,trpo_sotd_eps1_cap1.5,25.0,2000000,3,100,3.2514410022774647,0.35279340746976495,22.654033333333334,1.2113000307291522,1175.1096347963576,2.7286389192274476,0.6775677264369394,29.74444444444445,3.901440063348562,3,1/3,0;1;2,earliest_complete_attempt
SafetyPointButton1-v0,trpo_sotd_eps1_cap1_anch2_b2r200,25.0,10000000,3,500,8.229181430265108,0.26654054060632176,26.2208,1.6928722692512863,2784.483289133264,9.071553594127213,0.8728302040578481,51.6,5.108163401197472,3,0/3,0;1;2,earliest_complete_attempt
SafetyPointButton1-v0,trpo_sotd_eps1_cap1_anch2_b2r40,25.0,2000000,3,100,3.4486603098741893,0.21195453801417302,26.26533333333333,3.0452841106281783,1871.520198005108,3.7734996065446444,1.3702472430142663,30.92222222222222,3.055434341030041,3,0/3,0;1;2,earliest_complete_attempt
SafetyPointButton1-v0,trpo_sotd_eps1_cap1_b2r40,25.0,2000000,3,100,3.8230406495126226,0.9712058868001193,24.3339,1.1107532444247048,1695.5161980051082,3.7725264145297093,1.0351494035646278,28.944444444444443,6.314484622626198,3,1/3,0;1;2,earliest_complete_attempt
SafetyPointButton1-v0,trpo_sotd_eps1_cap2,25.0,2000000,5,100,2.0837395810427894,0.3981197563945598,23.91476,2.8010175901982484,1248.19722111581,1.1429160202764692,1.5381719818844157,25.000000000000004,2.1904083840436903,5,2/5,0;1;2;3;4,earliest_complete_attempt
SafetyPointButton1-v0,trpo_sotd_eps1_cap4,25.0,2000000,3,100,2.707862675873752,1.211054604716894,29.779933333333332,3.271686787338368,871.704014269742,2.4414401646033617,0.3004725926823021,29.377777777777776,2.2111111111111104,3,0/3,0;1;2,earliest_complete_attempt
SafetyPointButton1-v0,trpo_sotd_eps3_cap1,25.0,2000000,5,100,3.1488553220111517,0.5054298825093545,25.889400000000002,2.145844678209492,1619.70487979709,2.5886297402423266,0.982096131844605,37.28666666666667,10.727299546277038,5,3/5,0;1;2;3;4,earliest_complete_attempt
SafetyPointGoal1-v0,cpo,12.5,2000000,3,100,3.6722444072234217,1.5518614144781908,17.60683333333333,2.0164526363007993,987.1299228618145,nan,nan,nan,nan,0,,0;1;2,earliest_complete_attempt
SafetyPointGoal1-v0,cpo,25.0,2000000,5,100,12.712217393958896,1.9537084025406708,28.90204,0.9136910411074408,787.9607908727197,9.64361921019506,2.838973867825927,25.026666666666667,3.9066240043176808,5,2/5,0;1;2;3;4,earliest_complete_attempt
SafetyPointGoal1-v0,cpo,25.0,10000000,5,500,18.946390561041568,0.37431564771143283,27.188699999999994,0.9576864241493672,2451.7185908727197,20.210074311681247,0.9129511374242769,25.913333333333334,1.3494278623014846,5,3/5,0;1;2;3;4,earliest_complete_attempt
SafetyPointGoal1-v0,cpo,50.0,2000000,3,100,24.695837985839407,0.8628984910421462,51.25473333333333,2.2642883431911027,461.81440646999073,nan,nan,nan,nan,0,,0;1;2,earliest_complete_attempt
SafetyPointGoal1-v0,cup,12.5,2000000,3,100,21.643161592529072,1.1066762761968074,51.8461,2.8696007265820103,4155.076138801142,nan,nan,nan,nan,0,,0;1;2,earliest_complete_attempt
SafetyPointGoal1-v0,cup,25.0,2000000,3,100,22.768265222835158,1.216361813451831,52.9349,2.2302873290228815,2829.781302424153,21.60520067510906,1.7471827620772162,47.65555555555556,4.792754304902401,3,0/3,0;1;2,earliest_complete_attempt
SafetyPointGoal1-v0,cup,50.0,2000000,3,100,23.581130417723738,0.6808370979882035,48.870066666666666,2.1882220639393735,535.0115772212238,nan,nan,nan,nan,0,,0;1;2,earliest_complete_attempt
SafetyPointGoal1-v0,focops,12.5,2000000,3,100,15.123759403282497,2.150545850746468,45.73093333333333,2.957979792771488,3820.9609718401202,nan,nan,nan,nan,0,,0;1;2,earliest_complete_attempt
SafetyPointGoal1-v0,focops,25.0,2000000,5,100,20.19699429489325,2.010184798687173,41.89146,2.679459793241913,2300.9340736583363,20.636856201814496,2.1530270390201705,39.35333333333333,6.498406642315397,5,1/5,0;1;2;3;4,earliest_complete_attempt
SafetyPointGoal1-v0,focops,25.0,10000000,5,500,17.685347337328857,2.1378312742953343,29.836519999999997,2.289176519493418,4740.487309139711,18.580839797320046,2.110420534074584,34.446666666666665,6.263169236807263,5,2/5,0;1;2;3;4,earliest_complete_attempt
SafetyPointGoal1-v0,focops,50.0,2000000,3,100,24.61543557456693,1.0618874057643457,53.65326666666666,3.4028342095638107,573.0821491485641,nan,nan,nan,nan,0,,0;1;2,earliest_complete_attempt
SafetyPointGoal1-v0,pcpo,25.0,2000000,3,100,7.566644845350761,3.405780102660769,29.793533333333333,0.7067794430450794,888.5166535967292,11.429528118860377,1.3453347190737313,41.46666666666666,7.378421993293086,3,0/3,0;1;2,earliest_complete_attempt
SafetyPointGoal1-v0,ppo_lag,12.5,2000000,3,100,16.243008149679884,2.443946508177331,44.68166666666667,3.756103691031144,4198.721476954875,nan,nan,nan,nan,0,,0;1;2,earliest_complete_attempt
SafetyPointGoal1-v0,ppo_lag,25.0,2000000,5,100,16.292466681784212,2.176251061317455,46.11962,2.191042283343708,3240.3558351051415,16.553257068325376,2.204765170547725,57.7,5.404884622059733,5,0/5,0;1;2;3;4,earliest_complete_attempt
SafetyPointGoal1-v0,ppo_lag,25.0,10000000,5,500,10.369228774745467,1.4731535418741308,18.82324,1.5121106059412452,5367.640295539706,10.246331735661247,1.4177742445455686,20.22,2.505828760665377,5,4/5,0;1;2;3;4,earliest_complete_attempt
SafetyPointGoal1-v0,ppo_lag,50.0,2000000,3,100,21.040483009369975,3.720703375597393,56.78406666666666,5.878127055826913,1162.06634381941,nan,nan,nan,nan,0,,0;1;2,earliest_complete_attempt
SafetyPointGoal1-v0,trpo_lag,25.0,2000000,5,100,24.179416848178995,0.09882292759311365,41.00014,0.7574504238562416,2368.711409239465,25.280382600397623,0.3278478188673005,41.85333333333333,1.6313116740150477,5,0/5,0;1;2;3;4,earliest_complete_attempt
SafetyPointGoal1-v0,trpo_lag,25.0,10000000,5,500,13.485545218434464,2.330105387600471,21.013620000000003,2.33582651333527,4592.194809239465,15.146095532752767,3.3839406331391024,24.04666666666667,6.269570249316224,5,3/5,0;1;2;3;4,earliest_complete_attempt
SafetyPointGoal1-v0,trpo_sotd_eps0.3_cap1,25.0,2000000,5,100,21.37234204502773,0.7330218310665569,37.1774,1.4367577537636622,2110.0493514842983,23.226350433479848,0.39813295102009677,37.12,1.3288926049743663,5,0/5,0;1;2;3;4,earliest_complete_attempt
SafetyPointGoal1-v0,trpo_sotd_eps0.3_cap2_gated,25.0,2000000,5,100,19.49274272026104,0.43115128381665774,35.50506,1.8067958928999144,1974.3992895387116,20.710039514017165,0.8244393499039678,30.6,3.8139072994619156,5,2/5,0;1;2;3;4,earliest_complete_attempt
SafetyPointGoal1-v0,trpo_sotd_eps0_cap1,25.0,2000000,5,100,21.50366399657863,0.7166930321692339,39.126,0.8461540397587183,2245.5594138009474,22.65050895710858,0.7739633788368248,42.00000000000001,6.276525932215827,5,0/5,0;1;2;3;4,earliest_complete_attempt
SafetyPointGoal1-v0,trpo_sotd_eps10_cap1,25.0,2000000,5,100,14.190899485535251,1.5441643472008155,27.15852,3.272052006371537,1156.6770787119908,15.503494394857986,1.9056559114914622,28.473333333333336,5.247331597001364,5,2/5,0;1;2;3;4,earliest_complete_attempt
SafetyPointGoal1-v0,trpo_sotd_eps1_cap0.05,25.0,2000000,3,100,21.93563462617912,1.6238718112276063,41.42356666666666,1.6425886889635855,2344.267542639956,22.685864644870076,2.1827715840946555,36.88888888888889,3.48634018725003,3,0/3,0;1;2,earliest_complete_attempt
SafetyPointGoal1-v0,trpo_sotd_eps1_cap0.1,25.0,2000000,3,100,22.8721034662267,0.38339980959493886,41.431266666666666,2.7190052895212324,2213.8470201924897,23.427114524237727,0.6024091252430898,45.17777777777778,5.004232776261747,3,0/3,0;1;2,earliest_complete_attempt
SafetyPointGoal1-v0,trpo_sotd_eps1_cap0.25,25.0,2000000,5,100,21.64709084781365,0.4830249894477465,38.07372,1.1305653879364976,2111.4883457352585,23.097060387074155,0.5607222187188927,42.14,2.7511694483134503,5,0/5,0;1;2;3;4,earliest_complete_attempt
SafetyPointGoal1-v0,trpo_sotd_eps1_cap0.25_gated,25.0,2000000,3,100,20.174602245390346,1.7960030657056767,36.1826,3.0713626818292457,2096.69599160486,21.387906064705998,1.9327177561130287,44.944444444444436,9.164390289741926,3,0/3,0;1;2,earliest_complete_attempt
SafetyPointGoal1-v0,trpo_sotd_eps1_cap0.5,25.0,2000000,5,100,19.354395819838746,0.35710873815593047,36.981440000000006,2.5771930235432503,1951.316981107019,19.290895571405617,0.8767995088854352,35.873333333333335,5.111527277743034,5,1/5,0;1;2;3;4,earliest_complete_attempt
SafetyPointGoal1-v0,trpo_sotd_eps1_cap0.5,25.0,10000000,3,500,19.34874680605554,0.6828502462777465,25.830233333333336,2.7836504164695506,3380.953259274152,20.715327118742138,1.1818480569560215,29.48888888888889,3.1089675154857574,3,1/3,0;1;2,earliest_complete_attempt
SafetyPointGoal1-v0,trpo_sotd_eps1_cap0.75,25.0,2000000,5,100,16.198828805072175,1.5209096827566317,27.59208,1.637490218718878,1481.4231457136307,16.421379727037255,1.9835542345149502,31.72,7.6376087008085625,5,3/5,0;1;2;3;4,earliest_complete_attempt
SafetyPointGoal1-v0,trpo_sotd_eps1_cap0.75,25.0,10000000,5,500,19.15300338854897,1.7916731227343425,23.907899999999998,2.3826724613341206,2263.9589457136303,20.70006170469914,1.522394208815212,24.96666666666667,3.180024458326627,5,3/5,0;1;2;3;4,earliest_complete_attempt
SafetyPointGoal1-v0,trpo_sotd_eps1_cap1,25.0,2000000,5,100,14.935173177996626,1.6791671745168721,26.63922,1.4914099129347376,1064.9588767791022,16.146282061971817,1.4528433350915142,27.22666666666667,3.5362158053804102,5,2/5,0;1;2;3;4,earliest_complete_attempt
SafetyPointGoal1-v0,trpo_sotd_eps1_cap1,25.0,10000000,5,500,17.73914024655663,1.4380150943693897,25.343780000000002,2.0768282739311887,2106.9194767791023,18.4114495864704,1.3986870946048011,27.173333333333336,2.309025768587263,5,1/5,0;1;2;3;4,earliest_complete_attempt
SafetyPointGoal1-v0,trpo_sotd_eps1_cap1.5,25.0,2000000,5,100,14.249357856976147,0.8963157042552832,27.02814,1.0955423207708597,972.7631590460909,14.692488826999554,0.9373327600850685,27.42666666666667,6.270091262848129,5,3/5,0;1;2;3;4,earliest_complete_attempt
SafetyPointGoal1-v0,trpo_sotd_eps1_cap1_anch2,25.0,2000000,3,100,13.084949991731682,1.216945655912081,30.28753333333333,2.781428812878573,1253.1683327646385,13.150286151188439,1.2097894064192054,31.866666666666664,5.577434695070645,3,0/3,0;1;2,earliest_complete_attempt
SafetyPointGoal1-v0,trpo_sotd_eps1_cap1_anch2_b2r200,25.0,10000000,3,500,19.526163247674166,0.6761682520007158,24.37076666666667,1.066650824361521,3163.6000971719964,21.978914690709797,0.7050018088759804,27.41111111111111,2.8396878632155738,3,1/3,0;1;2,earliest_complete_attempt
SafetyPointGoal1-v0,trpo_sotd_eps1_cap1_anch2_b2r40,25.0,2000000,3,100,15.806212925972021,2.811078211664291,30.867266666666666,2.077021349058415,1646.6774305053298,17.37467718136864,3.3142267512574706,27.744444444444444,1.9630223610859496,3,1/3,0;1;2,earliest_complete_attempt
SafetyPointGoal1-v0,trpo_sotd_eps1_cap1_b2r40,25.0,2000000,3,100,15.624048277323459,2.2409071045498226,26.93446666666667,0.840527075378566,1475.000763838663,17.81906108317287,2.161279895701479,35.03333333333333,3.7243940595902454,3,0/3,0;1;2,earliest_complete_attempt
SafetyPointGoal1-v0,trpo_sotd_eps1_cap2,25.0,2000000,5,100,14.041887707003687,1.7659123099979117,26.745219999999996,0.5192569714505522,784.4415995606608,15.606606665878505,1.9471908874085837,29.339999999999996,3.0131452743677065,5,1/5,0;1;2;3;4,earliest_complete_attempt
SafetyPointGoal1-v0,trpo_sotd_eps1_cap2_anch2,25.0,2000000,3,100,13.99824887215622,2.5045811974462175,26.49933333333333,2.0958884332054595,789.49965429646,15.546545742677237,3.9322049135709496,24.7,7.393716050609263,3,1/3,0;1;2,earliest_complete_attempt
SafetyPointGoal1-v0,trpo_sotd_eps1_cap2_anch2_b1.5r40,25.0,2000000,3,100,11.175518268124407,0.40725824023494056,24.522699999999997,2.0954751306883423,977.3273367593207,12.659612477668007,1.843970913638684,25.122222222222224,4.506017923939517,3,1/3,0;1;2,earliest_complete_attempt
SafetyPointGoal1-v0,trpo_sotd_eps1_cap2_anch3,25.0,2000000,3,100,12.334214143524,1.1995294216965409,24.5312,0.8548486084291982,895.4370034259873,14.784119920944681,2.615927319623954,30.055555555555554,3.9534950938113136,3,1/3,0;1;2,earliest_complete_attempt
SafetyPointGoal1-v0,trpo_sotd_eps1_cap4,25.0,2000000,5,100,12.178505640445096,0.6967953347648684,27.203380000000003,1.4347800899092522,682.4425865461938,13.475428748569488,1.4584337020483107,29.78,2.694286135097343,5,1/5,0;1;2;3;4,earliest_complete_attempt
SafetyPointGoal1-v0,trpo_sotd_eps3_cap1,25.0,2000000,5,100,14.258040876046683,0.8958806385954344,26.90414,2.2186697369369783,1171.7178787119906,16.437687131373078,1.0138116813207896,25.893333333333334,0.7812667775976254,5,2/5,0;1;2;3;4,earliest_complete_attempt
SafetyPointPush1-v0,cpo,25.0,2000000,3,100,0.598430415297835,0.11905083177495315,25.5488,7.42142717900899,770.3083532500708,nan,nan,nan,nan,0,,0;1;2,earliest_complete_attempt
SafetyPointPush1-v0,cup,25.0,2000000,3,100,0.42553868106780834,0.044795213921900466,33.0251,9.885323709418925,1150.8090196483897,nan,nan,nan,nan,0,,0;1;2,earliest_complete_attempt
SafetyPointPush1-v0,focops,25.0,2000000,3,100,0.175265737373434,0.19416189559382416,17.816666666666666,3.2060323487312337,958.2044207913331,nan,nan,nan,nan,0,,0;1;2,earliest_complete_attempt
SafetyPointPush1-v0,ppo_lag,25.0,2000000,3,100,0.5929249451684155,0.05388115181457911,40.8464,10.156374917426662,1573.1796901118007,nan,nan,nan,nan,0,,0;1;2,earliest_complete_attempt
SafetyPointPush1-v0,trpo_lag,25.0,2000000,3,100,1.096025727993997,0.3028337768188145,17.3405,3.326453601560277,1099.9115025821786,0.6686702452198762,0.12531032413307416,6.266666666666666,1.1269427669584644,3,3/3,0;1;2,earliest_complete_attempt
SafetyPointPush1-v0,trpo_sotd_eps1_cap0.1,25.0,2000000,3,100,0.8495145162898826,0.1742490697890513,24.827766666666673,6.09557809025891,948.3574806653269,0.8691139156718166,0.19240951796034847,23.677777777777777,15.781497996462367,3,2/3,0;1;2,earliest_complete_attempt
SafetyPointPush1-v0,trpo_sotd_eps1_cap0.5,25.0,2000000,3,100,1.1009651178560753,0.3873248319963064,29.706266666666668,8.807025497547086,745.3009116414931,0.6819687875847801,0.13307876037129845,14.31111111111111,9.174629538051867,3,2/3,0;1;2,earliest_complete_attempt
SafetyPointPush1-v0,trpo_sotd_eps1_cap1,25.0,2000000,3,100,1.2253715710673758,0.15494712236457606,23.23806666666667,1.908399754011488,639.4121675891334,0.8843960646093478,0.047000976987456304,24.41111111111111,18.735363011174723,3,2/3,0;1;2,earliest_complete_attempt
SafetyPointPush1-v0,trpo_sotd_eps1_cap2,25.0,2000000,3,100,0.735105492077394,0.3032719440878101,22.688333333333333,3.7578342194821612,574.0155265268837,0.6532866989595844,0.1670901157552905,14.122222222222222,8.970328317484082,3,2/3,0;1;2,earliest_complete_attempt
SafetyWalker2dVelocity-v1,cpo,25.0,2000000,5,100,1093.196946015683,344.8595162689392,24.329436836522973,0.7492924181194578,116.91363258369475,1396.544873443548,501.32070234359935,15.2,6.476247198631147,5,3/5,0;1;2;3;4,earliest_complete_attempt
SafetyWalker2dVelocity-v1,cpo,25.0,10000000,3,500,2994.020965568156,10.9985886956208,22.63075824706694,1.048026183096139,992.906820378104,3055.3535330247855,42.27480080906036,7.411111111111111,2.651437997915494,3,3/3,0;1;2,earliest_complete_attempt
SafetyWalker2dVelocity-v1,focops,25.0,2000000,3,100,2163.194375537983,210.64063659240128,24.443835343212484,8.582185858857297,1250.330278252731,2554.341939831229,39.52074388910992,0.2888888888888889,0.28888888888888886,3,3/3,0;1;2,earliest_complete_attempt
SafetyWalker2dVelocity-v1,ppo_lag,25.0,2000000,3,100,1259.8297513965842,662.1703489594742,33.990399873015406,9.189955939817892,884.0009178794049,1446.8589435544393,761.3631158877436,27.166666666666668,14.463901425426146,3,1/3,0;1;2,earliest_complete_attempt
SafetyWalker2dVelocity-v1,trpo_lag,25.0,2000000,5,100,2069.5577260143286,393.82608708657324,18.96630857922648,2.398082178042156,1101.5052294117406,2230.5545350995735,404.6587629008814,13.273333333333335,4.211220461787505,5,5/5,0;1;2;3;4,earliest_complete_attempt
SafetyWalker2dVelocity-v1,trpo_lag,25.0,10000000,3,500,2291.5466056046957,772.5087743370706,28.640464163270916,10.822779676635832,2945.0040911345786,2326.7912063585622,792.654291269255,7.977777777777777,5.728238476999951,3,3/3,0;1;2,earliest_complete_attempt
SafetyWalker2dVelocity-v1,trpo_sotd_eps1_cap0.1,25.0,2000000,5,100,2509.7367593902845,68.73797929868813,23.37860734404082,3.2573538984336845,839.2032854497384,2700.105222728521,87.19563560604816,5.1066666666666665,2.118972497330828,5,5/5,0;1;2;3;4,earliest_complete_attempt
SafetyWalker2dVelocity-v1,trpo_sotd_eps1_cap0.25,25.0,2000000,3,100,2358.669705803881,152.12646982580222,23.73675181894863,3.9096521578102523,708.530245192104,2724.664529162584,99.49140249741063,12.222222222222223,11.439799488875627,3,2/3,0;1;2,earliest_complete_attempt
SafetyWalker2dVelocity-v1,trpo_sotd_eps1_cap0.25,25.0,10000000,3,500,3011.8893089404537,49.364118810350206,27.53967667356798,8.633278407994613,2143.0338888880233,3129.2769447836085,50.33499583446487,6.333333333333333,2.3488373798620112,3,3/3,0;1;2,earliest_complete_attempt
SafetyWalker2dVelocity-v1,trpo_sotd_eps1_cap0.5,25.0,10000000,3,500,2257.096135497483,765.8436627388623,25.166705261070675,1.2962401222767976,1204.9231608111058,2321.028077356308,803.0587221791178,16.588888888888892,5.001197387490518,3,3/3,0;1;2,earliest_complete_attempt
SafetyWalker2dVelocity-v1,trpo_sotd_eps1_cap1,25.0,2000000,5,100,1338.9053688301933,473.33679664810177,22.37136204636739,3.6088476038036674,481.50564986050415,1484.5535457965418,501.37825202939274,23.406666666666666,9.410799942382983,5,2/5,0;1;2;3;4,earliest_complete_attempt
SafetyWalker2dVelocity-v1,trpo_sotd_eps1_cap1,25.0,10000000,3,500,2155.00049128025,715.3910941157858,24.350505709399005,4.979636499861375,1652.0552441143066,2189.316750255619,779.325007108252,15.533333333333331,4.712159212552611,3,3/3,0;1;2,earliest_complete_attempt
SafetyWalker2dVelocity-v1,trpo_sotd_eps1_cap2,25.0,2000000,3,100,1283.310572637716,664.2934809904621,24.984660166426593,2.9181826745602204,462.5180918051986,1344.6510722654293,700.3491348873947,17.88888888888889,8.95737505641215,3,1/3,0;1;2,earliest_complete_attempt
