env,seed,metric,combo,inner_reward,outer_reward,job,reward,success,joint,any_event,cost_mean,event,excess,counterfactual_shaped_reward,penalty,gradient_steps,selection_steps,acceptance_steps,actual_steps,PPO_optimizer_steps,installs,middle_selected,middle_installed,selection_reward_flips,acceptance_reward_flips,wall_seconds_training_finaleval
DiagReachK2,180,KL,RR,raw,raw,development_DiagReachK2_s180_KL_RR,9.326186906726349,1.0,0.9647435897435898,0.035256410256410256,"[5.78119975175613, 5.569073357643226]","[0.035256410256410256, 0.0]","[0.0002693801354139279, 0.0]",9.32484000604928,0.0013469006770696396,6000,3600,2400,12000,320,6,4,3,0,0,35.65052533149719
DiagReachK2,180,KL,RS,raw,shaped,development_DiagReachK2_s180_KL_RS,9.326186906726349,1.0,0.9647435897435898,0.035256410256410256,"[5.78119975175613, 5.569073357643226]","[0.035256410256410256, 0.0]","[0.0002693801354139279, 0.0]",9.32484000604928,0.0013469006770696396,6000,3600,2400,12000,320,6,4,3,0,0,31.483190536499023
DiagReachK2,180,KL,SR,shaped,raw,development_DiagReachK2_s180_KL_SR,9.258066771362902,1.0,1.0,0.0,"[5.133363372240311, 5.643973929759784]","[0.0, 0.0]","[0.0, 0.0]",9.258066771362902,0.0,6000,3600,2400,12000,328,5,3,2,0,0,40.6384642124176
DiagReachK2,180,KL,SS,shaped,shaped,development_DiagReachK2_s180_KL_SS,9.258066771362902,1.0,1.0,0.0,"[5.133363372240311, 5.643973929759784]","[0.0, 0.0]","[0.0, 0.0]",9.258066771362902,0.0,6000,3600,2400,12000,328,5,3,2,0,0,33.23584604263306
DiagReachK2,180,W2,RR,raw,raw,development_DiagReachK2_s180_W2_RR,9.284244148584316,1.0,0.9935897435897436,0.00641025641025641,"[5.717896064122518, 5.542125781377156]","[0.00641025641025641, 0.0]","[3.2116205264360477e-05, 0.0]",9.284083567557994,0.00016058102632180238,6000,3600,2400,12000,324,10,6,5,0,0,36.80027937889099
DiagReachK2,180,W2,RS,raw,shaped,development_DiagReachK2_s180_W2_RS,9.284244148584316,1.0,0.9935897435897436,0.00641025641025641,"[5.717896064122518, 5.542125781377156]","[0.00641025641025641, 0.0]","[3.2116205264360477e-05, 0.0]",9.284083567557994,0.00016058102632180238,6000,3600,2400,12000,324,10,6,5,0,0,31.501492500305176
DiagReachK2,180,W2,SR,shaped,raw,development_DiagReachK2_s180_W2_SR,9.270042716731686,1.0,1.0,0.0,"[5.57439017143005, 5.24321849988057]","[0.0, 0.0]","[0.0, 0.0]",9.270042716731686,0.0,6000,3600,2400,12000,344,6,4,3,0,0,34.12091875076294
DiagReachK2,180,W2,SS,shaped,shaped,development_DiagReachK2_s180_W2_SS,9.270042716731686,1.0,1.0,0.0,"[5.57439017143005, 5.24321849988057]","[0.0, 0.0]","[0.0, 0.0]",9.270042716731686,0.0,6000,3600,2400,12000,344,6,4,3,0,0,33.696372509002686
DiagReachK2,186,KL,RR,raw,raw,development_DiagReachK2_s186_KL_RR,9.106398917610745,1.0,0.9551282051282052,0.04487179487179487,"[5.808067392080258, 5.509406835604937]","[0.04487179487179487, 0.0]","[0.0003047588034572755, 0.0]",9.104875121046252,0.0015237965644934238,6000,3600,2400,12000,364,9,4,3,0,0,33.859684467315674
DiagReachK2,186,KL,RS,raw,shaped,development_DiagReachK2_s186_KL_RS,9.106398917610745,1.0,0.9551282051282052,0.04487179487179487,"[5.808067392080258, 5.509406835604937]","[0.04487179487179487, 0.0]","[0.0003047588034572755, 0.0]",9.104875121046252,0.0015237965644934238,6000,3600,2400,12000,364,9,4,3,0,0,32.712541341781616
DiagReachK2,186,KL,SR,shaped,raw,development_DiagReachK2_s186_KL_SR,9.302514538328923,1.0,1.0,0.0,"[5.376417558926803, 5.387055586545896]","[0.0, 0.0]","[0.0, 0.0]",9.302514538328923,0.0,6000,3600,2400,12000,276,10,7,6,0,0,58.39112949371338
DiagReachK2,186,KL,SS,shaped,shaped,development_DiagReachK2_s186_KL_SS,9.302514538328923,1.0,1.0,0.0,"[5.376417558926803, 5.387055586545896]","[0.0, 0.0]","[0.0, 0.0]",9.302514538328923,0.0,6000,3600,2400,12000,276,10,7,6,0,0,54.29305410385132
DiagReachK2,186,W2,RR,raw,raw,development_DiagReachK2_s186_W2_RR,9.310231216394344,1.0,1.0,0.0,"[5.706812169307318, 5.575414122679295]","[0.0, 0.0]","[0.0, 0.0]",9.310231216394344,0.0,6000,3600,2400,12000,380,11,4,4,0,0,34.10939884185791
DiagReachK2,186,W2,RS,raw,shaped,development_DiagReachK2_s186_W2_RS,9.310231216394344,1.0,1.0,0.0,"[5.706812169307318, 5.575414122679295]","[0.0, 0.0]","[0.0, 0.0]",9.310231216394344,0.0,6000,3600,2400,12000,380,11,4,4,0,0,50.212692737579346
DiagReachK2,186,W2,SR,shaped,raw,development_DiagReachK2_s186_W2_SR,9.108127078625168,1.0,0.9583333333333334,0.041666666666666664,"[5.280164179129478, 5.888227513203254]","[0.0, 0.041666666666666664]","[0.0, 0.00010461557624686383]",9.107603998196726,0.0005230804284413656,6000,3600,2400,12000,348,12,7,6,0,0,54.44444990158081
DiagReachK2,186,W2,SS,shaped,shaped,development_DiagReachK2_s186_W2_SS,9.108127078625168,1.0,0.9583333333333334,0.041666666666666664,"[5.280164179129478, 5.888227513203254]","[0.0, 0.041666666666666664]","[0.0, 0.00010461557624686383]",9.107603998196726,0.0005230804284413656,6000,3600,2400,12000,348,12,7,6,0,0,33.2846884727478
DiagReachK2,187,KL,RR,raw,raw,development_DiagReachK2_s187_KL_RR,8.994914557128094,1.0,0.9935897435897436,0.00641025641025641,"[5.479942109340277, 5.352757533391316]","[0.00641025641025641, 0.0]","[6.0258767543694914e-05, 0.0]",8.994613263290375,0.00030129383771847456,6000,3600,2400,12000,384,1,0,0,0,0,34.76923704147339
DiagReachK2,187,KL,RS,raw,shaped,development_DiagReachK2_s187_KL_RS,8.994914557128094,1.0,0.9935897435897436,0.00641025641025641,"[5.479942109340277, 5.352757533391316]","[0.00641025641025641, 0.0]","[6.0258767543694914e-05, 0.0]",8.994613263290375,0.00030129383771847456,6000,3600,2400,12000,384,1,0,0,0,0,33.31725335121155
DiagReachK2,187,KL,SR,shaped,raw,development_DiagReachK2_s187_KL_SR,9.085808356854418,1.0,1.0,0.0,"[5.333712535026746, 5.4189971058796615]","[0.0, 0.0]","[0.0, 0.0]",9.085808356854418,0.0,6000,3600,2400,12000,360,6,4,4,0,0,34.57874917984009
DiagReachK2,187,KL,SS,shaped,shaped,development_DiagReachK2_s187_KL_SS,9.085808356854418,1.0,1.0,0.0,"[5.333712535026746, 5.4189971058796615]","[0.0, 0.0]","[0.0, 0.0]",9.085808356854418,0.0,6000,3600,2400,12000,360,6,4,4,0,0,33.22596764564514
DiagReachK2,187,W2,RR,raw,raw,development_DiagReachK2_s187_W2_RR,8.994914557128094,1.0,0.9935897435897436,0.00641025641025641,"[5.479942109340277, 5.352757533391316]","[0.00641025641025641, 0.0]","[6.0258767543694914e-05, 0.0]",8.994613263290375,0.00030129383771847456,6000,3600,2400,12000,384,1,0,0,0,0,35.94219923019409
DiagReachK2,187,W2,RS,raw,shaped,development_DiagReachK2_s187_W2_RS,8.994914557128094,1.0,0.9935897435897436,0.00641025641025641,"[5.479942109340277, 5.352757533391316]","[0.00641025641025641, 0.0]","[6.0258767543694914e-05, 0.0]",8.994613263290375,0.00030129383771847456,6000,3600,2400,12000,384,1,0,0,0,0,38.33386826515198
DiagReachK2,187,W2,SR,shaped,raw,development_DiagReachK2_s187_W2_SR,9.370335932867507,1.0,1.0,0.0,"[5.402620552442013, 5.7380793919930095]","[0.0, 0.0]","[0.0, 0.0]",9.370335932867507,0.0,6000,3600,2400,12000,364,4,4,3,0,0,56.4090051651001
DiagReachK2,187,W2,SS,shaped,shaped,development_DiagReachK2_s187_W2_SS,9.370335932867507,1.0,1.0,0.0,"[5.402620552442013, 5.7380793919930095]","[0.0, 0.0]","[0.0, 0.0]",9.370335932867507,0.0,6000,3600,2400,12000,364,4,4,3,0,0,33.05551052093506
DiagReachK3,180,KL,RR,raw,raw,development_DiagReachK3_s180_KL_RR,9.637614421992792,1.0,0.9967948717948718,0.003205128205128205,"[6.676085574504657, 6.0904328884222565, 11.710957190929316]","[0.003205128205128205, 0.0, 0.0]","[1.3161054897655648e-06, 0.0, 0.0]",9.637607840646599,6.581346193949382e-06,6000,3600,2400,12000,364,10,5,5,0,0,41.010947942733765
DiagReachK3,180,KL,RS,raw,shaped,development_DiagReachK3_s180_KL_RS,9.637614421992792,1.0,0.9967948717948718,0.003205128205128205,"[6.676085574504657, 6.0904328884222565, 11.710957190929316]","[0.003205128205128205, 0.0, 0.0]","[1.3161054897655648e-06, 0.0, 0.0]",9.637607840646599,6.581346193949382e-06,6000,3600,2400,12000,364,10,5,5,0,0,73.92967510223389
DiagReachK3,180,KL,SR,shaped,raw,development_DiagReachK3_s180_KL_SR,9.58591162553945,1.0,1.0,0.0,"[6.642556499212216, 5.837701782202109, 11.408811474457766]","[0.0, 0.0, 0.0]","[0.0, 0.0, 0.0]",9.58591162553945,0.0,6000,3600,2400,12000,344,9,6,4,0,0,55.48548197746277
DiagReachK3,180,KL,SS,shaped,shaped,development_DiagReachK3_s180_KL_SS,9.58591162553945,1.0,1.0,0.0,"[6.642556499212216, 5.837701782202109, 11.408811474457766]","[0.0, 0.0, 0.0]","[0.0, 0.0, 0.0]",9.58591162553945,0.0,6000,3600,2400,12000,344,9,6,4,0,0,43.24523663520813
DiagReachK3,180,W2,RR,raw,raw,development_DiagReachK3_s180_W2_RR,9.57039835321139,1.0,1.0,0.0,"[6.513550072144239, 5.921255010824937, 11.417883286109337]","[0.0, 0.0, 0.0]","[0.0, 0.0, 0.0]",9.57039835321139,0.0,6000,3600,2400,12000,344,9,5,5,0,0,41.449087142944336
DiagReachK3,180,W2,RS,raw,shaped,development_DiagReachK3_s180_W2_RS,9.57039835321139,1.0,1.0,0.0,"[6.513550072144239, 5.921255010824937, 11.417883286109337]","[0.0, 0.0, 0.0]","[0.0, 0.0, 0.0]",9.57039835321139,0.0,6000,3600,2400,12000,344,9,5,5,0,0,40.878568172454834
DiagReachK3,180,W2,SR,shaped,raw,development_DiagReachK3_s180_W2_SR,9.520693210749078,1.0,1.0,0.0,"[6.34408733019462, 6.093345953867986, 11.364460890109722]","[0.0, 0.0, 0.0]","[0.0, 0.0, 0.0]",9.520693210749078,0.0,6000,3600,2400,12000,324,10,7,5,0,0,41.30225658416748
DiagReachK3,180,W2,SS,shaped,shaped,development_DiagReachK3_s180_W2_SS,9.520693210749078,1.0,1.0,0.0,"[6.34408733019462, 6.093345953867986, 11.364460890109722]","[0.0, 0.0, 0.0]","[0.0, 0.0, 0.0]",9.520693210749078,0.0,6000,3600,2400,12000,324,10,7,5,0,0,45.01819038391113
DiagReachK3,186,KL,RR,raw,raw,development_DiagReachK3_s186_KL_RR,9.610413685116285,1.0,1.0,0.0,"[6.635028346990928, 6.2040528655052185, 11.742334463657476]","[0.0, 0.0, 0.0]","[0.0, 0.0, 0.0]",9.610413685116285,0.0,6000,3600,2400,12000,320,6,4,2,0,0,44.02936267852783
DiagReachK3,186,KL,RS,raw,shaped,development_DiagReachK3_s186_KL_RS,9.610413685116285,1.0,1.0,0.0,"[6.635028346990928, 6.2040528655052185, 11.742334463657476]","[0.0, 0.0, 0.0]","[0.0, 0.0, 0.0]",9.610413685116285,0.0,6000,3600,2400,12000,320,6,4,2,0,0,41.769922733306885
DiagReachK3,186,KL,SR,shaped,raw,development_DiagReachK3_s186_KL_SR,9.442499533895505,1.0,1.0,0.0,"[6.707820803691179, 6.19023214548062, 11.807284220671042]","[0.0, 0.0, 0.0]","[0.0, 0.0, 0.0]",9.442499533895505,0.0,6000,3600,2400,12000,384,6,1,1,0,0,43.09657049179077
DiagReachK3,186,KL,SS,shaped,shaped,development_DiagReachK3_s186_KL_SS,9.442499533895505,1.0,1.0,0.0,"[6.707820803691179, 6.19023214548062, 11.807284220671042]","[0.0, 0.0, 0.0]","[0.0, 0.0, 0.0]",9.442499533895505,0.0,6000,3600,2400,12000,384,6,1,1,0,0,42.75059366226196
DiagReachK3,186,W2,RR,raw,raw,development_DiagReachK3_s186_W2_RR,9.610503257593646,1.0,1.0,0.0,"[6.600885394292, 6.137951889099219, 11.627254107059576]","[0.0, 0.0, 0.0]","[0.0, 0.0, 0.0]",9.610503257593646,0.0,6000,3600,2400,12000,348,6,2,2,0,0,45.2400381565094
DiagReachK3,186,W2,RS,raw,shaped,development_DiagReachK3_s186_W2_RS,9.610503257593646,1.0,1.0,0.0,"[6.600885394292, 6.137951889099219, 11.627254107059576]","[0.0, 0.0, 0.0]","[0.0, 0.0, 0.0]",9.610503257593646,0.0,6000,3600,2400,12000,348,6,2,2,0,0,43.524789810180664
DiagReachK3,186,W2,SR,shaped,raw,development_DiagReachK3_s186_W2_SR,9.33413079623133,1.0,1.0,0.0,"[6.338576837992057, 5.403796257116856, 10.720405835371752]","[0.0, 0.0, 0.0]","[0.0, 0.0, 0.0]",9.33413079623133,0.0,6000,3600,2400,12000,348,8,6,3,0,0,42.74347424507141
DiagReachK3,186,W2,SS,shaped,shaped,development_DiagReachK3_s186_W2_SS,9.33413079623133,1.0,1.0,0.0,"[6.338576837992057, 5.403796257116856, 10.720405835371752]","[0.0, 0.0, 0.0]","[0.0, 0.0, 0.0]",9.33413079623133,0.0,6000,3600,2400,12000,348,8,6,3,0,0,43.71750283241272
DiagReachK3,187,KL,RR,raw,raw,development_DiagReachK3_s187_KL_RR,9.464925675246363,1.0,0.9871794871794872,0.01282051282051282,"[6.642750241817573, 6.180363279122573, 11.754791183349413]","[0.01282051282051282, 0.0, 0.0]","[7.813120936299398e-05, 0.0, 0.0]",9.464535018380802,0.00039065686556009145,6000,3600,2400,12000,356,3,1,1,0,0,43.7635931968689
DiagReachK3,187,KL,RS,raw,shaped,development_DiagReachK3_s187_KL_RS,9.464925675246363,1.0,0.9871794871794872,0.01282051282051282,"[6.642750241817573, 6.180363279122573, 11.754791183349413]","[0.01282051282051282, 0.0, 0.0]","[7.813120936299398e-05, 0.0, 0.0]",9.464535018380802,0.00039065686556009145,6000,3600,2400,12000,356,3,1,1,0,0,43.501840591430664
DiagReachK3,187,KL,SR,shaped,raw,development_DiagReachK3_s187_KL_SR,9.427121689426077,1.0,1.0,0.0,"[5.8440884076631985, 6.034523534469115, 10.732657961356335]","[0.0, 0.0, 0.0]","[0.0, 0.0, 0.0]",9.427121689426077,0.0,6000,3600,2400,12000,388,5,5,1,0,0,47.268818616867065
DiagReachK3,187,KL,SS,shaped,shaped,development_DiagReachK3_s187_KL_SS,9.427121689426077,1.0,1.0,0.0,"[5.8440884076631985, 6.034523534469115, 10.732657961356335]","[0.0, 0.0, 0.0]","[0.0, 0.0, 0.0]",9.427121689426077,0.0,6000,3600,2400,12000,388,5,5,1,0,0,44.68392086029053
DiagReachK3,187,W2,RR,raw,raw,development_DiagReachK3_s187_W2_RR,9.201176203817475,1.0,1.0,0.0,"[6.239341075603779, 5.292645384103824, 10.40643898034707]","[0.0, 0.0, 0.0]","[0.0, 0.0, 0.0]",9.201176203817475,0.0,6000,3600,2400,12000,368,7,7,4,0,0,43.11934804916382
DiagReachK3,187,W2,RS,raw,shaped,development_DiagReachK3_s187_W2_RS,9.201176203817475,1.0,1.0,0.0,"[6.239341075603779, 5.292645384103824, 10.40643898034707]","[0.0, 0.0, 0.0]","[0.0, 0.0, 0.0]",9.201176203817475,0.0,6000,3600,2400,12000,368,7,7,4,0,0,44.35375094413757
DiagReachK3,187,W2,SR,shaped,raw,development_DiagReachK3_s187_W2_SR,9.29697274973531,1.0,1.0,0.0,"[5.371132567906991, 5.93892966172634, 10.296573421893976]","[0.0, 0.0, 0.0]","[0.0, 0.0, 0.0]",9.29697274973531,0.0,6000,3600,2400,12000,332,4,4,3,0,0,46.34978652000427
DiagReachK3,187,W2,SS,shaped,shaped,development_DiagReachK3_s187_W2_SS,9.29697274973531,1.0,1.0,0.0,"[5.371132567906991, 5.93892966172634, 10.296573421893976]","[0.0, 0.0, 0.0]","[0.0, 0.0, 0.0]",9.29697274973531,0.0,6000,3600,2400,12000,332,4,4,3,0,0,43.142489194869995
