queue,task,arm,training_seed,mode,episodes,reward,cost,episode_budget_exceedance,checkpoint_sha256
runs_effect_v1,SafetyCarBuildingGoal2-v0,penalty_lambda0.1,1,deterministic,30,28.06605228406973,197.9,1.0,b88a4a275d175682e532de0e00923192e171507c3d26200587f863be751cda0a
runs_effect_v1,SafetyCarBuildingGoal2-v0,penalty_lambda0.1,1,stochastic,30,30.42239984921016,197.4,1.0,b88a4a275d175682e532de0e00923192e171507c3d26200587f863be751cda0a
runs_effect_v1,SafetyCarBuildingGoal2-v0,penalty_lambda0.1,2,deterministic,30,29.617057888897346,202.5,1.0,f0d7841b561d26c451360f658d2588b88339fe58a5f3b2811312603e77e5d4a8
runs_effect_v1,SafetyCarBuildingGoal2-v0,penalty_lambda0.1,2,stochastic,30,29.590818306287932,147.13333333333333,1.0,f0d7841b561d26c451360f658d2588b88339fe58a5f3b2811312603e77e5d4a8
runs_effect_v1,SafetyCarBuildingGoal2-v0,penalty_lambda0.1,3,deterministic,30,25.36994293306382,228.83333333333334,0.9666666666666667,db780bf4eed0c68535a8a8096096125aac817dbb9d34069860db91023060f7a0
runs_effect_v1,SafetyCarBuildingGoal2-v0,penalty_lambda0.1,3,stochastic,30,27.08796296431743,177.36666666666667,0.9666666666666667,db780bf4eed0c68535a8a8096096125aac817dbb9d34069860db91023060f7a0
runs_effect_v1,SafetyCarBuildingGoal2-v0,penalty_lambda10,1,deterministic,30,0.22712875571894003,29.033333333333335,0.2,71f2757b21444b89a1ee3ac0b9baaa70739fa0140f77746b5164e4a032d574b3
runs_effect_v1,SafetyCarBuildingGoal2-v0,penalty_lambda10,1,stochastic,30,-0.1821560503471316,42.63333333333333,0.3333333333333333,71f2757b21444b89a1ee3ac0b9baaa70739fa0140f77746b5164e4a032d574b3
runs_effect_v1,SafetyCarBuildingGoal2-v0,penalty_lambda10,2,deterministic,30,-0.07031639417099496,50.166666666666664,0.43333333333333335,0dc972ac0bc6c20116ecea72a7ed02ac3d206406bffbf207ed2ef524b1b65d5b
runs_effect_v1,SafetyCarBuildingGoal2-v0,penalty_lambda10,2,stochastic,30,0.5528586703406432,27.466666666666665,0.16666666666666666,0dc972ac0bc6c20116ecea72a7ed02ac3d206406bffbf207ed2ef524b1b65d5b
runs_effect_v1,SafetyCarBuildingGoal2-v0,penalty_lambda10,3,deterministic,30,-0.7497991209872495,33.266666666666666,0.26666666666666666,3c80bcb17f383d1529e3b0b45a8f940a0911ca82faaa8ed146d0b65810dda7cf
runs_effect_v1,SafetyCarBuildingGoal2-v0,penalty_lambda10,3,stochastic,30,-0.01758054570056955,17.4,0.06666666666666667,3c80bcb17f383d1529e3b0b45a8f940a0911ca82faaa8ed146d0b65810dda7cf
runs_effect_v1,SafetyCarBuildingGoal2-v0,penalty_lambda1,1,deterministic,30,10.172743187533728,119.0,0.7333333333333333,e487c6911f073f6411e8fd9cd065101eaff59bd36ff989e2cd1077f209519967
runs_effect_v1,SafetyCarBuildingGoal2-v0,penalty_lambda1,1,stochastic,30,9.26607656199133,99.43333333333334,0.7,e487c6911f073f6411e8fd9cd065101eaff59bd36ff989e2cd1077f209519967
runs_effect_v1,SafetyCarBuildingGoal2-v0,penalty_lambda1,2,deterministic,30,10.136170140430282,61.2,0.7333333333333333,3f4432e8a4369ac877900be61b8eea70e64e16ea45a6223d19bf1d677bd0da1d
runs_effect_v1,SafetyCarBuildingGoal2-v0,penalty_lambda1,2,stochastic,30,9.655040250086907,72.3,0.6333333333333333,3f4432e8a4369ac877900be61b8eea70e64e16ea45a6223d19bf1d677bd0da1d
runs_effect_v1,SafetyCarBuildingGoal2-v0,penalty_lambda1,3,deterministic,30,10.854579676105445,86.56666666666666,0.7333333333333333,4cbc897bfb22a0ceafe45cac18b9dfa3c570360113db285629dc424aed5d64c1
runs_effect_v1,SafetyCarBuildingGoal2-v0,penalty_lambda1,3,stochastic,30,9.086117730392047,73.96666666666667,0.6333333333333333,4cbc897bfb22a0ceafe45cac18b9dfa3c570360113db285629dc424aed5d64c1
runs_effect_v1,SafetyCarBuildingGoal2-v0,safeot_eps0.1,1,deterministic,30,4.989130391547174,36.93333333333333,0.3,fc62842e4ea42d1f9543da2d83a16276c597daa06e60a3014be08957c31faa6d
runs_effect_v1,SafetyCarBuildingGoal2-v0,safeot_eps0.1,1,stochastic,30,4.326164437769308,38.1,0.36666666666666664,fc62842e4ea42d1f9543da2d83a16276c597daa06e60a3014be08957c31faa6d
runs_effect_v1,SafetyCarBuildingGoal2-v0,safeot_eps0.1,2,deterministic,30,5.86301200483831,50.3,0.43333333333333335,90c3b20c04a788e2a0fa55fbcd105e4f6221f982f9864730fa0716530e75e869
runs_effect_v1,SafetyCarBuildingGoal2-v0,safeot_eps0.1,2,stochastic,30,5.602520441956706,34.8,0.3333333333333333,90c3b20c04a788e2a0fa55fbcd105e4f6221f982f9864730fa0716530e75e869
runs_effect_v1,SafetyCarBuildingGoal2-v0,safeot_eps0.1,3,deterministic,30,5.747606788131355,32.0,0.36666666666666664,a9aa5c27d62f2f475164ae4258dd75401320f8b4d26e197f6a7dea7ffb704496
runs_effect_v1,SafetyCarBuildingGoal2-v0,safeot_eps0.1,3,stochastic,30,4.906853927855367,39.13333333333333,0.36666666666666664,a9aa5c27d62f2f475164ae4258dd75401320f8b4d26e197f6a7dea7ffb704496
runs_effect_v1,SafetyCarBuildingGoal2-v0,safeot_eps1,1,deterministic,30,3.8230081975943135,37.03333333333333,0.3333333333333333,54c32a0f63b14c8cd62ad90cd6eea89908bc8f18b25d4243aa17f59f1ecbb2f4
runs_effect_v1,SafetyCarBuildingGoal2-v0,safeot_eps1,1,stochastic,30,4.550648579641188,61.63333333333333,0.43333333333333335,54c32a0f63b14c8cd62ad90cd6eea89908bc8f18b25d4243aa17f59f1ecbb2f4
runs_effect_v1,SafetyCarBuildingGoal2-v0,safeot_eps1,2,deterministic,30,2.1073021002936163,36.233333333333334,0.3333333333333333,57c35aa5fd57a19bf1adc63e0969541cbe313bbd39d886c87fae366f29c69b1f
runs_effect_v1,SafetyCarBuildingGoal2-v0,safeot_eps1,2,stochastic,30,2.9786337824413103,21.6,0.26666666666666666,57c35aa5fd57a19bf1adc63e0969541cbe313bbd39d886c87fae366f29c69b1f
runs_effect_v1,SafetyCarBuildingGoal2-v0,safeot_eps1,3,deterministic,30,2.604784616910423,15.8,0.26666666666666666,eecdba561ad2c97f749303c267a121a27be5946fab0c0b0a9ad7fee6a8a532e9
runs_effect_v1,SafetyCarBuildingGoal2-v0,safeot_eps1,3,stochastic,30,2.64874683251711,19.166666666666668,0.3,eecdba561ad2c97f749303c267a121a27be5946fab0c0b0a9ad7fee6a8a532e9
runs_effect_v1,SafetyCarBuildingGoal2-v0,safeot_eps3,1,deterministic,30,2.481141717010743,28.7,0.36666666666666664,aa9f0973a323a35f22a403fba58f4ebdcf78cde3c4a638e3895564469b65e018
runs_effect_v1,SafetyCarBuildingGoal2-v0,safeot_eps3,1,stochastic,30,5.29660605791635,34.46666666666667,0.36666666666666664,aa9f0973a323a35f22a403fba58f4ebdcf78cde3c4a638e3895564469b65e018
runs_effect_v1,SafetyCarBuildingGoal2-v0,safeot_eps3,2,deterministic,30,5.849232118680462,44.733333333333334,0.5,25f7e7be50f6eb1272c016c4cb3be3780ff81f9ec13bdfee8779a7b3b2ba758e
runs_effect_v1,SafetyCarBuildingGoal2-v0,safeot_eps3,2,stochastic,30,3.146012156380291,44.3,0.43333333333333335,25f7e7be50f6eb1272c016c4cb3be3780ff81f9ec13bdfee8779a7b3b2ba758e
runs_effect_v1,SafetyCarBuildingGoal2-v0,safeot_eps3,3,deterministic,30,2.383101928204929,42.666666666666664,0.2,f52b425435cf9db26e73574504d485ca376670c4d613777bf864ade6bb8dfcc9
runs_effect_v1,SafetyCarBuildingGoal2-v0,safeot_eps3,3,stochastic,30,3.5318215191228504,24.866666666666667,0.36666666666666664,f52b425435cf9db26e73574504d485ca376670c4d613777bf864ade6bb8dfcc9
runs_effect_v1,SafetyPointBuildingButton1-v0,penalty_lambda0.1,1,deterministic,30,29.10652785695061,171.83333333333334,0.9333333333333333,d452a2b6d8f0104464be3d526b0051e75e962fc3a9b3dea3367ca67c8b46715a
runs_effect_v1,SafetyPointBuildingButton1-v0,penalty_lambda0.1,1,stochastic,30,28.12955199754606,168.73333333333332,0.9,d452a2b6d8f0104464be3d526b0051e75e962fc3a9b3dea3367ca67c8b46715a
runs_effect_v1,SafetyPointBuildingButton1-v0,penalty_lambda0.1,2,deterministic,30,28.502649947513216,174.83333333333334,1.0,295720c8eb7743b308a5be0b8148b66f01f3c45dc315a5f4e3761844010eb81d
runs_effect_v1,SafetyPointBuildingButton1-v0,penalty_lambda0.1,2,stochastic,30,30.199321784375364,163.1,0.9666666666666667,295720c8eb7743b308a5be0b8148b66f01f3c45dc315a5f4e3761844010eb81d
runs_effect_v1,SafetyPointBuildingButton1-v0,penalty_lambda0.1,3,deterministic,30,25.52060311212901,224.63333333333333,0.9666666666666667,e3ec254c09a53a54b791e86a799b4ba26f052a33c4316a2471fd57a369d276fb
runs_effect_v1,SafetyPointBuildingButton1-v0,penalty_lambda0.1,3,stochastic,30,25.557162670564928,163.73333333333332,0.9666666666666667,e3ec254c09a53a54b791e86a799b4ba26f052a33c4316a2471fd57a369d276fb
runs_effect_v1,SafetyPointBuildingButton1-v0,penalty_lambda10,1,deterministic,30,-2.066788251775224,6.466666666666667,0.06666666666666667,83cffe35faf47a32d1942491bf1338298572376ef121220f2de2d2c6075a292b
runs_effect_v1,SafetyPointBuildingButton1-v0,penalty_lambda10,1,stochastic,30,-0.9937650529733736,3.2333333333333334,0.06666666666666667,83cffe35faf47a32d1942491bf1338298572376ef121220f2de2d2c6075a292b
runs_effect_v1,SafetyPointBuildingButton1-v0,penalty_lambda10,2,deterministic,30,-16.835060820833178,14.833333333333334,0.13333333333333333,b443f723daf69c608cbfd4f8d046daafecf0a47631df34322b76b866e60fa9c0
runs_effect_v1,SafetyPointBuildingButton1-v0,penalty_lambda10,2,stochastic,30,-1.6622861608184876,8.8,0.16666666666666666,b443f723daf69c608cbfd4f8d046daafecf0a47631df34322b76b866e60fa9c0
runs_effect_v1,SafetyPointBuildingButton1-v0,penalty_lambda10,3,deterministic,30,-1.8729039599349386,23.766666666666666,0.36666666666666664,3d05b764943f7abd2800aba9ca22e10e3e5e0fafc5d930ac11dba83f26f13482
runs_effect_v1,SafetyPointBuildingButton1-v0,penalty_lambda10,3,stochastic,30,-1.2037178758700091,12.466666666666667,0.16666666666666666,3d05b764943f7abd2800aba9ca22e10e3e5e0fafc5d930ac11dba83f26f13482
runs_effect_v1,SafetyPointBuildingButton1-v0,penalty_lambda1,1,deterministic,30,2.4616206794281967,105.03333333333333,0.6666666666666666,98c67c4298cc34478cfcf45f9300b5de784b3206e21af6bb1aebbb2e64dd27bd
runs_effect_v1,SafetyPointBuildingButton1-v0,penalty_lambda1,1,stochastic,30,11.856952457936371,69.0,0.7,98c67c4298cc34478cfcf45f9300b5de784b3206e21af6bb1aebbb2e64dd27bd
runs_effect_v1,SafetyPointBuildingButton1-v0,penalty_lambda1,2,deterministic,30,13.276884343700562,72.23333333333333,0.6333333333333333,aeeedce13e693d9e33423b18a7718e2e0cb2e13ddb3ac1f1de0e7ec661fbd013
runs_effect_v1,SafetyPointBuildingButton1-v0,penalty_lambda1,2,stochastic,30,14.305784149421314,84.0,0.7,aeeedce13e693d9e33423b18a7718e2e0cb2e13ddb3ac1f1de0e7ec661fbd013
runs_effect_v1,SafetyPointBuildingButton1-v0,penalty_lambda1,3,deterministic,30,6.309898483584571,68.76666666666667,0.6,6558766c559c040eb8cc60d9a38fd140ecb73b206b931931834bfd1cc0434dcb
runs_effect_v1,SafetyPointBuildingButton1-v0,penalty_lambda1,3,stochastic,30,6.889436403809941,68.13333333333334,0.6333333333333333,6558766c559c040eb8cc60d9a38fd140ecb73b206b931931834bfd1cc0434dcb
runs_effect_v1,SafetyPointBuildingButton1-v0,safeot_eps0.1,1,deterministic,30,3.7158377621947527,96.56666666666666,0.43333333333333335,ca59c93134af5b2dfd3ec261b059c21c9c0a6a05054725b7af14479fe3b234e9
runs_effect_v1,SafetyPointBuildingButton1-v0,safeot_eps0.1,1,stochastic,30,3.1395461260126067,25.433333333333334,0.36666666666666664,ca59c93134af5b2dfd3ec261b059c21c9c0a6a05054725b7af14479fe3b234e9
runs_effect_v1,SafetyPointBuildingButton1-v0,safeot_eps0.1,2,deterministic,30,-1.4827692518926727,71.93333333333334,0.43333333333333335,b976626286fc1c7aac1656d197c8325ed067e632c3413d0b21f62fc993c03e65
runs_effect_v1,SafetyPointBuildingButton1-v0,safeot_eps0.1,2,stochastic,30,5.134567332242312,31.833333333333332,0.3,b976626286fc1c7aac1656d197c8325ed067e632c3413d0b21f62fc993c03e65
runs_effect_v1,SafetyPointBuildingButton1-v0,safeot_eps0.1,3,deterministic,30,2.790086677702311,50.9,0.5,eea3c4211ce724f9a2911dba558392b2c5e630e7d1ecff4aede992e416801dee
runs_effect_v1,SafetyPointBuildingButton1-v0,safeot_eps0.1,3,stochastic,30,4.640436667745923,24.066666666666666,0.36666666666666664,eea3c4211ce724f9a2911dba558392b2c5e630e7d1ecff4aede992e416801dee
runs_effect_v1,SafetyPointBuildingButton1-v0,safeot_eps1,1,deterministic,30,9.106271202501377,98.83333333333333,0.6,4ae2ad69d40caf16938643d3961665fd4609be3ed4375f7b57d42a225cd50967
runs_effect_v1,SafetyPointBuildingButton1-v0,safeot_eps1,1,stochastic,30,6.231214328939815,38.7,0.36666666666666664,4ae2ad69d40caf16938643d3961665fd4609be3ed4375f7b57d42a225cd50967
runs_effect_v1,SafetyPointBuildingButton1-v0,safeot_eps1,2,deterministic,30,3.667281174942356,44.666666666666664,0.3333333333333333,b91317fa2b85a88d1718c2508774f1a8770799ec35d7197072b0596156593ee9
runs_effect_v1,SafetyPointBuildingButton1-v0,safeot_eps1,2,stochastic,30,4.216106419846475,20.933333333333334,0.3,b91317fa2b85a88d1718c2508774f1a8770799ec35d7197072b0596156593ee9
runs_effect_v1,SafetyPointBuildingButton1-v0,safeot_eps1,3,deterministic,30,5.212116699062336,89.83333333333333,0.36666666666666664,edd9c6c45361ea5c92935372ca7dba448663cea97e9d3a69df65fce20ccbded1
runs_effect_v1,SafetyPointBuildingButton1-v0,safeot_eps1,3,stochastic,30,5.170078335396974,34.43333333333333,0.36666666666666664,edd9c6c45361ea5c92935372ca7dba448663cea97e9d3a69df65fce20ccbded1
runs_effect_v1,SafetyPointBuildingButton1-v0,safeot_eps3,1,deterministic,30,0.6896399077565883,29.0,0.3,9d52c5bce27530e228fdbe8aa38652bca6bd72ef2ef41328a2d59294c31cd3cf
runs_effect_v1,SafetyPointBuildingButton1-v0,safeot_eps3,1,stochastic,30,1.174817057241757,12.233333333333333,0.16666666666666666,9d52c5bce27530e228fdbe8aa38652bca6bd72ef2ef41328a2d59294c31cd3cf
runs_effect_v1,SafetyPointBuildingButton1-v0,safeot_eps3,2,deterministic,30,3.100429764613288,44.5,0.5666666666666667,c3f48cab34b45baf8a0a46b9f589fe46f1d7d5747f4d555a90edffbce9404945
runs_effect_v1,SafetyPointBuildingButton1-v0,safeot_eps3,2,stochastic,30,1.559047678633931,24.633333333333333,0.26666666666666666,c3f48cab34b45baf8a0a46b9f589fe46f1d7d5747f4d555a90edffbce9404945
runs_effect_v1,SafetyPointBuildingButton1-v0,safeot_eps3,3,deterministic,30,1.9850476480600456,50.36666666666667,0.3,41a6fd7a1312e6a735cd7ba7f836667e9159a758e76d870b923ed4d7a19f6d0f
runs_effect_v1,SafetyPointBuildingButton1-v0,safeot_eps3,3,stochastic,30,1.5944325010814229,24.066666666666666,0.3,41a6fd7a1312e6a735cd7ba7f836667e9159a758e76d870b923ed4d7a19f6d0f
runs_effect_v1,SafetyPointBuildingGoal1-v0,penalty_lambda0.1,1,deterministic,30,26.32402301971414,46.7,0.8333333333333334,f7a68552aca76937c8e6d580f156ed68cdbfbb4f9fdfb9ba67574aec03ce2d4e
runs_effect_v1,SafetyPointBuildingGoal1-v0,penalty_lambda0.1,1,stochastic,30,26.218265716566638,61.166666666666664,0.8666666666666667,f7a68552aca76937c8e6d580f156ed68cdbfbb4f9fdfb9ba67574aec03ce2d4e
runs_effect_v1,SafetyPointBuildingGoal1-v0,penalty_lambda0.1,2,deterministic,30,26.265074855168315,58.6,0.8333333333333334,62adf2a68c3387991e898fbf06f883287d9d239b20b0ae6f1ebb7b0cb7d0af33
runs_effect_v1,SafetyPointBuildingGoal1-v0,penalty_lambda0.1,2,stochastic,30,26.78406566189203,61.36666666666667,0.9,62adf2a68c3387991e898fbf06f883287d9d239b20b0ae6f1ebb7b0cb7d0af33
runs_effect_v1,SafetyPointBuildingGoal1-v0,penalty_lambda0.1,3,deterministic,30,27.03551812783394,53.233333333333334,0.8333333333333334,c66c5b3321b05cff886290e8a1a688a8c23faa8f920a300b316abc57a1030d44
runs_effect_v1,SafetyPointBuildingGoal1-v0,penalty_lambda0.1,3,stochastic,30,27.01985486106296,53.5,0.8,c66c5b3321b05cff886290e8a1a688a8c23faa8f920a300b316abc57a1030d44
runs_effect_v1,SafetyPointBuildingGoal1-v0,penalty_lambda10,1,deterministic,30,1.7153258693765832,10.1,0.1,353db313750459bf95ed06736572ddde901d61c08a08272f64220c64da981d12
runs_effect_v1,SafetyPointBuildingGoal1-v0,penalty_lambda10,1,stochastic,30,0.09063969403657751,1.7,0.03333333333333333,353db313750459bf95ed06736572ddde901d61c08a08272f64220c64da981d12
runs_effect_v1,SafetyPointBuildingGoal1-v0,penalty_lambda10,2,deterministic,30,-0.26038855505053904,7.066666666666666,0.06666666666666667,ae19695d096c9da75e7984bdbf6a504dfc6352a34ec00cf1478a23f708ff2c0b
runs_effect_v1,SafetyPointBuildingGoal1-v0,penalty_lambda10,2,stochastic,30,-1.175678015299882,4.833333333333333,0.06666666666666667,ae19695d096c9da75e7984bdbf6a504dfc6352a34ec00cf1478a23f708ff2c0b
runs_effect_v1,SafetyPointBuildingGoal1-v0,penalty_lambda10,3,deterministic,30,0.22719831125099765,8.566666666666666,0.1,737b6ea3dbc5b6b8631dca215405d4bc8e5c477070c8d0a1ec8619b25e8e58c9
runs_effect_v1,SafetyPointBuildingGoal1-v0,penalty_lambda10,3,stochastic,30,1.3480465435453204,1.7,0.0,737b6ea3dbc5b6b8631dca215405d4bc8e5c477070c8d0a1ec8619b25e8e58c9
runs_effect_v1,SafetyPointBuildingGoal1-v0,penalty_lambda1,1,deterministic,30,25.842190096025323,35.63333333333333,0.6333333333333333,5de43fec2f36a7325555be2008e17b9a002e6bca3b308cca05c47dce91899354
runs_effect_v1,SafetyPointBuildingGoal1-v0,penalty_lambda1,1,stochastic,30,25.925081091424325,47.86666666666667,0.7666666666666667,5de43fec2f36a7325555be2008e17b9a002e6bca3b308cca05c47dce91899354
