queue,task,arm,training_seed,det_reward,det_cost,det_budget_exceedance,sto_reward,sto_cost,sto_budget_exceedance,det_episodes,sto_episodes
runs_effect_v1,SafetyCarBuildingGoal2-v0,penalty_lambda0.1,1,28.06605228406973,197.9,1.0,30.42239984921016,197.4,1.0,30,30
runs_effect_v1,SafetyCarBuildingGoal2-v0,penalty_lambda0.1,2,29.617057888897346,202.5,1.0,29.590818306287932,147.13333333333333,1.0,30,30
runs_effect_v1,SafetyCarBuildingGoal2-v0,penalty_lambda0.1,3,25.36994293306382,228.83333333333334,0.9666666666666667,27.08796296431743,177.36666666666667,0.9666666666666667,30,30
runs_effect_v1,SafetyCarBuildingGoal2-v0,penalty_lambda10,1,0.22712875571894003,29.033333333333335,0.2,-0.1821560503471316,42.63333333333333,0.3333333333333333,30,30
runs_effect_v1,SafetyCarBuildingGoal2-v0,penalty_lambda10,2,-0.07031639417099496,50.166666666666664,0.43333333333333335,0.5528586703406432,27.466666666666665,0.16666666666666666,30,30
runs_effect_v1,SafetyCarBuildingGoal2-v0,penalty_lambda10,3,-0.7497991209872495,33.266666666666666,0.26666666666666666,-0.01758054570056955,17.4,0.06666666666666667,30,30
runs_effect_v1,SafetyCarBuildingGoal2-v0,penalty_lambda1,1,10.172743187533728,119.0,0.7333333333333333,9.26607656199133,99.43333333333334,0.7,30,30
runs_effect_v1,SafetyCarBuildingGoal2-v0,penalty_lambda1,2,10.136170140430282,61.2,0.7333333333333333,9.655040250086907,72.3,0.6333333333333333,30,30
runs_effect_v1,SafetyCarBuildingGoal2-v0,penalty_lambda1,3,10.854579676105445,86.56666666666666,0.7333333333333333,9.086117730392047,73.96666666666667,0.6333333333333333,30,30
runs_effect_v1,SafetyCarBuildingGoal2-v0,safeot_eps0.1,1,4.989130391547174,36.93333333333333,0.3,4.326164437769308,38.1,0.36666666666666664,30,30
runs_effect_v1,SafetyCarBuildingGoal2-v0,safeot_eps0.1,2,5.86301200483831,50.3,0.43333333333333335,5.602520441956706,34.8,0.3333333333333333,30,30
runs_effect_v1,SafetyCarBuildingGoal2-v0,safeot_eps0.1,3,5.747606788131355,32.0,0.36666666666666664,4.906853927855367,39.13333333333333,0.36666666666666664,30,30
runs_effect_v1,SafetyCarBuildingGoal2-v0,safeot_eps1,1,3.8230081975943135,37.03333333333333,0.3333333333333333,4.550648579641188,61.63333333333333,0.43333333333333335,30,30
runs_effect_v1,SafetyCarBuildingGoal2-v0,safeot_eps1,2,2.1073021002936163,36.233333333333334,0.3333333333333333,2.9786337824413103,21.6,0.26666666666666666,30,30
runs_effect_v1,SafetyCarBuildingGoal2-v0,safeot_eps1,3,2.604784616910423,15.8,0.26666666666666666,2.64874683251711,19.166666666666668,0.3,30,30
runs_effect_v1,SafetyCarBuildingGoal2-v0,safeot_eps3,1,2.481141717010743,28.7,0.36666666666666664,5.29660605791635,34.46666666666667,0.36666666666666664,30,30
runs_effect_v1,SafetyCarBuildingGoal2-v0,safeot_eps3,2,5.849232118680462,44.733333333333334,0.5,3.146012156380291,44.3,0.43333333333333335,30,30
runs_effect_v1,SafetyCarBuildingGoal2-v0,safeot_eps3,3,2.383101928204929,42.666666666666664,0.2,3.5318215191228504,24.866666666666667,0.36666666666666664,30,30
runs_effect_v1,SafetyPointBuildingButton1-v0,penalty_lambda0.1,1,29.10652785695061,171.83333333333334,0.9333333333333333,28.12955199754606,168.73333333333332,0.9,30,30
runs_effect_v1,SafetyPointBuildingButton1-v0,penalty_lambda0.1,2,28.502649947513216,174.83333333333334,1.0,30.199321784375364,163.1,0.9666666666666667,30,30
runs_effect_v1,SafetyPointBuildingButton1-v0,penalty_lambda0.1,3,25.52060311212901,224.63333333333333,0.9666666666666667,25.557162670564928,163.73333333333332,0.9666666666666667,30,30
runs_effect_v1,SafetyPointBuildingButton1-v0,penalty_lambda10,1,-2.066788251775224,6.466666666666667,0.06666666666666667,-0.9937650529733736,3.2333333333333334,0.06666666666666667,30,30
runs_effect_v1,SafetyPointBuildingButton1-v0,penalty_lambda10,2,-16.835060820833178,14.833333333333334,0.13333333333333333,-1.6622861608184876,8.8,0.16666666666666666,30,30
runs_effect_v1,SafetyPointBuildingButton1-v0,penalty_lambda10,3,-1.8729039599349386,23.766666666666666,0.36666666666666664,-1.2037178758700091,12.466666666666667,0.16666666666666666,30,30
runs_effect_v1,SafetyPointBuildingButton1-v0,penalty_lambda1,1,2.4616206794281967,105.03333333333333,0.6666666666666666,11.856952457936371,69.0,0.7,30,30
runs_effect_v1,SafetyPointBuildingButton1-v0,penalty_lambda1,2,13.276884343700562,72.23333333333333,0.6333333333333333,14.305784149421314,84.0,0.7,30,30
runs_effect_v1,SafetyPointBuildingButton1-v0,penalty_lambda1,3,6.309898483584571,68.76666666666667,0.6,6.889436403809941,68.13333333333334,0.6333333333333333,30,30
runs_effect_v1,SafetyPointBuildingButton1-v0,safeot_eps0.1,1,3.7158377621947527,96.56666666666666,0.43333333333333335,3.1395461260126067,25.433333333333334,0.36666666666666664,30,30
runs_effect_v1,SafetyPointBuildingButton1-v0,safeot_eps0.1,2,-1.4827692518926727,71.93333333333334,0.43333333333333335,5.134567332242312,31.833333333333332,0.3,30,30
runs_effect_v1,SafetyPointBuildingButton1-v0,safeot_eps0.1,3,2.790086677702311,50.9,0.5,4.640436667745923,24.066666666666666,0.36666666666666664,30,30
runs_effect_v1,SafetyPointBuildingButton1-v0,safeot_eps1,1,9.106271202501377,98.83333333333333,0.6,6.231214328939815,38.7,0.36666666666666664,30,30
runs_effect_v1,SafetyPointBuildingButton1-v0,safeot_eps1,2,3.667281174942356,44.666666666666664,0.3333333333333333,4.216106419846475,20.933333333333334,0.3,30,30
runs_effect_v1,SafetyPointBuildingButton1-v0,safeot_eps1,3,5.212116699062336,89.83333333333333,0.36666666666666664,5.170078335396974,34.43333333333333,0.36666666666666664,30,30
runs_effect_v1,SafetyPointBuildingButton1-v0,safeot_eps3,1,0.6896399077565883,29.0,0.3,1.174817057241757,12.233333333333333,0.16666666666666666,30,30
runs_effect_v1,SafetyPointBuildingButton1-v0,safeot_eps3,2,3.100429764613288,44.5,0.5666666666666667,1.559047678633931,24.633333333333333,0.26666666666666666,30,30
runs_effect_v1,SafetyPointBuildingButton1-v0,safeot_eps3,3,1.9850476480600456,50.36666666666667,0.3,1.5944325010814229,24.066666666666666,0.3,30,30
runs_effect_v1,SafetyPointBuildingGoal1-v0,penalty_lambda0.1,1,26.32402301971414,46.7,0.8333333333333334,26.218265716566638,61.166666666666664,0.8666666666666667,30,30
runs_effect_v1,SafetyPointBuildingGoal1-v0,penalty_lambda0.1,2,26.265074855168315,58.6,0.8333333333333334,26.78406566189203,61.36666666666667,0.9,30,30
runs_effect_v1,SafetyPointBuildingGoal1-v0,penalty_lambda0.1,3,27.03551812783394,53.233333333333334,0.8333333333333334,27.01985486106296,53.5,0.8,30,30
runs_effect_v1,SafetyPointBuildingGoal1-v0,penalty_lambda10,1,1.7153258693765832,10.1,0.1,0.09063969403657751,1.7,0.03333333333333333,30,30
runs_effect_v1,SafetyPointBuildingGoal1-v0,penalty_lambda10,2,-0.26038855505053904,7.066666666666666,0.06666666666666667,-1.175678015299882,4.833333333333333,0.06666666666666667,30,30
runs_effect_v1,SafetyPointBuildingGoal1-v0,penalty_lambda10,3,0.22719831125099765,8.566666666666666,0.1,1.3480465435453204,1.7,0.0,30,30
runs_effect_v1,SafetyPointBuildingGoal1-v0,penalty_lambda1,1,25.842190096025323,35.63333333333333,0.6333333333333333,25.925081091424325,47.86666666666667,0.7666666666666667,30,30
runs_effect_v1,SafetyPointBuildingGoal1-v0,penalty_lambda1,2,24.718130825916216,51.53333333333333,0.6333333333333333,23.32037730160534,49.8,0.8,30,30
runs_effect_v1,SafetyPointBuildingGoal1-v0,penalty_lambda1,3,25.446287284788948,41.1,0.5333333333333333,24.10847880669004,35.266666666666666,0.5666666666666667,30,30
runs_effect_v1,SafetyPointBuildingGoal1-v0,safeot_eps0.1,1,22.93285713817443,44.3,0.7,22.367923507008566,41.8,0.6333333333333333,30,30
runs_effect_v1,SafetyPointBuildingGoal1-v0,safeot_eps0.1,2,24.59544604265815,33.0,0.6,21.928804006852598,33.46666666666667,0.6,30,30
runs_effect_v1,SafetyPointBuildingGoal1-v0,safeot_eps0.1,3,24.785363801395185,31.266666666666666,0.5333333333333333,22.901947416437917,29.533333333333335,0.36666666666666664,30,30
runs_effect_v1,SafetyPointBuildingGoal1-v0,safeot_eps1,1,11.801834653105429,32.13333333333333,0.4666666666666667,10.869359078380489,21.133333333333333,0.3333333333333333,30,30
runs_effect_v1,SafetyPointBuildingGoal1-v0,safeot_eps1,2,22.174188213316736,30.533333333333335,0.4666666666666667,17.06940694691881,22.033333333333335,0.43333333333333335,30,30
runs_effect_v1,SafetyPointBuildingGoal1-v0,safeot_eps1,3,22.249079324237673,32.13333333333333,0.5,19.67592254220159,40.166666666666664,0.6333333333333333,30,30
runs_effect_v1,SafetyPointBuildingGoal1-v0,safeot_eps3,1,14.122245911592515,26.633333333333333,0.43333333333333335,12.148477587176004,22.4,0.36666666666666664,30,30
runs_effect_v1,SafetyPointBuildingGoal1-v0,safeot_eps3,2,21.892976351928503,30.6,0.4666666666666667,17.587611404481805,26.033333333333335,0.4,30,30
runs_effect_v1,SafetyPointBuildingGoal1-v0,safeot_eps3,3,18.376530523887624,27.033333333333335,0.5,16.628299488839936,37.36666666666667,0.5,30,30
runs_effect_v1,SafetyRacecarBuildingButton1-v0,penalty_lambda0.1,1,2.6995489054838697,202.36666666666667,0.5,2.1579476506681226,173.06666666666666,0.6333333333333333,30,30
runs_effect_v1,SafetyRacecarBuildingButton1-v0,penalty_lambda0.1,2,3.5261927000797666,328.06666666666666,0.9,4.1722895354153025,269.96666666666664,0.9,30,30
runs_effect_v1,SafetyRacecarBuildingButton1-v0,penalty_lambda0.1,3,2.8568294892653205,210.63333333333333,0.7,3.035771470563063,196.53333333333333,0.6666666666666666,30,30
runs_effect_v1,SafetyRacecarBuildingButton1-v0,penalty_lambda10,1,-1.7044599721702798,52.333333333333336,0.16666666666666666,-1.6299821221650228,27.0,0.2,30,30
runs_effect_v1,SafetyRacecarBuildingButton1-v0,penalty_lambda10,2,-0.7803818907704411,48.0,0.3,-1.4184102740514228,20.533333333333335,0.2,30,30
runs_effect_v1,SafetyRacecarBuildingButton1-v0,penalty_lambda10,3,-1.2839253823064114,41.1,0.26666666666666666,-0.9379878588862484,15.633333333333333,0.26666666666666666,30,30
runs_effect_v1,SafetyRacecarBuildingButton1-v0,penalty_lambda1,1,0.7976867840102018,119.46666666666667,0.4,1.2395202737750566,81.43333333333334,0.4666666666666667,30,30
runs_effect_v1,SafetyRacecarBuildingButton1-v0,penalty_lambda1,2,1.3037728959072963,126.43333333333334,0.5666666666666667,1.0862722514076715,62.5,0.4,30,30
runs_effect_v1,SafetyRacecarBuildingButton1-v0,penalty_lambda1,3,0.8010304723435382,68.46666666666667,0.5333333333333333,0.2992011768600135,95.23333333333333,0.4666666666666667,30,30
runs_effect_v1,SafetyRacecarBuildingButton1-v0,safeot_eps0.1,1,-0.030566806680042503,28.566666666666666,0.3333333333333333,-0.17563822421011885,39.13333333333333,0.3,30,30
runs_effect_v1,SafetyRacecarBuildingButton1-v0,safeot_eps0.1,2,0.27623841333887306,59.93333333333333,0.5,-0.0018628120773100053,46.36666666666667,0.36666666666666664,30,30
runs_effect_v1,SafetyRacecarBuildingButton1-v0,safeot_eps0.1,3,0.49835908167339615,72.5,0.26666666666666666,0.06961528114495125,47.06666666666667,0.2,30,30
runs_effect_v1,SafetyRacecarBuildingButton1-v0,safeot_eps1,1,0.41457636225959305,26.6,0.16666666666666666,0.16804043819671158,21.5,0.23333333333333334,30,30
runs_effect_v1,SafetyRacecarBuildingButton1-v0,safeot_eps1,2,0.611365112517764,91.6,0.43333333333333335,0.4280202365405617,40.53333333333333,0.3,30,30
runs_effect_v1,SafetyRacecarBuildingButton1-v0,safeot_eps1,3,0.1783751436185647,42.766666666666666,0.3333333333333333,-0.14860534346452495,27.8,0.3333333333333333,30,30
runs_effect_v1,SafetyRacecarBuildingButton1-v0,safeot_eps3,1,0.17957107942450495,125.86666666666666,0.3333333333333333,-0.03281889439727486,62.2,0.26666666666666666,30,30
runs_effect_v1,SafetyRacecarBuildingButton1-v0,safeot_eps3,2,0.5910479656436701,64.53333333333333,0.4,0.10499784303805709,37.36666666666667,0.3,30,30
runs_effect_v1,SafetyRacecarBuildingButton1-v0,safeot_eps3,3,0.02583159824968387,42.96666666666667,0.2,-0.009635585230153901,35.9,0.3,30,30
runs_effect_v2,SafetyCarBuildingGoal2-v0,safeot_eps1_cap10,1,2.3366700612417257,67.03333333333333,0.4,2.3004739765932265,31.566666666666666,0.26666666666666666,30,30
runs_effect_v2,SafetyCarBuildingGoal2-v0,safeot_eps1_cap3,1,-0.4297809167533106,46.266666666666666,0.4,3.455725412756298,25.166666666666668,0.4,30,30
runs_effect_v2,SafetyCarBuildingGoal2-v0,safeot_eps1_cap3,2,3.1062935465310706,18.4,0.3,2.3531096031179413,12.033333333333333,0.16666666666666666,30,30
runs_effect_v2,SafetyCarBuildingGoal2-v0,safeot_eps1_uncapped,1,-0.30435722173930385,57.46666666666667,0.6666666666666666,2.4454595059344584,38.8,0.36666666666666664,30,30
runs_effect_v2,SafetyCarBuildingGoal2-v0,trpo_lag,1,2.5902222274589772,26.8,0.36666666666666664,4.4410940345666265,28.566666666666666,0.36666666666666664,30,30
runs_effect_v2,SafetyCarBuildingGoal2-v0,trpo_lag,2,4.338303480020616,45.733333333333334,0.5,6.13758499439364,41.93333333333333,0.43333333333333335,30,30
runs_effect_v2,SafetyPointBuildingButton1-v0,safeot_eps1_cap10,1,-0.9031343909631823,24.133333333333333,0.3,5.091222988690199,28.8,0.36666666666666664,30,30
runs_effect_v2,SafetyPointBuildingButton1-v0,safeot_eps1_cap3,1,0.9882920956687926,41.03333333333333,0.4666666666666667,2.136986897791587,44.9,0.5,30,30
runs_effect_v2,SafetyPointBuildingButton1-v0,safeot_eps1_uncapped,1,3.6172686473413114,61.733333333333334,0.5,1.8670783680215495,15.9,0.23333333333333334,30,30
runs_effect_v2,SafetyPointBuildingButton1-v0,trpo_lag,1,-0.4241673755312144,41.4,0.43333333333333335,5.868704081417658,48.06666666666667,0.5,30,30
runs_effect_v2,SafetyPointBuildingGoal1-v0,safeot_eps1_cap10,1,21.21216994004611,34.06666666666667,0.6,19.549691063617146,26.1,0.5,30,30
runs_effect_v2,SafetyPointBuildingGoal1-v0,safeot_eps1_cap10,2,21.651796292275346,35.06666666666667,0.5333333333333333,18.172528741458294,28.233333333333334,0.5,30,30
runs_effect_v2,SafetyPointBuildingGoal1-v0,safeot_eps1_cap3,1,23.964243366686635,33.166666666666664,0.5,21.474862435015954,26.133333333333333,0.5,30,30
runs_effect_v2,SafetyPointBuildingGoal1-v0,safeot_eps1_cap3,2,14.931691355743228,36.86666666666667,0.5,15.0976868181614,34.233333333333334,0.6,30,30
runs_effect_v2,SafetyPointBuildingGoal1-v0,safeot_eps1_uncapped,1,13.741736735043881,20.7,0.3,14.992792531557907,25.933333333333334,0.4,30,30
runs_effect_v2,SafetyPointBuildingGoal1-v0,safeot_eps1_uncapped,2,23.11972571894414,37.4,0.5333333333333333,21.115789791143392,40.7,0.5333333333333333,30,30
runs_effect_v2,SafetyPointBuildingGoal1-v0,trpo_lag,1,24.717990888951327,41.7,0.6333333333333333,24.88473318213474,39.2,0.6666666666666666,30,30
runs_effect_v2,SafetyPointBuildingGoal1-v0,trpo_lag,2,26.044320603959235,45.93333333333333,0.6666666666666666,24.116422693462948,42.6,0.6333333333333333,30,30
runs_effect_v2,SafetyRacecarBuildingButton1-v0,safeot_eps1_cap10,1,-0.22952971427907135,28.633333333333333,0.2,-0.909331118662455,12.433333333333334,0.16666666666666666,30,30
runs_effect_v2,SafetyRacecarBuildingButton1-v0,safeot_eps1_cap3,1,-3.0248006060500185,118.33333333333333,0.43333333333333335,-1.55679304590845,15.433333333333334,0.2,30,30
runs_effect_v2,SafetyRacecarBuildingButton1-v0,safeot_eps1_uncapped,1,-0.2683587271577595,39.53333333333333,0.23333333333333334,-0.9706650207988292,23.866666666666667,0.26666666666666666,30,30
runs_effect_v2,SafetyRacecarBuildingButton1-v0,trpo_lag,1,0.2867839856495007,117.7,0.5,-0.11433260686592599,72.5,0.4666666666666667,30,30
runs_effect_v3,SafetyCarBuildingGoal2-v0,safeot_m0.3,1,1.2881875486788739,32.96666666666667,0.26666666666666666,1.4898321687199882,15.966666666666667,0.16666666666666666,30,30
runs_effect_v3,SafetyCarBuildingGoal2-v0,safeot_m0.6,1,0.7079128779523843,28.366666666666667,0.3333333333333333,0.900189153187331,12.566666666666666,0.16666666666666666,30,30
runs_effect_v3,SafetyCarBuildingGoal2-v0,safeot_m0,1,1.2865662065023256,36.5,0.3333333333333333,2.534638805653192,53.266666666666666,0.4,30,30
runs_effect_v3,SafetyPointBuildingGoal1-v0,safeot_m0.3,1,10.640371145670066,40.86666666666667,0.5666666666666667,10.586864004700582,30.766666666666666,0.3,30,30
runs_effect_v3,SafetyPointBuildingGoal1-v0,safeot_m0.3,2,12.030229686768518,30.233333333333334,0.5666666666666667,11.726594397833944,20.766666666666666,0.26666666666666666,30,30
runs_effect_v3,SafetyPointBuildingGoal1-v0,safeot_m0.6,1,8.73802156600133,12.7,0.26666666666666666,6.92578554697338,3.5,0.0,30,30
runs_effect_v3,SafetyPointBuildingGoal1-v0,safeot_m0.6,2,6.031610461697545,20.533333333333335,0.3,4.857224889439457,14.766666666666667,0.2,30,30
runs_effect_v3,SafetyPointBuildingGoal1-v0,safeot_m0,1,18.42509370945084,41.43333333333333,0.6333333333333333,17.164099640284146,30.1,0.6,30,30
runs_effect_v3,SafetyPointBuildingGoal1-v0,safeot_m0,2,18.634088987595835,23.9,0.4,17.42147613002376,23.466666666666665,0.3,30,30
runs_effect_v3c,SafetyCarBuildingGoal2-v0,cpo,1,2.894007250079103,51.36666666666667,0.36666666666666664,2.6121148392119964,58.13333333333333,0.26666666666666666,30,30
runs_effect_v3c,SafetyCarBuildingGoal2-v0,cpo,2,2.3227175812091154,34.13333333333333,0.3,1.5278258113733485,29.066666666666666,0.3,30,30
runs_effect_v3c,SafetyCarBuildingGoal2-v0,cpo,3,0.8737600523355916,33.96666666666667,0.26666666666666666,1.1252520726334887,31.433333333333334,0.3333333333333333,30,30
runs_effect_v3c,SafetyPointBuildingButton1-v0,cpo,1,-3.8915962333949863,34.56666666666667,0.43333333333333335,0.14415606538202072,39.166666666666664,0.4,30,30
runs_effect_v3c,SafetyPointBuildingButton1-v0,cpo,2,1.3859194200138014,40.766666666666666,0.36666666666666664,1.1141751990857154,21.333333333333332,0.3333333333333333,30,30
runs_effect_v3c,SafetyPointBuildingButton1-v0,cpo,3,4.1713250165598525,40.56666666666667,0.43333333333333335,2.9396738167281242,19.466666666666665,0.36666666666666664,30,30
runs_effect_v3c,SafetyPointBuildingGoal1-v0,cpo,1,7.0227392033154725,24.066666666666666,0.4,7.109316561395623,19.3,0.3333333333333333,30,30
runs_effect_v3c,SafetyPointBuildingGoal1-v0,cpo,2,9.836098190840675,18.533333333333335,0.23333333333333334,11.944891869514468,29.966666666666665,0.43333333333333335,30,30
runs_effect_v3c,SafetyPointBuildingGoal1-v0,cpo,3,18.424035455409697,32.93333333333333,0.6,16.14304361824337,27.966666666666665,0.4666666666666667,30,30
runs_effect_v3c,SafetyRacecarBuildingButton1-v0,cpo,1,-1.1836407805032412,57.8,0.3,-0.5983939557540544,40.3,0.3333333333333333,30,30
runs_effect_v3c,SafetyRacecarBuildingButton1-v0,cpo,2,-0.333908732119894,18.566666666666666,0.16666666666666666,-0.5916930393019513,30.8,0.3,30,30
runs_effect_v3c,SafetyRacecarBuildingButton1-v0,cpo,3,-0.044101861276030614,49.06666666666667,0.43333333333333335,-0.08856816457906157,23.433333333333334,0.3,30,30
