env,metric,seed,endpoint,inner_effect,outer_effect,interaction
DiagReachK2,KL,180,reward,0.06812013536344708,0.0,0.0
DiagReachK2,KL,180,success,0.0,0.0,0.0
DiagReachK2,KL,180,joint,-0.03525641025641024,0.0,0.0
DiagReachK2,KL,180,any_event,0.035256410256410256,0.0,0.0
DiagReachK2,KL,180,installs,1.0,0.0,0
DiagReachK2,KL,180,middle_selected,1.0,0.0,0
DiagReachK2,KL,180,middle_installed,1.0,0.0,0
DiagReachK2,KL,180,cost_mean,"[0.6478363795158195, -0.0749005721165581]","[0.0, 0.0]","[0.0, 0.0]"
DiagReachK2,KL,180,event,"[0.035256410256410256, 0.0]","[0.0, 0.0]","[0.0, 0.0]"
DiagReachK2,KL,180,excess,"[0.0002693801354139279, 0.0]","[0.0, 0.0]","[0.0, 0.0]"
DiagReachK2,KL,186,reward,-0.196115620718178,0.0,0.0
DiagReachK2,KL,186,success,0.0,0.0,0.0
DiagReachK2,KL,186,joint,-0.04487179487179482,0.0,0.0
DiagReachK2,KL,186,any_event,0.04487179487179487,0.0,0.0
DiagReachK2,KL,186,installs,-1.0,0.0,0
DiagReachK2,KL,186,middle_selected,-3.0,0.0,0
DiagReachK2,KL,186,middle_installed,-3.0,0.0,0
DiagReachK2,KL,186,cost_mean,"[0.43164983315345573, 0.12235124905904105]","[0.0, 0.0]","[0.0, 0.0]"
DiagReachK2,KL,186,event,"[0.04487179487179487, 0.0]","[0.0, 0.0]","[0.0, 0.0]"
DiagReachK2,KL,186,excess,"[0.0003047588034572755, 0.0]","[0.0, 0.0]","[0.0, 0.0]"
DiagReachK2,KL,187,reward,-0.09089379972632372,0.0,0.0
DiagReachK2,KL,187,success,0.0,0.0,0.0
DiagReachK2,KL,187,joint,-0.0064102564102563875,0.0,0.0
DiagReachK2,KL,187,any_event,0.00641025641025641,0.0,0.0
DiagReachK2,KL,187,installs,-5.0,0.0,0
DiagReachK2,KL,187,middle_selected,-4.0,0.0,0
DiagReachK2,KL,187,middle_installed,-4.0,0.0,0
DiagReachK2,KL,187,cost_mean,"[0.1462295743135309, -0.06623957248834511]","[0.0, 0.0]","[0.0, 0.0]"
DiagReachK2,KL,187,event,"[0.00641025641025641, 0.0]","[0.0, 0.0]","[0.0, 0.0]"
DiagReachK2,KL,187,excess,"[6.0258767543694914e-05, 0.0]","[0.0, 0.0]","[0.0, 0.0]"
DiagReachK2,W2,180,reward,0.014201431852630009,0.0,0.0
DiagReachK2,W2,180,success,0.0,0.0,0.0
DiagReachK2,W2,180,joint,-0.0064102564102563875,0.0,0.0
DiagReachK2,W2,180,any_event,0.00641025641025641,0.0,0.0
DiagReachK2,W2,180,installs,4.0,0.0,0
DiagReachK2,W2,180,middle_selected,2.0,0.0,0
DiagReachK2,W2,180,middle_installed,2.0,0.0,0
DiagReachK2,W2,180,cost_mean,"[0.14350589269246772, 0.29890728149658585]","[0.0, 0.0]","[0.0, 0.0]"
DiagReachK2,W2,180,event,"[0.00641025641025641, 0.0]","[0.0, 0.0]","[0.0, 0.0]"
DiagReachK2,W2,180,excess,"[3.2116205264360477e-05, 0.0]","[0.0, 0.0]","[0.0, 0.0]"
DiagReachK2,W2,186,reward,0.2021041377691759,0.0,0.0
DiagReachK2,W2,186,success,0.0,0.0,0.0
DiagReachK2,W2,186,joint,0.04166666666666663,0.0,0.0
DiagReachK2,W2,186,any_event,-0.041666666666666664,0.0,0.0
DiagReachK2,W2,186,installs,-1.0,0.0,0
DiagReachK2,W2,186,middle_selected,-3.0,0.0,0
DiagReachK2,W2,186,middle_installed,-2.0,0.0,0
DiagReachK2,W2,186,cost_mean,"[0.4266479901778393, -0.3128133905239592]","[0.0, 0.0]","[0.0, 0.0]"
DiagReachK2,W2,186,event,"[0.0, -0.041666666666666664]","[0.0, 0.0]","[0.0, 0.0]"
DiagReachK2,W2,186,excess,"[0.0, -0.00010461557624686383]","[0.0, 0.0]","[0.0, 0.0]"
DiagReachK2,W2,187,reward,-0.37542137573941226,0.0,0.0
DiagReachK2,W2,187,success,0.0,0.0,0.0
DiagReachK2,W2,187,joint,-0.0064102564102563875,0.0,0.0
DiagReachK2,W2,187,any_event,0.00641025641025641,0.0,0.0
DiagReachK2,W2,187,installs,-3.0,0.0,0
DiagReachK2,W2,187,middle_selected,-4.0,0.0,0
DiagReachK2,W2,187,middle_installed,-3.0,0.0,0
DiagReachK2,W2,187,cost_mean,"[0.07732155689826392, -0.3853218586016931]","[0.0, 0.0]","[0.0, 0.0]"
DiagReachK2,W2,187,event,"[0.00641025641025641, 0.0]","[0.0, 0.0]","[0.0, 0.0]"
DiagReachK2,W2,187,excess,"[6.0258767543694914e-05, 0.0]","[0.0, 0.0]","[0.0, 0.0]"
DiagReachK3,KL,180,reward,0.05170279645334119,0.0,0.0
DiagReachK3,KL,180,success,0.0,0.0,0.0
DiagReachK3,KL,180,joint,-0.0032051282051281937,0.0,0.0
DiagReachK3,KL,180,any_event,0.003205128205128205,0.0,0.0
DiagReachK3,KL,180,installs,1.0,0.0,0
DiagReachK3,KL,180,middle_selected,-1.0,0.0,0
DiagReachK3,KL,180,middle_installed,1.0,0.0,0
DiagReachK3,KL,180,cost_mean,"[0.033529075292440425, 0.25273110622014716, 0.30214571647155]","[0.0, 0.0, 0.0]","[0.0, 0.0, 0.0]"
DiagReachK3,KL,180,event,"[0.003205128205128205, 0.0, 0.0]","[0.0, 0.0, 0.0]","[0.0, 0.0, 0.0]"
DiagReachK3,KL,180,excess,"[1.3161054897655648e-06, 0.0, 0.0]","[0.0, 0.0, 0.0]","[0.0, 0.0, 0.0]"
DiagReachK3,KL,186,reward,0.16791415122077957,0.0,0.0
DiagReachK3,KL,186,success,0.0,0.0,0.0
DiagReachK3,KL,186,joint,0.0,0.0,0.0
DiagReachK3,KL,186,any_event,0.0,0.0,0.0
DiagReachK3,KL,186,installs,0.0,0.0,0
DiagReachK3,KL,186,middle_selected,3.0,0.0,0
DiagReachK3,KL,186,middle_installed,1.0,0.0,0
DiagReachK3,KL,186,cost_mean,"[-0.07279245670025158, 0.01382072002459811, -0.06494975701356509]","[0.0, 0.0, 0.0]","[0.0, 0.0, 0.0]"
DiagReachK3,KL,186,event,"[0.0, 0.0, 0.0]","[0.0, 0.0, 0.0]","[0.0, 0.0, 0.0]"
DiagReachK3,KL,186,excess,"[0.0, 0.0, 0.0]","[0.0, 0.0, 0.0]","[0.0, 0.0, 0.0]"
DiagReachK3,KL,187,reward,0.0378039858202861,0.0,0.0
DiagReachK3,KL,187,success,0.0,0.0,0.0
DiagReachK3,KL,187,joint,-0.012820512820512775,0.0,0.0
DiagReachK3,KL,187,any_event,0.01282051282051282,0.0,0.0
DiagReachK3,KL,187,installs,-2.0,0.0,0
DiagReachK3,KL,187,middle_selected,-4.0,0.0,0
DiagReachK3,KL,187,middle_installed,0.0,0.0,0
DiagReachK3,KL,187,cost_mean,"[0.7986618341543741, 0.14583974465345761, 1.0221332219930783]","[0.0, 0.0, 0.0]","[0.0, 0.0, 0.0]"
DiagReachK3,KL,187,event,"[0.01282051282051282, 0.0, 0.0]","[0.0, 0.0, 0.0]","[0.0, 0.0, 0.0]"
DiagReachK3,KL,187,excess,"[7.813120936299398e-05, 0.0, 0.0]","[0.0, 0.0, 0.0]","[0.0, 0.0, 0.0]"
DiagReachK3,W2,180,reward,0.04970514246231161,0.0,0.0
DiagReachK3,W2,180,success,0.0,0.0,0.0
DiagReachK3,W2,180,joint,0.0,0.0,0.0
DiagReachK3,W2,180,any_event,0.0,0.0,0.0
DiagReachK3,W2,180,installs,-1.0,0.0,0
DiagReachK3,W2,180,middle_selected,-2.0,0.0,0
DiagReachK3,W2,180,middle_installed,0.0,0.0,0
DiagReachK3,W2,180,cost_mean,"[0.1694627419496193, -0.17209094304304884, 0.053422395999614736]","[0.0, 0.0, 0.0]","[0.0, 0.0, 0.0]"
DiagReachK3,W2,180,event,"[0.0, 0.0, 0.0]","[0.0, 0.0, 0.0]","[0.0, 0.0, 0.0]"
DiagReachK3,W2,180,excess,"[0.0, 0.0, 0.0]","[0.0, 0.0, 0.0]","[0.0, 0.0, 0.0]"
DiagReachK3,W2,186,reward,0.27637246136231575,0.0,0.0
DiagReachK3,W2,186,success,0.0,0.0,0.0
DiagReachK3,W2,186,joint,0.0,0.0,0.0
DiagReachK3,W2,186,any_event,0.0,0.0,0.0
DiagReachK3,W2,186,installs,-2.0,0.0,0
DiagReachK3,W2,186,middle_selected,-4.0,0.0,0
DiagReachK3,W2,186,middle_installed,-1.0,0.0,0
DiagReachK3,W2,186,cost_mean,"[0.262308556299943, 0.7341556319823637, 0.9068482716878243]","[0.0, 0.0, 0.0]","[0.0, 0.0, 0.0]"
DiagReachK3,W2,186,event,"[0.0, 0.0, 0.0]","[0.0, 0.0, 0.0]","[0.0, 0.0, 0.0]"
DiagReachK3,W2,186,excess,"[0.0, 0.0, 0.0]","[0.0, 0.0, 0.0]","[0.0, 0.0, 0.0]"
DiagReachK3,W2,187,reward,-0.09579654591783537,0.0,0.0
DiagReachK3,W2,187,success,0.0,0.0,0.0
DiagReachK3,W2,187,joint,0.0,0.0,0.0
DiagReachK3,W2,187,any_event,0.0,0.0,0.0
DiagReachK3,W2,187,installs,3.0,0.0,0
DiagReachK3,W2,187,middle_selected,3.0,0.0,0
DiagReachK3,W2,187,middle_installed,1.0,0.0,0
DiagReachK3,W2,187,cost_mean,"[0.8682085076967878, -0.6462842776225166, 0.10986555845309454]","[0.0, 0.0, 0.0]","[0.0, 0.0, 0.0]"
DiagReachK3,W2,187,event,"[0.0, 0.0, 0.0]","[0.0, 0.0, 0.0]","[0.0, 0.0, 0.0]"
DiagReachK3,W2,187,excess,"[0.0, 0.0, 0.0]","[0.0, 0.0, 0.0]","[0.0, 0.0, 0.0]"
