env,metric,seed,channel,Gtrain,GholdLR,GholdLR_lo,GholdLR_hi,Gsample,Gsample_lo,Gsample_hi,Gdet,Gdet_lo,Gdet_hi,T,T_lo,T_hi,L,L_lo,L_hi,K,K_lo,K_hi,mean_only,mean_only_lo,mean_only_hi,std_only,std_only_lo,std_only_hi,interaction,interaction_lo,interaction_hi,median_abs_T,signed_sum_T,absolute_sum_T,median_abs_L,signed_sum_L,absolute_sum_L,median_abs_K,signed_sum_K,absolute_sum_K,train_positive_GholdLR_nonpositive,train_positive_Gsample_nonpositive,train_positive_Gdet_nonpositive
DiagReachK2,KL,180,shaped,1.84901520757709,0.24208553374924996,0.10581323381255074,0.3714771661593066,0.22870330214500428,0.16857544515281916,0.2958236698806285,0.09967413395643235,0.09427092280238868,0.10446795288473368,1.6069296738278402,1.4775380414177834,1.7432019737645397,0.013382231604245686,-0.11015225924674404,0.12589074270156098,0.12902918457984924,0.07285811897367239,0.19439294263720508,0.21489670872688293,0.15592354943975806,0.28222957521677017,0.01291557215154171,0.004228256912901998,0.021684147361665962,0.0008910475298762321,-0.004272107188589871,0.00581650704145431,1.0387753717765027,8.034648369139202,8.034648369139202,0.0663423226932329,0.06691115802122843,0.37079311536614423,0.31986474990844727,0.6451459228992462,2.8134144246578217,1,1,4
DiagReachK2,KL,180,raw,0.3879198593205072,0.12077271547566301,0.0757527735986674,0.16553811123448067,0.11379506215453147,0.09762717390432954,0.1330332687497139,0.1185349702835083,0.11483468398451806,0.12197726842015981,0.26714714384484417,0.22238174808602637,0.3121670857218397,0.006977653321131536,-0.039227428795724946,0.052691106402477254,-0.004739907383918762,-0.020703860595822333,0.014177113398909548,0.10960706174373627,0.09423010345548392,0.12893405575305222,0.0052197672426700596,0.001277239415794611,0.008976534344255922,-0.0010317543521523476,-0.0022157955169677733,0.00022066087462007845,0.07175766509960596,1.3357357192242207,1.578393070383849,0.01880085553223415,0.03488826660565768,0.16930657989795028,0.23611851036548615,-0.02369953691959381,1.6534225791692734,0,0,3
DiagReachK2,KL,180,penalty,-1.4610953145000574,-0.12131283185163313,-0.2587721447308452,0.008329103807194227,-0.11490819752216339,-0.18379489031154664,-0.0549723322456703,0.01886083222925663,0.01565482278354466,0.022370460247620936,-1.3397824826484244,-1.4694244183072518,-1.2023231697692127,-0.006404634329469733,-0.12343190980347776,0.1173172712744641,-0.13376903235912324,-0.20188568911980836,-0.07454545748420063,-0.1052896123379469,-0.16923340247012675,-0.04682630925904961,-0.007695803511887788,-0.016602879704441877,0.00027702583465725013,-0.0019228113815188408,-0.006983323951717467,0.0032045867876149704,1.0000480092433854,-6.698912413242122,6.698912413242122,0.06472630491282588,-0.032023171647348664,0.5214816502650466,0.21646389365196228,-0.6688451617956161,1.6322290003299713,0,0,0
DiagReachK2,KL,180,cost_0,0.09865462529789056,0.06509404850411864,0.004211920827402979,0.12157323749501617,0.07612346708774567,0.0624364348500967,0.09035773821175098,0.007430125772953033,0.004874195083975792,0.009833311140537261,0.033560576793771904,-0.02291861219712567,0.09444270447048755,-0.011029418583627016,-0.07357622074602731,0.04853180235557031,0.06869333982467651,0.05435803808271885,0.08290931969881057,0.08544542342424392,0.07105022981762886,0.10066510543227195,-0.008769069984555244,-0.013942322137299925,-0.0035990988509729542,-0.0005528934299945832,-0.0019562123715877533,0.0007084982912056146,0.2659597282343663,0.16780288396885953,1.4910187409491897,0.0480636338015632,-0.05514709291813508,0.2574568150601998,0.1581026315689087,0.34346669912338257,0.8661611378192902,0,0,0
DiagReachK2,KL,180,cost_1,-0.08538001631950029,0.0821626804119515,0.00952399425409522,0.1536451103469152,0.011895298957824707,-0.01209175869822502,0.033546612039208376,-0.017761200666427612,-0.02068070448935032,-0.015256362184882166,-0.16754269673145178,-0.2390251266664155,-0.09490401057359553,0.07026738145412678,0.004922637445349359,0.14289521941037006,0.02965649962425232,0.005988129451870918,0.05090536732226608,0.0004034459590911865,-0.021487305238842964,0.021706285551190373,0.020047561405226587,0.016003530648304152,0.02405698632239364,-0.00855577695183456,-0.009909773683175445,-0.007292807151097806,0.42609911784303567,-0.837713483657259,2.02074283500748,0.10526989972084322,0.35133690727063394,0.5328754425784086,0.23473647236824036,0.1482824981212616,0.9551431834697723,0,0,0
DiagReachK2,W2,180,shaped,1.878001116587626,0.23526208132837603,0.09696008928361431,0.37546334793873554,0.22526199817657472,0.16490323878824711,0.2933538116514681,0.08823459893465042,0.08172454819083214,0.09374839246273041,1.6427390352592497,1.50253776864889,1.7810410273040114,0.010000083151801342,-0.11899637410755051,0.12954671118736782,0.13702741861343384,0.07952451959252357,0.20441127888858318,0.20831563770771028,0.14877278119325638,0.27579278033226723,0.015439380146563052,0.006043381998315453,0.024762532245367765,0.0015069535002112389,-0.004359906213358045,0.006693792976438993,1.0948544584478834,8.213695176296248,8.213695176296248,0.06664075654348892,0.05000041575900671,0.4175972912931153,0.33067816495895386,0.6851370930671692,2.781185209751129,1,1,4
DiagReachK2,W2,180,raw,0.4094830796196554,0.12406641888627298,0.0775035838791915,0.17382118481408332,0.11942185908555984,0.10272043151780963,0.13881042389199139,0.11867413818836212,0.11492115549743176,0.12213335450738669,0.28541666073338245,0.23566189480557204,0.3319794957404638,0.004644559800713146,-0.04327068074350107,0.05365284730095551,0.0007477134466171264,-0.01583433812484145,0.019751618765294517,0.11456651166081429,0.09899266440421342,0.13400894582271575,0.004797039926052094,0.0006751712784171105,0.008768997006118297,5.836822092533112e-05,-0.0012054425943642854,0.0013983177207410329,0.08133437651685335,1.4270833036669122,1.6898939079673543,0.01869802345150623,0.023222799003565733,0.19138495088785407,0.27296948432922363,0.0037385672330856323,1.6667513102293015,0,0,3
DiagReachK2,W2,180,penalty,-1.4685180019786033,-0.11119567710717504,-0.2548101573663012,0.031046385238110336,-0.10584006756544113,-0.1765809730347246,-0.043706150222569726,0.030439535900950433,0.02640990937128663,0.03510671753436327,-1.3573223248714286,-1.499564387216714,-1.2137078446123026,-0.005355609541733919,-0.13040565742030868,0.125372293183622,-0.13627960234880448,-0.2063024654891342,-0.07502940648235387,-0.09374911785125732,-0.1600274140201509,-0.03509913718327881,-0.01064232774078846,-0.02011287091765553,-0.002021349666174505,-0.0014485950581729413,-0.006885228150058538,0.004267453188076615,1.0198202593277697,-6.786611624357143,6.786611624357143,0.06222119412573479,-0.026778047708669594,0.5295305270396269,0.23292823135852814,-0.6813980117440224,1.6603726670145988,0,0,0
DiagReachK2,W2,180,cost_0,0.11021031984111347,0.06467898915972024,0.0020220297773031197,0.12392559273686693,0.07621212601661682,0.0623070077598095,0.09037488974630832,0.009528468549251556,0.007038552388548851,0.011909491159021854,0.04553133068139323,-0.013715272895753508,0.10818829006381027,-0.01153313685689658,-0.07739250788425739,0.05137651790479816,0.06668365895748138,0.052552243657410146,0.08086452610790727,0.08763867020606994,0.07310976468026638,0.10287811622023582,-0.011372482776641846,-0.01719153210055083,-0.005861722538247709,-5.408534780144691e-05,-0.0015847170539200306,0.001387306796386838,0.3047373995453463,0.22765665340696614,1.533671738291689,0.04282383741177559,-0.057665684284482904,0.26398978954153074,0.14854320883750916,0.3334182947874069,0.8357759863138199,0,0,0
DiagReachK2,W2,180,cost_1,-0.05759652828243914,0.09522137785448112,0.021633540344348827,0.17165456007313365,0.019263184070587157,-0.004915255084633827,0.042205417677760114,-0.0026620566844940186,-0.005695629939436913,-9.471461176872444e-05,-0.15281790613692028,-0.2292510883555728,-0.07923006862678811,0.07595819378389396,0.010248246354193385,0.1547997251222914,0.02192523777484894,-0.001914941295981407,0.04482155621051786,0.010206648707389831,-0.012127894833683968,0.032268959321081626,0.01753410305827856,0.013249227362684905,0.02185023825615644,-0.008477511908859014,-0.009958382970653474,-0.007040275707840921,0.43507254670864465,-0.7640895306846014,2.0975904284719276,0.10425283590047285,0.3797909689194698,0.5646082096100318,0.251797616481781,0.10962618887424469,0.9987030178308487,0,0,0
DiagReachK2,KL,186,shaped,1.227081629768008,0.20934095022504917,0.10082464563806282,0.3190398739841219,0.10757672674953937,0.06539085319265724,0.15922469204291695,0.13027847111225127,0.1275166719406843,0.13288578294217587,1.0177406795429587,0.908041755783886,1.1262569841299448,0.1017642234755098,0.0017049995176545195,0.19691303778598798,-0.022701744735240937,-0.06531371921300888,0.02965658325701946,0.12930113729089499,0.09055451819673181,0.1769419293757528,-0.019000745378434658,-0.028612703811377288,-0.00944173657335341,-0.0027236416935920715,-0.00532303805463016,4.177521914243118e-06,0.5908149860674352,5.088703397714793,5.088703397714793,0.09913670684212056,0.508821117377549,0.508821117377549,0.20066894590854645,-0.11350872367620468,1.1925091966986656,1,2,4
DiagReachK2,KL,186,raw,0.1096779145548337,0.028075817604668978,-0.00633688506708707,0.0650683418389201,0.02592717781662941,0.012955632805824279,0.03997821217402816,0.13027847111225127,0.1275166719406843,0.13288578294217587,0.08160209695016471,0.04460957271591356,0.11601479962192077,0.0021486397880395693,-0.03332721378937278,0.03735960112060273,-0.10435128733515739,-0.1170496273227036,-0.09073010167106986,0.02893586680293083,0.015399024914950134,0.04182351952418685,0.0028998285531997682,-0.0005774502083659173,0.006260062400251627,-0.005908487364649773,-0.007009754218161106,-0.004782360494136811,0.1685858834278074,0.4080104847508236,0.7451822516064384,0.017772594610700354,0.010743198940197846,0.1698073973168038,0.03722534701228142,-0.521756436675787,0.7694413103163242,1,2,2
DiagReachK2,KL,186,penalty,-1.117403752288491,-0.1812651347481271,-0.3065530758412126,-0.06888398250666783,-0.08164954110980034,-0.12831024027429522,-0.04039622714743022,0.0,0.0,0.0,-0.9361386175403636,-1.048519769781823,-0.8108506764472783,-0.09961559363832677,-0.19577428290910828,0.00012976806552841624,-0.08164954110980034,-0.12831024027429522,-0.04039622714743022,-0.10036525763571262,-0.14468143203761427,-0.062631405685097,0.021900559589266778,0.012099299496039748,0.03169091944349929,-0.0031848381273448466,-0.005592454932630062,-0.0009522677375935021,0.759400941111679,-4.680693087701818,4.680693087701818,0.07821855479637058,-0.49807796819163386,0.49807796819163386,0.11405187100172043,-0.4082477055490017,0.5439234338700771,0,0,0
DiagReachK2,KL,186,cost_0,0.014997318451015235,0.032967516860717895,-0.022999485746048855,0.08750174749936611,0.06626636572182179,0.05310369766317308,0.07862898436840624,0.11735712960362435,0.11605030441656708,0.11870511950924993,-0.017970198409702653,-0.07250442904835099,0.03799680419706405,-0.03329884886110389,-0.08907218976503826,0.019608338861706286,-0.05109076425433159,-0.0640203138254583,-0.03878261717036367,0.07452508509159088,0.06249291731975973,0.08654803513549268,-0.0037919503636658193,-0.007837334068026393,0.00010534914210438197,-0.004466758016496897,-0.005440783801022917,-0.003619213406927884,0.11537790221596428,-0.08985099204851327,0.8649179865314477,0.06073529647665238,-0.16649424430551946,0.362837860005003,0.09625990688800812,-0.25545382127165794,0.5196626521646976,0,1,1
DiagReachK2,KL,186,cost_1,-0.21731684906642376,-0.16062584107600975,-0.2234365819863927,-0.09963419742329632,-0.1442048132419586,-0.1611465373635292,-0.12820028342306614,-0.3681207597255707,-0.37034001901745794,-0.3659124930948019,-0.05669100799041401,-0.11768265164312745,0.0061197329199689085,-0.016421027834051128,-0.07883461764118928,0.042602719032037606,0.22391594648361207,0.20707665503025055,0.23991125762462615,-0.1569356143474579,-0.17266131237149238,-0.14230456337332725,0.017564093694090843,0.013861149069853126,0.021352776109706605,-0.004833305068314075,-0.0058632764569483695,-0.0036940298276022087,0.15458255465781146,-0.28345503995207005,0.7686001307452675,0.028682291176975627,-0.08210513917025564,0.18586512199267424,0.23374629020690918,1.1195797324180603,1.1195797324180603,0,0,0
DiagReachK2,W2,186,shaped,1.4091651790150663,0.2321336618226631,0.09746024837036639,0.37522849398041447,0.08116879016160965,0.029553876407444477,0.14695747743360693,0.07829167395830154,0.07488687220960855,0.08141748607158661,1.1770315171924033,1.033936685034652,1.3117049306447,0.15096487166105338,0.029874717294581923,0.2730527857619795,0.0028771162033081055,-0.04943152897059917,0.06935619045048952,0.11015164405107498,0.06153778082691133,0.16919142238795756,-0.02773970291018486,-0.039639607165008785,-0.015568112623877823,-0.001243140734732151,-0.00511146673001349,0.002478741351515054,0.6470659743430575,5.885157585962016,5.885157585962016,0.15247832399089106,0.754824358305267,0.754824358305267,0.2522497773170471,0.014385581016540527,1.3344802856445312,1,2,4
DiagReachK2,W2,186,raw,0.09691829210218482,-0.017024737605869256,-0.057791952316545235,0.027055694368592544,-0.017066219449043275,-0.031189700439572334,-0.0015788792446255692,0.07829167395830154,0.07488687220960855,0.08141748607158661,0.11394302970805406,0.06986259773359227,0.15471024441873002,4.148184317402381e-05,-0.0446941712311346,0.0442301957671197,-0.09535789340734482,-0.10939290042966604,-0.07995557870715857,-0.01091078296303749,-0.02551890501752496,0.0033432895503938184,0.001489178091287613,-0.002837195824831724,0.005725285690277813,-0.007644588500261307,-0.009197961054742337,-0.006032269150018692,0.1779729873627226,0.5697151485402703,0.9256611232657155,0.019782524160882275,0.00020740921587011907,0.23022703350061732,0.06120268255472183,-0.4767894670367241,0.8010242208838463,2,2,2
DiagReachK2,W2,186,penalty,-1.3122469278276216,-0.24915840253271498,-0.4031979458246799,-0.11149514727738387,-0.09823500290513039,-0.15739910558797418,-0.04621227744966747,0.0,0.0,0.0,-1.0630885252949067,-1.200751780550238,-0.9090489820029418,-0.1509233996275846,-0.2753302186912376,-0.025634472563941527,-0.09823500290513039,-0.15739910558797418,-0.04621227744966747,-0.12106244564056397,-0.17717216338962316,-0.0732635341002606,0.0292288888245821,0.01695973693393171,0.04164908311329781,-0.006401447486132384,-0.009945867918431758,-0.0030773133598268033,0.7743326293998362,-5.315442626474534,5.315442626474534,0.13850704182227164,-0.754616998137923,0.754616998137923,0.13507334887981415,-0.49117501452565193,0.7110346592962742,0,0,0
DiagReachK2,W2,186,cost_0,0.013571276926478925,0.02952383576563099,-0.036511542392407406,0.09553960323113184,0.06641587764024734,0.05020229673013091,0.08224831217899918,0.11445165798068047,0.11301232062280178,0.11604571470990777,-0.015952558839152062,-0.08196832630465294,0.050082819318886286,-0.03689204187461635,-0.10651322287376037,0.02851344643932755,-0.04803578108549118,-0.06454892732203006,-0.03238413238897923,0.07856229841709136,0.06361281583085657,0.09352710243314505,-0.005256989412009716,-0.010515627905260772,-0.0003716251929290648,-0.006889406591653824,-0.008255680459551513,-0.005638986388221386,0.14361457715087994,-0.07976279419576031,1.1716810095280186,0.08210787854046836,-0.18446020937308177,0.43182308487694687,0.09666864573955536,-0.2401789054274559,0.5098779574036598,0,1,1
DiagReachK2,W2,186,cost_1,-0.33371507945606876,-0.26943480869228065,-0.3447513261473097,-0.19332183095444608,-0.2376458764076233,-0.25834481000900267,-0.21976771265268327,-0.5116169527173042,-0.5137609345465899,-0.5095622858405113,-0.0642802707637881,-0.14039324850162266,0.01103624669124102,-0.031788932284657345,-0.11217650581944488,0.04066905649569856,0.27397107481956484,0.2546037571132183,0.2914534004032612,-0.25161580443382264,-0.26973799169063567,-0.235105124861002,0.021967028640210627,0.01733071106718853,0.02697668314911425,-0.007997112348675728,-0.009458510922268033,-0.006472114003263414,0.18279529546238926,-0.3214013538189405,0.9725909282268562,0.020247175488004476,-0.15894466142328673,0.21446056237845373,0.2838740348815918,1.369855374097824,1.369855374097824,0,0,0
DiagReachK2,KL,187,shaped,2.7625431797285023,0.8804984683425333,0.5888580574287458,1.196920784354293,0.47272140979766847,0.37502080760896206,0.5599382683634757,-0.17941814959049224,-0.18322375319898127,-0.17522172402590513,1.8820447113859688,1.565622395374209,2.173685122299756,0.4077770585448649,0.14744834304735802,0.6840845180220674,0.6521395534276963,0.5554702858626843,0.7384204979240894,0.47782128751277925,0.38000445514917375,0.5677461922168732,-0.004861249215900898,-0.01623022871557623,0.0059740951517596825,-0.00023872926831245423,-0.0056013752985745666,0.006161292097531257,1.565609815246461,9.410223556929845,9.410223556929845,0.22461002369292177,2.0388852927243244,2.0388852927243244,0.6799042224884033,3.260697767138481,3.260697767138481,0,0,4
DiagReachK2,KL,187,raw,-0.19022214970115414,-0.16737512364508964,-0.20750869034725958,-0.12709898889884141,-0.16084743849933147,-0.1781007384508848,-0.1456532131973654,-0.1796329215168953,-0.18340797107666731,-0.1754905594140291,-0.0228470260560645,-0.06312316080231278,0.017286540646105412,-0.0065276851457581695,-0.04758074725789983,0.035905677097011826,0.01878548264503479,0.0027155464887619017,0.03430260088294745,-0.16174710355699062,-0.17723770735785363,-0.14723661441355942,0.000984516181051731,-0.004409120352938771,0.005555835124105211,-8.485536091029644e-05,-0.0013512606313452124,0.0010040764044970268,0.2765837700299006,-0.1142351302803225,1.147152930617454,0.02313526481123704,-0.032638425728790846,0.192928246316252,0.09870035201311111,0.09392741322517395,0.5377320647239685,1,1,1
DiagReachK2,KL,187,penalty,-2.952765419185285,-1.0478736007458511,-1.3843322765262167,-0.7573227379241921,-0.6335687875747681,-0.7147858792543411,-0.5421470778435469,-0.0002147722989320755,-0.0004954288946464658,-1.637730747461319e-05,-1.904891818439434,-2.195442681261093,-1.5684331426590685,-0.41430481317108325,-0.6844389455638575,-0.16042484653385194,-0.6333540201187133,-0.71461003780365,-0.5418964194506407,-0.6395684331655502,-0.7212050885707141,-0.5468843930587174,0.005845748819410801,-0.004960711298044772,0.01637469087960197,0.00015390533953905106,-0.00626320376759395,0.005414739553816615,1.6394800068111506,-9.52445909219717,9.52445909219717,0.24774535224705196,-2.0715240658554164,2.0715240658554164,0.6170052289962769,-3.166770100593567,3.166770100593567,0,0,0
DiagReachK2,KL,187,cost_0,-1.0854092204557195,-0.5804299323413185,-0.6835209247353504,-0.4708363076802789,-0.41031707301735876,-0.4380825961939991,-0.385254280064255,-0.7491101920604706,-0.753081571906805,-0.7455803620070219,-0.5049792881144011,-0.6145729127754409,-0.40188829572036905,-0.17011285932395964,-0.2665764394564697,-0.0600723125204128,0.3387931168079376,0.3116404294967651,0.3640076941251755,-0.41029643416404726,-0.43860080683603886,-0.3857573745353148,0.0010209193453192711,-0.003543665148317814,0.005362458176678043,-0.0010415222495794296,-0.00340609893668443,0.0011859958292916415,0.415797078268314,-2.5248964405720056,2.5248964405720056,0.14925797882031788,-0.8505642966197982,0.8505642966197982,0.3861444890499115,1.693965584039688,2.2473646104335785,0,0,0
DiagReachK2,KL,187,cost_1,-0.3545637926212697,-0.17582701546829332,-0.24318300458603836,-0.09521121563983682,-0.14545163363218308,-0.15919746067374946,-0.1310988767608069,-0.2907992541790009,-0.292577683776617,-0.2889932568371296,-0.1787367771529764,-0.2593525769814329,-0.11138078803523137,-0.030375381836110243,-0.10135084287017182,0.052070257571301945,0.14534762054681777,0.13119519785046577,0.1594931375980377,-0.14467908572405577,-0.15741763364057987,-0.13099918739637362,0.00011940859258174896,-0.00422786648850888,0.004341491523664439,-0.0008919354062527418,-0.0018438538466580212,0.0001011212868615984,0.2514784728608015,-0.893683885764882,1.396640831486485,0.03332238718107158,-0.15187690918055122,0.2841034067638931,0.22233185172080994,0.7267381027340889,0.8724342510104179,1,1,1
DiagReachK2,W2,187,shaped,2.656617833189071,0.8064282078420814,0.5416011695481276,1.1015295394837197,0.4306644916534424,0.3457653246074915,0.5061731681227684,-0.10247086137533187,-0.10621987346559762,-0.09834257073700428,1.8501896253469894,1.5550882937053507,2.1150166636409424,0.37576371618863896,0.13023186780035106,0.6303442556153618,0.5331353545188904,0.44904391933232546,0.6072096855938435,0.4309583127498627,0.34584935978055004,0.5097934649139643,0.0002372557297348976,-0.012215141458436846,0.011988497809506933,-0.0005310989916324615,-0.005839864714071155,0.005613460107706485,1.578292099363755,9.250948126734947,9.250948126734947,0.19749523034929672,1.8788185809431948,1.8788185809431948,0.5211920738220215,2.665676772594452,2.665676772594452,0,0,4
DiagReachK2,W2,187,raw,-0.14355043100139478,-0.11027236981803064,-0.15002304336869926,-0.07279833891462723,-0.10727730393409729,-0.12443388374522328,-0.09169828094542028,-0.10268563330173493,-0.10642933927476406,-0.09856606405228376,-0.03327806118336414,-0.07075209208676757,0.00647261236730446,-0.0029950658839333496,-0.04427827903911183,0.03572439677548169,-0.0045916706323623655,-0.020832742415368557,0.010993039049208137,-0.10711712539196014,-0.12302204383537173,-0.09266569854691624,0.0009027441963553428,-0.00430447599850595,0.005631897193379699,-0.0010629314463585615,-0.002236982915783301,5.1227998919784945e-05,0.2247146127983637,-0.1663903059168207,1.0578772726768237,0.023982495468976905,-0.014975329419666748,0.22127611071211464,0.062294796109199524,-0.02295835316181183,0.3411261886358261,1,1,1
DiagReachK2,W2,187,penalty,-2.8001683504591015,-0.9167005851800306,-1.22273761534196,-0.6513695709149472,-0.53794184923172,-0.6101126056909562,-0.45640586458146576,-0.0002147722989320755,-0.0004954288946464658,-1.637730747461319e-05,-1.8834677652790703,-2.1487987795441543,-1.5774307351171417,-0.3787587359483107,-0.6305864209296768,-0.1315345770069236,-0.5377270698547363,-0.6100176221132279,-0.4562908083945513,-0.5380754053592682,-0.6096045532450081,-0.45397485731169585,0.0006654679775238038,-0.011837762792129069,0.012048208457417785,-0.0005317922681570053,-0.006879146881401539,0.004519628158304839,1.6979686107278307,-9.417338826395351,9.417338826395351,0.21884680271942503,-1.8937936797415535,1.8937936797415535,0.5252503752708435,-2.6886353492736816,2.6886353492736816,0,0,0
DiagReachK2,W2,187,cost_0,-0.9559184800977037,-0.479267454069756,-0.5781796779536322,-0.3745575630174042,-0.330402940325439,-0.35706746499985453,-0.30566028106026355,-0.5767771363258362,-0.5807790955901146,-0.5734038759768009,-0.4766510260279476,-0.5813609170802995,-0.3777388021440716,-0.14886451374431706,-0.24505827857553752,-0.051049990320747855,0.2463741958141327,0.2192089445888996,0.2713460570573807,-0.3295553943142295,-0.3570501289749518,-0.30556054647080605,0.0015678463969379663,-0.0031736984709277746,0.006080251788953314,-0.0024153866339474916,-0.004782997409347445,-0.0002857661608140931,0.41941192883185674,-2.383255130139738,2.383255130139738,0.11648876349226289,-0.7443225687215853,0.7443225687215853,0.29227161407470703,1.2318709790706635,1.8567599952220917,0,0,0
DiagReachK2,W2,187,cost_1,-0.3040798153068702,-0.1184319861543639,-0.1826509431294764,-0.04779201376237179,-0.0854637200012803,-0.09797060897573828,-0.07287977216765287,-0.17269549816846846,-0.17434831727296116,-0.17096504360437392,-0.1856478291525063,-0.2562878015444985,-0.12142887217739383,-0.032968266153083584,-0.10264800563108599,0.039347405334786915,0.08723177760839462,0.07456296268850565,0.10032744087278843,-0.08282534554600715,-0.09394754335749894,-0.07004285475471989,-0.0021985042840242386,-0.00680768153979443,0.0023727381613571174,-0.0004398676101118326,-0.0013380214502103627,0.000496284798718988,0.2613223143270217,-0.9282391457625315,1.3353571506972894,0.038692912452056805,-0.16484133076541793,0.3141103541035522,0.11060326546430588,0.4361588880419731,0.5932582244277,1,1,1
DiagReachK3,KL,180,shaped,1.701162760208231,0.6394804602313531,0.4781345108178701,0.7923908716977939,0.5143074691295624,0.4427653731405735,0.579885456264019,0.40322784930467603,0.3995743160322308,0.40676529407501216,1.0616822999768778,0.9087718885104373,1.2230282493903613,0.12517299110179075,0.007311122293956007,0.24428230459341418,0.11107962131500244,0.03985390469431877,0.1784032782912254,0.47377681732177734,0.4096004243940115,0.5327613067626953,0.042930116131901744,0.03261561559513211,0.05284617039375007,-0.002399518433958292,-0.00538505531847477,0.000674218768253922,1.1128582942178002,5.308411499884389,5.328126529027216,0.1494993342525105,0.6258649555089537,0.969842860156999,0.5775375366210938,0.5553981065750122,3.518732190132141,0,0,4
DiagReachK3,KL,180,raw,0.34592493561739535,0.15572576919797143,0.1192527964043083,0.18703347988507096,0.1874542571604252,0.16913913508877157,0.20589642912149428,0.40322784930467603,0.3995743160322308,0.40676529407501216,0.19019916641942397,0.15889145573232438,0.22667213921308704,-0.03172848796245376,-0.07273639993505657,0.0042088681690649905,-0.21577360332012177,-0.23430239126086233,-0.19641754956915977,0.1765398930758238,0.15943095731548965,0.19363390641286968,0.012715570256114006,0.009011675526853651,0.017316028329078102,-0.0018012684769928456,-0.0032467450737021864,-0.0005848596990108499,0.2597105187254535,0.9509958320971198,1.3909206115829686,0.038726719688828196,-0.1586424398122688,0.3032099304847474,0.11486184597015381,-1.0788680166006088,1.7563566118478775,1,1,3
DiagReachK3,KL,180,penalty,-1.3552377958756359,-0.48375469111641384,-0.6337956306616171,-0.319994009770924,-0.3268532559275627,-0.3935482521727681,-0.2569196510873736,0.0,0.0,0.0,-0.8714831047592222,-1.035243786104712,-0.7214421652140188,-0.15690143518885108,-0.26789961630827597,-0.04091666045749149,-0.3268532559275627,-0.3935482521727681,-0.2569196510873736,-0.2972369581460953,-0.3599155261367559,-0.23468099478632215,-0.030214532837271692,-0.03994657534174621,-0.021099118050187826,0.0005982318893074989,-0.0025559556554071603,0.0034995504375547153,0.7801528173762429,-4.357415523796111,5.149833912707634,0.11594221960591533,-0.7845071759442555,0.8542259432810424,0.38952067494392395,-1.6342662796378136,1.7623756304383278,0,0,1
DiagReachK3,KL,180,cost_0,-0.5389390115209723,-0.10752545278390332,-0.16831626101813404,-0.043726215244750295,-0.0748080164194107,-0.09588683247566224,-0.052958324812352665,-0.19865758419036866,-0.20360511742532253,-0.1933661226928234,-0.431413558737069,-0.49521279627622217,-0.3706227505028383,-0.032717436364492626,-0.08879157544872646,0.024778030303996064,0.12384956777095794,0.10093612715601921,0.14661786165088414,-0.07295871824026108,-0.09395261690020561,-0.05178670035675169,-0.0015870233997702598,-0.006208962679374963,0.0032804025732912057,-0.0002622532192617655,-0.0012651334470137954,0.000847066731657832,0.5350735057880581,-2.157067793685345,2.979895226993776,0.046491139148334526,-0.16358718182246312,0.3252843379835825,0.10397887229919434,0.6192478388547897,0.8272055834531784,0,0,0
DiagReachK3,KL,180,cost_1,0.20553029029654138,0.05549776135501783,-0.006744003086991969,0.11376673170267404,0.13539912700653076,0.11254254914820194,0.15898411225527523,0.2627669990062714,0.25989652693271637,0.26595717638731,0.1500325289415235,0.09176355859386727,0.21227429338353324,-0.07990136565151293,-0.14626919960299986,-0.025369980762676714,-0.1273678719997406,-0.1506085753440857,-0.10366173028945923,0.13495534360408784,0.11365171782672405,0.15709803350269794,8.933995850384236e-05,-0.0038395762455184015,0.004374023682903498,0.0003545316867530346,-0.0005680990335531533,0.0013734383683186024,0.4101393972230217,0.7501626447076175,2.1106337676494333,0.05564728169214442,-0.3995068282575647,0.4917807205090774,0.26602327823638916,-0.636839359998703,1.9389287531375885,0,0,0
DiagReachK3,KL,180,cost_2,-0.37849319676286974,-0.06322755890191838,-0.1543721222711767,0.03270213797138372,0.046249115467071535,0.011080434881150724,0.0835375105217099,-0.009545546770095826,-0.01756743922829628,-0.0003225572407245649,-0.3152656378609513,-0.4111953347342535,-0.22412107449169308,-0.10947667436898993,-0.19026947650985976,-0.020896513872168794,0.05579465627670288,0.020369891077280045,0.09663202315568922,0.04506256431341171,0.011248324252665042,0.07991827107965942,0.0014422262087464333,-0.005600172774866223,0.009805539287626739,-0.0002557337284088135,-0.002051717210561037,0.001602624817751348,0.7844201903087435,-1.5763281893047565,3.9795963928101092,0.10018273655168547,-0.5473833718449497,0.7283799569480197,0.22717970609664917,0.2789732813835144,1.8196552991867065,0,0,0
DiagReachK3,W2,180,shaped,1.747945660923072,0.6758952438456252,0.5046461586879357,0.830128814264431,0.5421240866184235,0.4705566405504942,0.6108882300555705,0.3889183446764946,0.38549791678786277,0.3924190286546946,1.072050417077447,0.917816846658641,1.243299502235136,0.13377115722720173,0.00957847194111872,0.2549822487031961,0.15320575833320618,0.08115485340356826,0.2220614545047283,0.49284242987632754,0.42605781033635143,0.555035048648715,0.05223063472658396,0.04077090476406738,0.06347108093556017,-0.0029490547254681586,-0.006369187468662858,0.0006075832387432439,1.106087499448793,5.360252085387235,5.360252085387235,0.13574958961931283,0.6688557861360087,1.0157388503631168,0.6525198221206665,0.7660287916660309,3.733456999063492,0,0,4
DiagReachK3,W2,180,raw,0.3683360586142301,0.1504593381309128,0.11139258592846871,0.18444847460410763,0.18115917257964612,0.16388700076378881,0.1992888750694692,0.3889183446764946,0.38549791678786277,0.3924190286546946,0.21787672048331727,0.18388758401012242,0.25694347268576134,-0.030699834448733275,-0.07345380208794468,0.007600019263006865,-0.2077591598033905,-0.2257906316034496,-0.18906513657420876,0.16682837754487992,0.14986851384863256,0.18367080454714593,0.01676351949572563,0.012887353450059891,0.021773628082592037,-0.0024327173829078673,-0.004019942048471421,-0.0010913100559264426,0.2959228205352736,1.0893836024165864,1.4453155070846337,0.05063803994991384,-0.15349917224366638,0.31891127935893565,0.13613522052764893,-1.0387957990169525,1.8012453615665436,1,1,3
DiagReachK3,W2,180,penalty,-1.3796095688011982,-0.525435906093913,-0.6802180123114703,-0.3546119129740614,-0.36096487045288084,-0.43002789352089166,-0.2892800954543054,0.0,0.0,0.0,-0.8541736627072855,-1.024997655827137,-0.6993915564897283,-0.16447103564103216,-0.27758265359087814,-0.04809955656330552,-0.36096487045288084,-0.43002789352089166,-0.2892800954543054,-0.3260140925645828,-0.3917356073483825,-0.25981723308563237,-0.03546712333336473,-0.047457381864078343,-0.024874102252069867,0.0005163423717021942,-0.003088676885236055,0.003938052926678211,0.7803589633270825,-4.270868313536427,5.103365760673372,0.1036816251369258,-0.8223551782051608,0.8985789384413256,0.36277979612350464,-1.8048243522644043,1.9322112202644348,0,0,1
DiagReachK3,W2,180,cost_0,-0.5350355523031898,-0.12290653319200855,-0.18564881625285587,-0.05760569177627223,-0.08417813032865525,-0.10578953824937344,-0.062064375579357164,-0.2233802556991577,-0.2284081409871578,-0.21800890818238258,-0.41212901911118127,-0.47742986052691766,-0.34938673605033405,-0.0387284028633533,-0.09707006833160388,0.024881298548996022,0.13920212388038636,0.11603147938847541,0.16182366095483303,-0.08383145034313202,-0.10466133028268813,-0.06254765130579476,0.0011308335699141026,-0.0039775905595161015,0.0064801804022863495,-0.0014774766750633717,-0.002565977247431874,-0.000289248840417713,0.4867985233577205,-2.0606450955559064,2.9216498808929203,0.05509037936921407,-0.1936420143167665,0.35078723814809304,0.13505786657333374,0.6960106194019318,0.8962916433811188,0,0,0
DiagReachK3,W2,180,cost_1,0.2305232800792722,0.029827110915354994,-0.03384159908835141,0.08992635819475545,0.1106226347386837,0.08745810715481639,0.13449962025508283,0.2213858723640442,0.2185419625043869,0.2244524073600769,0.20069616916391717,0.1405969218845167,0.2643648791676236,-0.0807955238233287,-0.14729407876046988,-0.024307750203373644,-0.11076323986053467,-0.13300719566643238,-0.08715339593589307,0.1099417120218277,0.08919784028083086,0.13172035234048962,0.00033663571812212465,-0.004176381906727329,0.005240228828042743,0.0003442602232098579,-0.0007817513460759073,0.0014265681419055908,0.45672724481119603,1.0034808458195859,2.1480250688226445,0.06833393080236275,-0.40397761911664354,0.5274987450579434,0.19953405857086182,-0.5538161993026733,1.7665907144546509,1,0,0
DiagReachK3,W2,180,cost_2,-0.3462844182660219,-0.10346414814899167,-0.1938568040611438,-0.005277235422669211,0.012860099226236344,-0.02325274221599102,0.05043220762163392,-0.07415183931589127,-0.0823478327691555,-0.06474733471870422,-0.2428202701170302,-0.34100718284335274,-0.1524276142048781,-0.11632424737522802,-0.2064396580923674,-0.023870056364445245,0.0870119385421276,0.05185568211600185,0.1272931181266903,0.008842663466930389,-0.024491760954260828,0.04463915375992653,0.00579491388052702,-0.0024390663439407944,0.015125952614471316,-0.001777555514127016,-0.0037162034912034867,0.00033254939597099993,0.7868909629830361,-1.214101350585151,3.7332890248931205,0.1179790039213291,-0.5816212368761401,0.804880595410686,0.224828839302063,0.43505969271063805,1.6778709031641483,0,0,0
DiagReachK3,KL,186,shaped,1.356508657524121,0.31509903144456974,0.1887951506032358,0.4630426516077421,0.269764468818903,0.22124683205969634,0.3178985591419041,0.10189558863639832,0.09777526650577784,0.10583439290523529,1.0414096260795511,0.893466005916379,1.1677135069208853,0.045334562625666756,-0.07757946252613439,0.17857164405772652,0.16786887422204017,0.12206530447117984,0.21609854934737083,0.2507027745246887,0.20581320034340023,0.2984401702415198,0.015723046194761992,0.008154955254867674,0.023379191608401014,0.0033385688439011574,0.00042855985695496203,0.00647666935808956,0.731764767866354,5.207048130397756,5.207048130397756,0.08913996267476883,0.2266728131283338,0.4895649110735089,0.3621692657470703,0.8393443711102009,1.580046933144331,0,0,3
DiagReachK3,KL,186,raw,0.3908660709786981,0.18146066433263525,0.1297691252614132,0.23769691412485885,0.15226186364889144,0.1325661949813366,0.17528431029990316,0.12329248785972595,0.11997484657913446,0.12647787902504207,0.20940540664606289,0.15316915685383925,0.2610969457172848,0.029198800683743774,-0.017424918023642176,0.08077401361222802,0.028969374299049378,0.00945635886862874,0.05108863733708857,0.14132222384214402,0.12172331660985947,0.16352011561393737,0.010659051034599543,0.007616787892766297,0.014018990020267663,0.0002806005999445915,-0.0007112291269004346,0.0014715309953317042,0.13250241950231156,1.0470270332303144,1.3120318722349376,0.04754327442211659,0.14599400341871888,0.33427768680661185,0.09164576232433319,0.1448468714952469,0.7012277394533157,0,0,1
DiagReachK3,KL,186,penalty,-0.9656425847382601,-0.13363836931993153,-0.28444206935101546,-0.01076543542244595,-0.11750253066420555,-0.16426005836576224,-0.0748681347165257,0.02139689549803734,0.0189080144232139,0.02373348854016512,-0.8320042154183286,-0.954877149315814,-0.6812005153872447,-0.01613583865572598,-0.14951164218886104,0.09810529286705524,-0.13889942839741706,-0.18608268056064844,-0.0956003417307511,-0.10938052535057068,-0.15402045749127866,-0.06986522451043133,-0.005064007267355919,-0.012472593409474939,0.0016741931438446038,-0.003057991527020931,-0.005950801209546625,-0.0003948330343700946,0.42124345718301726,-4.160021077091643,4.160021077091643,0.07616194971618445,-0.08067919327862991,0.4497895819660731,0.08397907763719559,-0.6944971419870853,0.9086222387850285,0,0,1
DiagReachK3,KL,186,cost_0,0.17743535541995967,0.13107069009767316,0.06581973386161996,0.20376342953982718,0.10401526801288127,0.08854196698404848,0.12151192632503807,0.14656057357788085,0.1440231336466968,0.14881991846486928,0.04636466532228649,-0.026328074119867494,0.11161562155833968,0.027055422084791874,-0.041877878890607435,0.09718158550250723,-0.04254530556499958,-0.0587265755282715,-0.024446420231834066,0.10251642148941756,0.08781062028370797,0.11964294265490025,0.0023501161485910416,-0.0015172891225665806,0.00566404968500136,-0.000851250858977437,-0.001680350131355226,-2.7250756975263666e-05,0.21159524164904847,0.23182332661143246,0.9621208190932857,0.02866588299688956,0.13527711042395937,0.21828109057611056,0.033211689442396164,-0.2127265278249979,0.9864394720643759,1,0,1
DiagReachK3,KL,186,cost_1,-0.1133131854878131,-0.009341229117068212,-0.06700731029182404,0.047081816468443574,-0.006760118156671524,-0.02173154966905713,0.008624912910163396,-0.2451429447159171,-0.24661100302822886,-0.2439063490414992,-0.10397195637074486,-0.16039500195625664,-0.04630587519598911,-0.0025811109603966877,-0.05996905476740067,0.05241080677009724,0.2383828267455101,0.2238874451071024,0.25421060509979726,-0.025146017968654632,-0.03828836420550943,-0.010212951563298711,0.020346219092607497,0.016107822339981794,0.024498670059256253,-0.0019602955784648658,-0.0028338540764525533,-0.0010379963694140315,0.14929262107611535,-0.5198597818537243,1.148441802317337,0.07282264467537969,-0.012905554801983438,0.3349461422637352,0.23054587841033936,1.1919141337275505,1.1919141337275505,0,0,1
DiagReachK3,KL,186,cost_2,0.15806401163849404,0.13007476445704727,0.026646727153811403,0.24101851817317715,0.10922888964414597,0.08106236265972257,0.13668644484132525,0.0621456116437912,0.0585535055398941,0.065608873963356,0.027989247181446776,-0.08295450653468335,0.13141728448468248,0.020845874812901306,-0.08622950285604564,0.1349349450862802,0.047083258628845215,0.019197026342153548,0.07408709868788718,0.08539903461933136,0.06137509513646364,0.11155039824545383,0.026890455186367034,0.021197342090308668,0.032868228266015646,-0.0030605947598814965,-0.0045285673905164,-0.0015377082070335748,0.2908956508051833,0.13994623590723387,2.10573175230037,0.08370497994636991,0.10422937406450652,0.4626594183402698,0.38572973012924194,0.23541629314422607,2.420759081840515,1,0,1
DiagReachK3,W2,186,shaped,1.6658306411141468,0.36800258645807515,0.2025247693772378,0.5763720075687159,0.30405180156230927,0.24836113100405782,0.36038819190114735,0.04328279197216034,0.03858872335404158,0.047786960750818244,1.2978280546560712,1.0894586335454308,1.4633058717369087,0.06395078489576589,-0.10210767873336005,0.2559162274037567,0.26076900362968447,0.2039156297966838,0.3179040211252868,0.26060238033533095,0.21201229283586145,0.31036353867501015,0.038406895101070405,0.02743880211841315,0.0507863118778914,0.005042571015655995,-0.0006967500690370799,0.010546619817614553,0.9661664892308002,6.4891402732803565,6.4891402732803565,0.09301722885826869,0.31975392447882944,0.666803207081207,0.32488012313842773,1.3038450181484222,1.9536052644252777,1,0,3
DiagReachK3,W2,186,raw,0.47816237148474283,0.19032001617090644,0.1303554162351565,0.2529627492596834,0.16482503563165665,0.14368782855570317,0.18811831589788197,0.08474067002534866,0.08129053872078656,0.08799179043620824,0.2878423553138364,0.22519962222505946,0.3478069552495863,0.025494980539249774,-0.029911782584851363,0.08082294759242754,0.08008436560630798,0.05899630054831505,0.10357714686542747,0.1403263531625271,0.12053278489038348,0.1630136635992676,0.024572883686050772,0.019924799411091952,0.02995024823583662,-7.416661828756333e-05,-0.0015010719373822212,0.0016404238250106542,0.18932574050172363,1.4392117765691819,1.5444641615904893,0.09616458774796777,0.12747490269624887,0.4296156933599091,0.17863354086875916,0.4004218280315399,0.9144910275936127,0,0,0
DiagReachK3,W2,186,penalty,-1.1876682581303255,-0.17768257485815322,-0.39189641549175225,-0.006950656184096624,-0.13922675251960753,-0.19485182848991828,-0.0878315482288599,0.04145785644650459,0.03799168576020748,0.044546571131795644,-1.0099856832721723,-1.180717601946229,-0.7957718426385736,-0.03845582233854568,-0.23594952851882114,0.12995529369417227,-0.18068461120128632,-0.23547496801242232,-0.12966136522591115,-0.12027602344751358,-0.16937468180432916,-0.07482954300940037,-0.013834003265947104,-0.025597801671829075,-0.0031264429702423536,-0.005116753000766039,-0.009894845117814839,0.00048057757550850336,0.5430432830432116,-5.049928416360862,5.049928416360862,0.0582444573413928,-0.19227911169272838,0.6609815712431718,0.06834620237350464,-0.9034230560064316,1.1214150339365005,0,0,1
DiagReachK3,W2,186,cost_0,0.24485274149861502,0.1163856309403796,0.028416693519439516,0.20087587723430828,0.08882613107562065,0.07071090844459832,0.1088382511306554,0.08491548001766205,0.08242489479482173,0.08729610262438654,0.12846711055823543,0.04397686426430672,0.21643604797917543,0.02755949986475894,-0.05622212630771896,0.11492027894811234,0.0039106510579586026,-0.014492206173017622,0.0235817751474678,0.08622490391135215,0.06936964956112206,0.10402447416447101,0.005073802080005407,-0.0004026936902664602,0.009893617369234562,-0.0024725045077502728,-0.003772266088053584,-0.0011047932272776968,0.2734157062902833,0.6423355527911772,1.1995770373870234,0.04848829147645217,0.1377974993237947,0.2842666283857276,0.047774169594049454,0.019553255289793015,1.072138737887144,0,0,0
DiagReachK3,W2,186,cost_1,-0.046617901807118625,0.010252052880008944,-0.06770322125532946,0.0871908156737705,0.01731610521674156,-0.0019193281605839729,0.0367388111539185,-0.2544098713435233,-0.2560909576108679,-0.2529656371008605,-0.05686995468712758,-0.13380871748088924,0.021085319448210824,-0.007064052336732613,-0.08451417069508958,0.07012346970440524,0.2717259764671326,0.2526232600212097,0.2908225068449974,-0.01361134611070156,-0.029800584940239787,0.002920194882899512,0.036267518810927865,0.029223603736609222,0.04292482499498874,-0.005340074189007282,-0.006837340486235917,-0.003792064879089594,0.1832527023547697,-0.2843497734356379,1.1922443357305337,0.07839353216223638,-0.03532026168366306,0.42290245929211084,0.21097159385681152,1.3586298823356628,1.3586298823356628,0,0,2
DiagReachK3,W2,186,cost_2,0.3154910578594686,0.13875093477870215,-0.0026827592639537884,0.2763834121027079,0.12430245578289031,0.08982473529875279,0.15692670978605747,-0.006400556862354278,-0.010228575319051744,-0.0027763948962092402,0.17674012308076648,0.039107645756760685,0.3181738171234224,0.014448478995811847,-0.12829824397528078,0.15712357772861926,0.13070300817489625,0.09585397869348526,0.1628079316020012,0.08409916162490845,0.055031758695840836,0.11402667798101901,0.048310811072587966,0.03939432208426297,0.05729533976875245,-0.008107496052980423,-0.010447733364999294,-0.0057740944530814894,0.5307500866491024,0.8837006154038324,2.6601473854976825,0.13438861459971174,0.07224239497905924,0.5929093469429857,0.5078247785568237,0.6535150408744812,2.73051518201828,0,0,1
DiagReachK3,KL,187,shaped,2.4292692434568837,0.46639664467897174,0.27333570814084557,0.6362427324962798,0.3801212638616562,0.2957456513494253,0.4558932927250861,-0.2901320084929466,-0.29285004451870916,-0.2875106826424599,1.9628725987779116,1.7930265109606034,2.155933535316038,0.08627538081731559,-0.053072777524371485,0.22067515682962296,0.6702532768249512,0.5866037565469742,0.7477735832333564,0.3555635154247284,0.27454195071011783,0.42696099661290626,0.02446678318083286,0.015049383700825274,0.03275835823267698,9.088432416319847e-05,-0.0031805618200451136,0.0032396862283349034,1.3129821248141536,9.814362993889558,9.814362993889558,0.15474065908759604,0.4313769040865779,0.7220094609449331,0.596259355545044,3.351266384124756,3.351266384124756,0,0,5
DiagReachK3,KL,187,raw,-0.06392840261926667,-0.09565466674308083,-0.12600000322878238,-0.06430820069740334,-0.0884539783000946,-0.10335251797921956,-0.07407191051170231,-0.29052757024765014,-0.2932433423772454,-0.2878801431134343,0.03172626412381415,0.00037979807813664514,0.0620716006095157,-0.00720068844298623,-0.038753376024465665,0.02325770959528203,0.2020735912024975,0.1866087854281068,0.21693557798862456,-0.10236518830060959,-0.1172200012113899,-0.08830790853127839,0.017515454813838004,0.014381030164659024,0.020575570601504292,-0.003604246396571398,-0.004658732344396412,-0.002609572294168176,0.0636931464626273,0.15863132061907076,0.29131858222549917,0.009545206219361793,-0.03600344221493115,0.060214804197164906,0.16225603222846985,1.0103679560124874,1.0103679560124874,1,1,2
DiagReachK3,KL,187,penalty,-2.4931976621030456,-0.5620513273946346,-0.732692557444342,-0.38217933371608886,-0.46857520937919617,-0.5497956275194883,-0.3818645039945841,-0.00039556436240673065,-0.0007415301399305463,-0.00012362503912299882,-1.9311463347084108,-2.111018328386957,-1.7605051046587037,-0.09347611801543844,-0.231373547049598,0.04426471245191919,-0.46817964911460874,-0.5492330446094275,-0.38145489417016504,-0.45792870223522186,-0.5332693921029568,-0.3741848627105356,-0.0069512976333498955,-0.015853063783142718,0.0029077358520589753,-0.003695177473127842,-0.006951220859773457,-0.0005018576281145223,1.302899908145293,-9.655731673542054,9.655731673542054,0.17521391443628276,-0.4673805900771922,0.7407429038321437,0.5297253131866455,-2.340898245573044,2.340898245573044,0,0,0
DiagReachK3,KL,187,cost_0,-0.6617917295414963,-0.262108277549111,-0.33032305812495183,-0.19267738179711122,-0.2262391358613968,-0.2451678842306137,-0.20690094977617263,-0.5110341548919678,-0.5129502558708191,-0.5089321613311768,-0.3996834519923854,-0.4691143477443852,-0.33146867141654457,-0.03586914168771422,-0.09966313668049932,0.03271357605107622,0.284795019030571,0.26508296124637126,0.3047496417164802,-0.23402125090360643,-0.25127459816634656,-0.21611963648349047,0.015405863523483276,0.010753987422212959,0.020397654278203836,-0.007623704662546515,-0.008884129039943218,-0.00632299817632884,0.2200986468006369,-1.998417259961927,1.998417259961927,0.0682296139940155,-0.1793457084385711,0.3769268659557498,0.3549449145793915,1.423975095152855,1.9090352803468704,0,0,0
DiagReachK3,KL,187,cost_1,-0.53129018457449,-0.22047694858166128,-0.28033999105315854,-0.16385154086705256,-0.20594874173402786,-0.22382233045995234,-0.1857737972959876,-0.5868534773588181,-0.5892477686330676,-0.5845444485358894,-0.31081323599282873,-0.3674386437074376,-0.25095019352133163,-0.014528206847633401,-0.07153376641694617,0.04437655792923971,0.3809047400951385,0.36329065907746555,0.4011522252112627,-0.21459978818893433,-0.2325638044066727,-0.1952684721723199,0.012609677389264107,0.009652001813519747,0.015804013838060196,-0.003958646347746253,-0.0049598491075448685,-0.0028643043478950867,0.34098036970949896,-1.5540661799641438,1.6507510875668832,0.07278270548500093,-0.07264103423816701,0.3952416316165333,0.32636746764183044,1.9045237004756927,1.9045237004756927,0,0,0
DiagReachK3,KL,187,cost_2,-1.1869393527206764,-0.47954585059659005,-0.5688907391899521,-0.37658590631572386,-0.4273377776145935,-0.45683243177831173,-0.3952609506249428,-1.0887691020965575,-1.0927901846170425,-1.085183820873499,-0.7073935021240862,-0.8103534464049524,-0.6180486135307242,-0.05220807298199655,-0.14670720031257065,0.041265254827017324,0.6614313066005707,0.6321989785134792,0.692130732089281,-0.44507117569446564,-0.47364261645823713,-0.4164778532832861,0.0297695305198431,0.023561522921081633,0.03631471033673733,-0.012036065943539143,-0.013967178058810533,-0.010165686081163586,0.6038887860563726,-3.5369675106204315,3.5369675106204315,0.15260955515140362,-0.2610403649099827,0.6369360696659536,0.584566593170166,3.3071565330028534,3.3071565330028534,0,0,0
DiagReachK3,W2,187,shaped,2.467077230873338,0.5144632129008719,0.31148818394897704,0.6928453893498999,0.4016336858272552,0.3169155289977789,0.48035243257880195,-0.2560321107506752,-0.2587206518277526,-0.25342302247881887,1.9526140179724663,1.774231841523438,2.155589046924361,0.11282952707361671,-0.03982629420177924,0.2675213511042634,0.6576657891273499,0.5740199522674083,0.7350960808992383,0.3647334098815918,0.28628378979861735,0.4402647925168275,0.03452638015151024,0.024014616329222915,0.04423338037449866,0.002373979426920414,-0.0018582551507279276,0.006746317399665708,1.3468550153367338,9.763070089862332,9.763070089862332,0.21073471425174783,0.5641476353680835,0.7477665640139527,0.6793091297149658,3.2883289456367493,3.2883289456367493,0,0,5
DiagReachK3,W2,187,raw,-0.0345403769185698,-0.06912211931844166,-0.10287896261274823,-0.035740151966594476,-0.061823880299925804,-0.07794454209506511,-0.04664420524612071,-0.25653551518917084,-0.25917888306081294,-0.25405642271041873,0.03458174239987184,0.001199775048024662,0.0683385856941784,-0.007298239018515848,-0.04178199108895071,0.02701941453318319,0.19471163712441922,0.17798963537439705,0.20988781463354825,-0.08468814194202423,-0.10041613614186644,-0.07053384348750115,0.02725229449570179,0.023512895116582513,0.03142282462213189,-0.0043880261946469545,-0.005715866431128234,-0.003143065199255944,0.021398979105001686,0.17290871199935923,0.17290871199935923,0.019173854622234893,-0.03649119509257924,0.09697654055234879,0.20830102264881134,0.9735581856220961,0.9735581856220961,1,1,2
DiagReachK3,W2,187,penalty,-2.5016176308196405,-0.5835853487265086,-0.7666337559829028,-0.3897551250520499,-0.4634575843811035,-0.5450461684167385,-0.378629812784493,-0.0005034077912569046,-0.0009841384831815957,-0.00015842823777347832,-1.9180322820931317,-2.1118625057675904,-1.7349838748367377,-0.12012776434540513,-0.27968605568525945,0.03509537255518672,-0.4629541873931885,-0.5443872787058353,-0.3781798276305199,-0.44942150115966795,-0.5251246689632535,-0.36891402676701546,-0.007274066284298897,-0.01797277799574658,0.003988735124003138,-0.006761999893933534,-0.011181567653547973,-0.0026186665054410735,1.3270018395831469,-9.590161410465658,9.590161410465658,0.2150447303985843,-0.6006388217270257,0.7696741378816442,0.5204537510871887,-2.3147709369659424,2.3147709369659424,0,0,0
DiagReachK3,W2,187,cost_0,-0.6307562843832413,-0.2627852399912927,-0.33109171175143864,-0.18702472379257826,-0.21855958700180053,-0.23991016369313,-0.19855671141296627,-0.493545788526535,-0.4958684392273426,-0.49137379840016365,-0.36797104439194855,-0.44373156059066304,-0.2996645726318027,-0.04422565298949218,-0.10699607243639843,0.027252642907201675,0.274986207485199,0.25292906887829303,0.29560526214540006,-0.23069211095571518,-0.25048122845590115,-0.21259780708700418,0.022725819796323776,0.017418762282468376,0.028402644507586953,-0.0105932901147753,-0.012148578129708766,-0.00907480066176504,0.22378866292627414,-1.8398552219597428,1.950350123853813,0.041982092860158235,-0.2211282649474609,0.33222596341286875,0.3150504529476166,1.3749310374259949,1.8962121605873108,0,0,0
DiagReachK3,W2,187,cost_1,-0.45561204320035553,-0.18089389386415683,-0.24312696349317217,-0.12034994343733577,-0.1688819382339716,-0.18663067006506026,-0.14871759644243868,-0.5344330728054046,-0.5368626445345581,-0.5321531528048218,-0.27471814933619876,-0.33526209976301985,-0.21248507970718344,-0.01201195563018522,-0.06850299957895596,0.04502570310914046,0.36555113196372985,0.34761474009603266,0.3852715977281332,-0.18261845149099826,-0.1999280981719494,-0.16269346923567354,0.018494312092661856,0.014824745645746588,0.0226113288057968,-0.004757816158235073,-0.006149217397905886,-0.0034944347199052576,0.2624535136491043,-1.3735907466809938,1.5080601390548736,0.046585921499364996,-0.0600597781509261,0.3801502414076431,0.349620521068573,1.8277556598186493,1.8277556598186493,0,0,0
DiagReachK3,W2,187,cost_2,-1.0778072225520305,-0.4413897052209109,-0.5398055917167803,-0.33139520741778905,-0.38585100919008253,-0.41782032914459705,-0.3531959285587073,-1.019557809829712,-1.0237563294172287,-1.0160373404622078,-0.6364175173311194,-0.7464120151342412,-0.5380016308352499,-0.055538696030828325,-0.1538588939802612,0.04574265177346445,0.633706796169281,0.6038995379209519,0.6667426736652851,-0.4138741672039032,-0.4441848722472787,-0.38413114635273815,0.0436922000721097,0.03636963014956564,0.05206920526456087,-0.01566903358325362,-0.018045158262830225,-0.013323655955027791,0.6661601384010732,-3.182087586655597,3.182087586655597,0.14581456209111587,-0.27769348015414164,0.6254279846443312,0.6650150418281555,3.168533980846405,3.168533980846405,0,0,0
