env,seed,cycle,anchor,candidate,channel,Gtrain,Ghold,Gsample,Gdet,optimism,optimism_lo,optimism_hi,Gdet_lo,Gdet_hi,hold_episode_contribution_std,sample_episode_contribution_std
DiagReachK2,180,6,1,shapedKL,shaped,3.5431965724474908,0.4194431848219746,0.5279801652906828,-0.6652084994566392,3.015216407156808,2.7064355692273825,3.2864998123710842,-0.6831893453784232,-0.6496087870281465,1.3777924446545717,1.2358170357028313
DiagReachK2,180,6,1,shapedKL,raw,-0.3638585723855288,-0.26297504462833016,-0.31298407519698235,-0.6652084994566392,-0.050874497188546475,-0.10690945674373263,0.002947818645330476,-0.6831893453784232,-0.6496087870281465,0.4321080059842135,0.2283128208225392
DiagReachK2,180,6,1,shapedKL,penalty,-3.9070551678028664,-0.6824181775376174,-0.8409642404876649,0.0,-3.0660909273152015,-3.347496321397159,-2.7387446296357325,0.0,0.0,1.3692363626997197,1.286029654942976
DiagReachK2,180,6,1,shapedKL,cost_0,-1.2631909135562287,-0.6513877769033496,-0.5903786011040211,-1.0322812497615814,-0.6728123124522076,-0.7366846209690825,-0.6127938491358341,-1.0397212211042643,-1.0253380805253982,0.9058693415628254,0.24488122601786919
DiagReachK2,180,6,1,shapedKL,cost_1,-0.9901724222589626,-0.4100259198171137,-0.49832296557724476,-0.807187594473362,-0.49184945668171787,-0.5880339118194177,-0.4084261553835467,-0.8148829577490687,-0.7994679264724255,0.6506473539406595,0.3819259685235849
DiagReachK2,180,6,1,shapedW2,shaped,3.4684051979268604,0.4117371901541623,0.5223097321297248,-0.643566719537557,2.9460954657971357,2.639229729332957,3.213573888944876,-0.6615570805861988,-0.6278922764931213,1.341757202351524,1.222362358925879
DiagReachK2,180,6,1,shapedW2,raw,-0.3554265288092417,-0.2569644188676227,-0.30658083085909293,-0.643566719537557,-0.04884569795014876,-0.10402841204443829,0.0039515080823522685,-0.6615570805861988,-0.6278922764931213,0.42719076862277106,0.22235405294686506
DiagReachK2,180,6,1,shapedW2,penalty,-3.8238317482808952,-0.6687015565140522,-0.8288905629888177,0.0,-2.9949411852920775,-3.271929927000997,-2.6699493160175507,0.0,0.0,1.3351174159680288,1.2703576781048638
DiagReachK2,180,6,1,shapedW2,cost_0,-1.241963254834633,-0.6365751695481048,-0.5763755720108747,-1.0077222771942616,-0.6655876828237584,-0.7283062271653822,-0.6058469873965865,-1.0151967382058502,-1.0008645220659673,0.9176724560136726,0.24159676979888878
DiagReachK2,180,6,1,shapedW2,cost_1,-0.9646473304850371,-0.4057279341048937,-0.48877125326544046,-0.7836895510554314,-0.4758760772195967,-0.5688373536586152,-0.39400509216518587,-0.7910220263525843,-0.7761460449546576,0.6387830258529128,0.3727474866739881
DiagReachK2,180,6,1,rawKL,shaped,-0.4078595398265462,0.09873862472229848,-0.27826301194818365,-0.2377624414581078,-0.12959652787836257,-0.380072320599039,0.13051348205963553,-0.2795789173566116,-0.1992418985429049,1.1097320211915171,1.0621718438938401
DiagReachK2,180,6,1,rawKL,raw,0.3895017679040752,0.3820699663228591,0.41893854131831176,0.0930229224544746,-0.02943677341423656,-0.09955890382881137,0.03200678060815293,0.08721686633305581,0.1011357289889655,0.4752124292106308,0.25530900953977187
DiagReachK2,180,6,1,rawKL,penalty,0.7973612818466822,0.28333134475396965,0.6972015532664955,0.3307853639125824,0.10015972858018674,-0.13556827951033168,0.3238401710121281,0.294611768447794,0.37132223264779896,0.9996380602853462,0.9465587584125392
DiagReachK2,180,6,1,rawKL,cost_0,0.4024360378325554,0.6951198327425921,0.6722901850007474,1.1296522617340088,-0.26985414716819206,-0.3118384291830836,-0.22690530465388578,1.1278633588925004,1.1313886588439346,0.92506609836691,0.1775389028194069
DiagReachK2,180,6,1,rawKL,cost_1,0.4125629499420606,0.2409089590987046,0.4665959384292364,0.7388414144515991,-0.054032988487175804,-0.08796099993809234,-0.020543580841637373,0.735297410748899,0.7426037576049567,0.7309387290465407,0.1423335406198935
DiagReachK2,180,6,1,rawW2,shaped,-0.29184717539740407,0.07158138035121586,-0.22945028266240106,-0.21157365329090674,-0.06239689273500301,-0.2938711642907607,0.18216537536780153,-0.2482835343838358,-0.1749065958577921,1.1191817814481393,0.9960025161167811
DiagReachK2,180,6,1,rawW2,raw,0.3775397933708625,0.36200632838875807,0.4024520329914596,0.08542807270314376,-0.024912239620597076,-0.09122711850953542,0.03490551553250179,0.07980341725415178,0.09333889728784946,0.4768898475841245,0.2469660768804844
DiagReachK2,180,6,1,rawW2,penalty,0.6693869319823068,0.2904249495467153,0.6319023156538606,0.2970017259940505,0.03748461632844624,-0.1920213527665976,0.24462684319209857,0.2635445229243487,0.3315258369548246,1.0235588334096464,0.8749685934435317
DiagReachK2,180,6,1,rawW2,cost_0,0.40243628240151696,0.7160793727877197,0.673598914872855,1.120140753686428,-0.271162632471338,-0.3133915706914068,-0.2286191321354509,1.1184491243213415,1.1219585496932267,0.9475435660753049,0.17666185800946238
DiagReachK2,180,6,1,rawW2,cost_1,0.2921264190275542,0.1713206003668851,0.3894557096064091,0.5887933596968651,-0.09732929057885487,-0.1317213632117637,-0.06619581351500534,0.5852888537570834,0.5923457590863108,0.7237134065660078,0.13917538847201466
DiagReachK2,180,18,3,shapedKL,shaped,2.4743805154610365,0.5348119436266262,0.2986452467869184,-0.08502400043507771,2.175735268674118,1.9495470458252042,2.401928051560761,-0.10113693688148463,-0.06915761067884879,3.5978941064348366,0.9936028809071743
DiagReachK2,180,18,3,shapedKL,raw,0.03624535858864216,0.02593687444657874,0.01961318032249431,-0.05090559396048741,0.01663217826614785,-0.025636470136891847,0.05713095125964775,-0.056027706847162094,-0.045614232493826214,0.43003263176925327,0.17889712620867484
DiagReachK2,180,18,3,shapedKL,penalty,-2.438134975671481,-0.5088750662407642,-0.27903206646442413,0.0341184064745903,-2.159102909207057,-2.397503995742362,-1.9101559988322592,0.019956541480496526,0.049856790807098136,3.8072984325545836,1.0457271996045263
DiagReachK2,180,18,3,shapedKL,cost_0,0.19868012102685362,0.22526378853620693,0.1585322543978691,0.24028123915195465,0.04014786662898451,0.0015546013078787892,0.08065903772964567,0.23511719517409801,0.2450617004185915,0.7393829161682939,0.16518001689922623
DiagReachK2,180,18,3,shapedKL,cost_1,-0.5973592998129125,-0.3057102856678244,-0.21462455997243524,-0.13722334057092667,-0.38273473984047723,-0.4866306440690341,-0.2631570312911454,-0.14740447886288166,-0.1264775136485696,1.3438424803312488,0.4682240304029725
DiagReachK2,180,18,3,shapedW2,shaped,2.577581853439141,0.5569630536162744,0.3031707323642878,-0.09208857256598985,2.274411121074853,2.0279349794358326,2.5123408196155115,-0.1072908511123382,-0.077534567813418,3.7656180185219132,1.0483113777490558
DiagReachK2,180,18,3,shapedW2,raw,0.018984748257607757,0.00786562027796908,0.001145056590667208,-0.061454569805937165,0.01783969166694055,-0.02519878876898723,0.06192865135798879,-0.06704580572553814,-0.05564819951327043,0.45990013476409203,0.18662212671292291
DiagReachK2,180,18,3,shapedW2,penalty,-2.558596912779921,-0.5490974310358346,-0.3020256757736206,0.03063400276005268,-2.2565712370063005,-2.5080431979234157,-1.9999935932076365,0.017652150942012668,0.04523536004126071,3.982484709136704,1.100067341684214
DiagReachK2,180,18,3,shapedW2,cost_0,0.19821092550720856,0.22098620184057194,0.14468947239220142,0.22690334916114807,0.05352145311500714,0.01420907992016361,0.09658971823829994,0.221466682292521,0.2318010125309229,0.7831311809304435,0.17523852509515128
DiagReachK2,180,18,3,shapedW2,cost_1,-0.6372096331560491,-0.34230292574897,-0.25128354225307703,-0.16906867176294327,-0.38592609090297203,-0.496693365648712,-0.25879284143480197,-0.1797100216150284,-0.15769119560718536,1.408751154387127,0.4963581991879692
DiagReachK2,180,18,3,rawKL,shaped,-1.7697520125574784,-0.3336883821282937,-0.5077155644038384,-0.13144233870698388,-1.2620364481536401,-1.4857801482261104,-1.0553895491698844,-0.16692414563840446,-0.10006975762924439,1.933698413087874,0.8665383635041978
DiagReachK2,180,18,3,rawKL,raw,0.3020740453689532,0.2343650757204583,0.16804484073429657,0.09956516184465711,0.13402920463465665,0.10769850573022924,0.15935638755075973,0.09675022302646544,0.10273814005700854,0.3789595086697775,0.11345919737133758
DiagReachK2,180,18,3,rawKL,penalty,2.0718259503395595,0.5680534362921934,0.675760405138135,0.231007500551641,1.3960655452014246,1.2025700608996042,1.6067491218476855,0.2010688732843846,0.2656076088314876,2.0601531621666,0.8107033731760346
DiagReachK2,180,18,3,rawKL,cost_0,0.5163621304993067,0.42956042007809175,0.31248341873288155,0.5329158380627632,0.20387871176642514,0.18249988848981596,0.22663836660501693,0.5303423203527927,0.5354640455916524,0.7229860946698085,0.09941056671737589
DiagReachK2,180,18,3,rawKL,cost_1,0.8060202675564879,0.35157321955493753,0.3150990894064307,0.43648406863212585,0.4909211781500572,0.44814163415419994,0.529566355810567,0.4326198134571314,0.44052980225533245,0.8636069275547094,0.17485611134862328
DiagReachK2,180,18,3,rawW2,shaped,-1.7697520125574784,-0.3336883821282937,-0.5077155644038384,-0.13144233870698388,-1.2620364481536401,-1.4857801482261104,-1.0553895491698844,-0.16692414563840446,-0.10006975762924439,1.933698413087874,0.8665383635041978
DiagReachK2,180,18,3,rawW2,raw,0.3020740453689532,0.2343650757204583,0.16804484073429657,0.09956516184465711,0.13402920463465665,0.10769850573022924,0.15935638755075973,0.09675022302646544,0.10273814005700854,0.3789595086697775,0.11345919737133758
DiagReachK2,180,18,3,rawW2,penalty,2.0718259503395595,0.5680534362921934,0.675760405138135,0.231007500551641,1.3960655452014246,1.2025700608996042,1.6067491218476855,0.2010688732843846,0.2656076088314876,2.0601531621666,0.8107033731760346
DiagReachK2,180,18,3,rawW2,cost_0,0.5163621304993067,0.42956042007809175,0.31248341873288155,0.5329158380627632,0.20387871176642514,0.18249988848981596,0.22663836660501693,0.5303423203527927,0.5354640455916524,0.7229860946698085,0.09941056671737589
DiagReachK2,180,18,3,rawW2,cost_1,0.8060202675564879,0.35157321955493753,0.3150990894064307,0.43648406863212585,0.4909211781500572,0.44814163415419994,0.529566355810567,0.4326198134571314,0.44052980225533245,0.8636069275547094,0.17485611134862328
DiagReachK2,186,6,6,shapedKL,shaped,0.5080520451556312,0.21685579117552467,0.1531142344386808,-0.12030987633152093,0.3549378107169504,0.22549906179427032,0.47523028614212076,-0.13069543598950537,-0.10975645548716774,1.2232498461540195,0.5433850841893673
DiagReachK2,186,6,6,shapedKL,raw,0.19742169752792404,-0.028833512295087863,-0.04162903189048834,-0.12030987633152093,0.23905072941841238,0.20142255477095092,0.2775761059803709,-0.13069543598950537,-0.10975645548716774,0.4425855499008785,0.16116082850417576
DiagReachK2,186,6,6,shapedKL,penalty,-0.31063032594189477,-0.24568930189937288,-0.19474326632916927,0.0,-0.1158870596127255,-0.22075797141675335,0.005168608607198379,0.0,0.0,1.1370900198302807,0.49445154683932513
DiagReachK2,186,6,6,shapedKL,cost_0,0.2036645719283599,0.056744832877054854,0.07993125263601542,0.2509264424443245,0.12373331929234449,0.09609313562655483,0.15573897766558112,0.2493951577693224,0.2523442504927516,0.7388347429237762,0.11626590758909335
DiagReachK2,186,6,6,shapedKL,cost_1,-0.21490981728353215,-0.5130091309361039,-0.34158781729638577,-0.5674158297479153,0.12667800001285362,0.0867174326623543,0.16647289841852472,-0.5693183696828783,-0.565572953876108,0.7255783455425555,0.17182083630192102
DiagReachK2,186,6,6,shapedW2,shaped,0.556634413348787,0.2704065190858993,0.15968859797490076,-0.18112383948446184,0.3969458153738863,0.24480502988246122,0.5476007729444365,-0.19295411038178356,-0.16927379615855392,1.564780292395649,0.6610852808288373
DiagReachK2,186,6,6,shapedW2,raw,0.2334715646248736,-0.040996876290022785,-0.07293084500211051,-0.18112383948446184,0.3064024096269841,0.25922899243755093,0.35261200272270476,-0.19295411038178356,-0.16927379615855392,0.5826417100931994,0.19939102968447303
DiagReachK2,186,6,6,shapedW2,penalty,-0.32316282251662853,-0.31140339024528096,-0.2326194429770112,0.0,-0.09054337953961733,-0.2166026702597672,0.0590853921622102,0.0,0.0,1.4609685352544983,0.5980171997226085
DiagReachK2,186,6,6,shapedW2,cost_0,0.31559725027743385,0.05005978072965124,0.09988522529602051,0.29688460379838943,0.21571202498141334,0.1818460065520148,0.2540841610750894,0.2949013249948621,0.29888285137712955,0.938927601803881,0.13721779460569888
DiagReachK2,186,6,6,shapedW2,cost_1,-0.28526353688642453,-0.6856065859522799,-0.47631397377699614,-0.7756083346903324,0.1910504368905716,0.14086297390319336,0.24396215372987018,-0.7779112707823514,-0.7735071372240782,0.9543665937021247,0.22056206531807365
DiagReachK2,186,6,6,rawKL,shaped,0.442043975144478,0.28569034383367264,-0.023875257869621913,0.2106425695081276,0.46591923301409993,0.3521382843380419,0.6015187711308075,0.2044028794624414,0.21683526458907246,1.4625695178836537,0.5330458993173537
DiagReachK2,186,6,6,rawKL,raw,0.7103104939963643,0.3610270600972497,0.2675639205301196,0.2106425695081276,0.44274657346624463,0.4082487651202218,0.48253042291007364,0.2044028794624414,0.21683526458907246,0.47431371847621456,0.15623875503034704
DiagReachK2,186,6,6,rawKL,penalty,0.2682665021121243,0.07533672904390519,0.29143917839974165,0.0,-0.023172676287617322,-0.16530927371143156,0.09803230005406961,0.0,0.0,1.4272942552345576,0.5343094896074108
DiagReachK2,186,6,6,rawKL,cost_0,0.6844240546934645,0.35377868415444114,0.3673680406063795,0.7029426246881485,0.31705601408708495,0.2714540680181573,0.3705989230200986,0.6982528680935502,0.707298119738698,0.6902293643806385,0.2009237157434286
DiagReachK2,186,6,6,rawKL,cost_1,0.2776542964478198,0.253914645750321,0.18856601603329182,0.4079711064696312,0.08908828041452799,0.04351128366246704,0.13120742622699472,0.4054145017638803,0.4106165565550327,0.9248849537733692,0.18686075406452296
DiagReachK2,186,6,6,rawW2,shaped,0.5443037020704921,0.3575953888054375,0.0794841453158372,0.22166704474693724,0.46481955675465486,0.3671833799548261,0.566498013869927,0.21565597565172115,0.22780002747404582,1.8195982672858355,0.42890978299977817
DiagReachK2,186,6,6,rawW2,raw,0.7689394960580506,0.37762735879452963,0.27964818400378155,0.22166704474693724,0.489291312054269,0.45449310748642724,0.530616132068025,0.21565597565172115,0.22780002747404582,0.5461503113562355,0.1604590272455497
DiagReachK2,186,6,6,rawW2,penalty,0.224635777761861,0.020031994104265642,0.2001640386879444,0.0,0.024471739073916587,-0.08448409719888189,0.1169723281633847,0.0,0.0,1.7708202189148416,0.4263954282895329
DiagReachK2,186,6,6,rawW2,cost_0,0.6810581962185644,0.27175929529467907,0.33915848191827536,0.580969400703907,0.3418997143002891,0.29061146330355786,0.3972867269840755,0.5762125296518207,0.5851462597027421,0.8307101417751158,0.21136002104788154
DiagReachK2,186,6,6,rawW2,cost_1,0.2521428835061192,0.25039538154904756,0.1784121780656278,0.39746201783418655,0.07373070544049137,0.02662168374003836,0.11527564608909183,0.39459378011524676,0.40035686995834113,1.0854361297977706,0.18519028894689163
DiagReachK2,186,18,8,shapedKL,shaped,2.3571897606498444,0.6265367732427088,0.2278218346049926,-0.09615350106760143,2.1293679260448517,1.926583358770644,2.3295191756250735,-0.09848815724621088,-0.09291096103314861,3.036604752502896,0.8277250058004307
DiagReachK2,186,18,8,shapedKL,raw,-0.01289434766661891,-0.07124642089037446,-0.0559943986723284,-0.09784082474216102,0.04310005100570949,0.0068615615575470645,0.07841247742396708,-0.09925653650328033,-0.09641882840920463,0.45138261656145334,0.1486142586184077
DiagReachK2,186,18,8,shapedKL,penalty,-2.3700841995402127,-0.6977832059890378,-0.28381623327732086,-0.0016873236745595932,-2.086267966262892,-2.303484445331048,-1.8687180786024666,-0.00402680435217917,0.0,3.11185594842914,0.8957539133300472
DiagReachK2,186,18,8,shapedKL,cost_0,-0.369730146557806,0.2045850527774719,0.09899250604212284,0.02564069628715515,-0.46872265259992885,-0.5147123977567684,-0.4217407973974626,0.022812510095536708,0.028549282997846603,0.7360310535492521,0.18381927448167854
DiagReachK2,186,18,8,shapedKL,cost_1,-0.4322367184536344,-0.12075307294741974,-0.24805240519344807,-0.4837513193488121,-0.18418431326018636,-0.2532495313996262,-0.11539846297556526,-0.48868192061781884,-0.47931288462132215,0.9654564518664688,0.2859080434231246
DiagReachK2,186,18,8,shapedW2,shaped,2.9292531402640796,0.7486058341183905,0.25197294257391145,-0.14810581325000374,2.677280197690168,2.417623003314673,2.9364556752861986,-0.15092118444525093,-0.14459413891085204,3.7600397982406504,1.0517821034463206
DiagReachK2,186,18,8,shapedW2,raw,-0.04446122123943259,-0.11527237377838713,-0.1003007828649518,-0.14979313692456334,0.05583956162551921,0.012768814721369339,0.09801592799033347,-0.15177546635693961,-0.14772563584654544,0.5758952121728609,0.1768151131681916
DiagReachK2,186,18,8,shapedW2,penalty,-2.973714475448739,-0.8638782222354954,-0.35227372543886304,-0.0016873236745595932,-2.6214407500098758,-2.9000395923955664,-2.3459249788881578,-0.00402680435217917,0.0,3.8403526034619166,1.1300457705121272
DiagReachK2,186,18,8,shapedW2,cost_0,-0.5424730817227437,0.24559421920446722,0.0951280239969492,0.027213141322135925,-0.6376011057196929,-0.6971656368485464,-0.5827661914656682,0.023845070600509645,0.030727446079254147,0.9726420545751724,0.23071260424722498
DiagReachK2,186,18,8,shapedW2,cost_1,-0.6006086192250393,-0.17165925860838072,-0.35111330915242434,-0.6304952874779701,-0.24949531007261494,-0.3349237590719155,-0.16331023680215248,-0.6366147024556994,-0.6246290396898985,1.208485471950039,0.35331477776501
DiagReachK2,186,18,8,rawKL,shaped,-0.1040366226461555,-1.1056706804254877,-0.6031004801143358,-0.17194975691163572,0.4990638574681803,0.27987889653002607,0.7434509938113414,-0.20647608401050094,-0.14115015494213384,3.0116969628097126,0.9230599462355948
DiagReachK2,186,18,8,rawKL,raw,0.5302452115839327,0.09449475426883618,0.1612627649928979,0.09627815743660895,0.36898244659103474,0.33141696221538347,0.4048982665366528,0.09271087014676571,0.10007545984144575,0.6401151805532672,0.14999738801952284
DiagReachK2,186,18,8,rawKL,penalty,0.6342818683032962,1.2001654463560711,0.7643632451072335,0.26822791434824467,-0.13008137680393728,-0.3834114852225323,0.08851951408629213,0.23656905780080706,0.3047570433700457,3.1687944192935524,0.9237907326407551
DiagReachK2,186,18,8,rawKL,cost_0,0.43435889333553107,0.36288407909555076,0.3943452835083008,0.6415209323167801,0.04001360982723029,-0.010456873103310749,0.0854324597871998,0.6385504951700568,0.6450851200148463,1.1803627104909395,0.20284229692232614
DiagReachK2,186,18,8,rawKL,cost_1,0.31102015422723583,0.16101816731545696,0.22597181983292103,0.41114601492881775,0.0850483343943148,0.04657532828926436,0.1271871808457314,0.4073980275541544,0.4153183300048113,1.3119862668343352,0.17318802651134477
DiagReachK2,186,18,8,rawW2,shaped,-0.036006251967979755,-1.4096622700737287,-0.7470633074177838,-0.37757083126998625,0.711057055449804,0.4506256956970843,1.0095868180294054,-0.4226770037865757,-0.33599121079067135,3.9245854967836347,1.1011086139199682
DiagReachK2,186,18,8,rawW2,raw,0.60213759504092,0.09255443334514,0.18175972313597394,0.09731051227354323,0.4203778719049461,0.3727589728400862,0.465001016754257,0.09306092095030169,0.10168815821358283,0.8275170860109033,0.18412525458735696
DiagReachK2,186,18,8,rawW2,penalty,0.6381439005694786,1.5022167180151065,0.9288230305537581,0.4748813435435295,-0.2906791299842796,-0.5985740821720599,-0.028647001404830754,0.4334545478923246,0.5221971400314942,4.093849127109784,1.1028185575222509
DiagReachK2,186,18,8,rawW2,cost_0,0.5190757247060404,0.41079362534381636,0.4742711801081896,0.7765710726380348,0.04480454459785077,-0.015504815811304718,0.1005770870856806,0.7728951767086982,0.7809640416875482,1.4765443542859324,0.24466231361536206
DiagReachK2,186,18,8,rawW2,cost_1,0.31367775325433994,0.17916246982525977,0.2626967024989426,0.5141513422131538,0.05098105075539733,0.004578339159523048,0.10165575223745488,0.5097534120082855,0.5190847588703036,1.7083339680840137,0.20485264172812925
DiagReachK2,187,6,11,shapedKL,shaped,2.780245152026893,1.1704455646630223,0.8845467072052997,-0.22734018845803808,1.8956984448215934,1.5544234888643513,2.249358484168035,-0.22966277759391227,-0.22520505445470915,3.443521325728482,1.5009428707631183
DiagReachK2,187,6,11,shapedKL,raw,-0.17514527203175828,-0.11245018799741742,-0.18391732842865172,-0.2276782585526235,0.008772056396893435,-0.02321979289454125,0.04477414419014279,-0.22983251911733535,-0.22556139855245425,0.4891725948831548,0.1517429227634659
DiagReachK2,187,6,11,shapedKL,penalty,-2.9553906038751836,-1.282895703995051,-1.0684640356339514,-0.0003380700945854187,-1.8869265682412322,-2.249255757674017,-1.549991382821371,-0.001014210283756256,0.0,3.502367757712911,1.5044356636182046
DiagReachK2,187,6,11,shapedKL,cost_0,-0.9903115775983518,-0.7286453345865148,-0.5407429528422654,-0.773103840649128,-0.4495686247560864,-0.5558370323584152,-0.3452664286911225,-0.7863106880337,-0.7591538466513157,1.4596043482237742,0.44458809547084194
DiagReachK2,187,6,11,shapedKL,cost_1,-0.5299533021077851,-0.0856258518837247,-0.1945160012692213,-0.4279846251010895,-0.3354373008385638,-0.37059200906896617,-0.29337050267731424,-0.43333400823175905,-0.4228608630597591,0.9772551903200427,0.16509853759354545
DiagReachK2,187,6,11,shapedW2,shaped,2.683081127570172,1.0582321866209892,0.806186065834663,-0.13332448008441153,1.876895061735509,1.5797030054751853,2.1918957291538663,-0.13644135310434666,-0.13071741154592048,3.1618799050227273,1.3038534931389973
DiagReachK2,187,6,11,shapedW2,raw,-0.1099902478901705,0.004175858481732223,-0.09354916465217696,-0.13366255017899695,-0.01644108323799355,-0.05084517339137815,0.02109457468772065,-0.13671920944503652,-0.13093234511670762,0.437423661592411,0.15432996399450127
DiagReachK2,187,6,11,shapedW2,penalty,-2.7930715507027406,-1.054056281031292,-0.89973523048684,-0.0003380700945854187,-1.8933363202159006,-2.2103937776191804,-1.586335576641438,-0.001014210283756256,0.0,3.191126996073421,1.3233918685664712
DiagReachK2,187,6,11,shapedW2,cost_0,-0.8967159675012478,-0.5881058057994145,-0.43285333923995495,-0.5700367167592049,-0.4638626282612929,-0.5662650902100974,-0.3664067093676092,-0.5836791126057506,-0.5559558311477304,1.3419977093551245,0.41770047924607173
DiagReachK2,187,6,11,shapedW2,cost_1,-0.39633978384350077,0.06508819497691401,-0.06746379053220153,-0.17056923359632492,-0.32887599331129924,-0.3588201447766146,-0.29407551517047575,-0.17564073707908393,-0.16564952135086058,0.9219080724572604,0.14660287720720955
DiagReachK2,187,6,11,rawKL,shaped,-0.943593213793374,-0.4478568415567603,-0.29726362053535815,-0.3582580762245925,-0.6463295932580159,-0.8382998905312982,-0.4597867079578654,-0.40993848633464935,-0.3068420459343905,2.516241102143918,0.7865154383127267
DiagReachK2,187,6,11,rawKL,raw,0.5390508271611629,0.24745070287575746,0.30904375750340585,0.0876910563296407,0.23000706965775708,0.18257226079719527,0.27585462311525494,0.086156401623739,0.08913423594174706,0.49203169224078924,0.20302607925008953
DiagReachK2,187,6,11,rawKL,penalty,1.4826441905977448,0.695307512021773,0.606307378038764,0.4459491325542331,0.8763368125589808,0.712494900850976,1.0406524999350553,0.3958771083271131,0.4970856455620378,2.458952812964524,0.6928872337700793
DiagReachK2,187,6,11,rawKL,cost_0,0.3314932833769818,0.4122273100794076,0.36051373835653067,0.7345324903726578,-0.02902045497954886,-0.06428915344928454,0.00911262383400398,0.7314677063375712,0.7373974548652769,0.9635853596885555,0.1520803499288108
DiagReachK2,187,6,11,rawKL,cost_1,1.0169992194273405,0.38740568310531215,0.4283570097759366,0.7932480722665787,0.5886422096514039,0.5408545519453369,0.6324513575057394,0.7873313510790467,0.7994100831449031,0.7749745754290992,0.20724320309214497
DiagReachK2,187,6,11,rawW2,shaped,-1.0885828459221538,-0.62256392707885,-0.42628396802283963,-0.4404043107846518,-0.6622988778993142,-0.8860749609372208,-0.4530316874749265,-0.49318386528240826,-0.39171161086000206,2.7980277725252387,0.9012100238630576
DiagReachK2,187,6,11,rawW2,raw,0.5085520262698685,0.2560914727714606,0.3160981155309812,0.05154681116400764,0.1924539107388873,0.14328075816336375,0.24020236319349,0.050169432010661576,0.052803544381167904,0.46615956431327615,0.20436510214943157
DiagReachK2,187,6,11,rawW2,penalty,1.5971350045821584,0.8786553648730615,0.7423820835538208,0.4919511219486594,0.8547529210283376,0.6740218553406141,1.0446302358124357,0.44362402078695595,0.5447898046113551,2.740399789078428,0.7880020395153804
DiagReachK2,187,6,11,rawW2,cost_0,0.4716252569736229,0.5368738013630576,0.47027047304436564,0.93974669277668,0.0013547839292572528,-0.04533963694253325,0.048870263660630714,0.9371939811855554,0.9422780897468328,0.9834790760167077,0.1849573660922086
DiagReachK2,187,6,11,rawW2,cost_1,0.893451067745419,0.3273247627652241,0.37720498722046614,0.666498064994812,0.5162460805249529,0.47202290304537287,0.5567733540532308,0.6611275458708405,0.6719535958021879,0.7806927019110637,0.19251102158552508
DiagReachK2,187,18,13,shapedKL,shaped,2.6701177337394433,0.6354723984275322,0.21964320101842522,0.13459888969560987,2.4504745327210182,2.3304433505745368,2.552365715031594,0.1265027021026414,0.1433709057566578,4.731194082893897,0.49517738348445156
DiagReachK2,187,18,13,shapedKL,raw,-0.24700901255515356,-0.08262814450419614,-0.002424275697467358,0.13459888969560987,-0.2445847368576862,-0.29867019898132563,-0.1946624254635746,0.1265027021026414,0.1433709057566578,0.38832327891321655,0.21770829098773745
DiagReachK2,187,18,13,shapedKL,penalty,-2.9171267452781473,-0.7181005289165833,-0.22206747671589255,0.0,-2.6950592685622548,-2.8081913510702003,-2.5621838262902026,0.0,0.0,4.82611853136164,0.5346040229540462
DiagReachK2,187,18,13,shapedKL,cost_0,-0.9963951931067058,-0.34008504824868785,-0.10271801752969623,0.24009254574775696,-0.8936771755770095,-0.9733218672999427,-0.8252565445808941,0.2295842763967812,0.2506295474246144,1.7759421157033308,0.3041192733442918
DiagReachK2,187,18,13,shapedKL,cost_1,-0.21137845315078102,-0.03844446483658981,-0.012526800855994225,0.04915540665388107,-0.1988516522947868,-0.21847263978833162,-0.18085195330476217,0.04768001083284616,0.05064275935292244,0.368358322567928,0.08417722206719505
DiagReachK2,187,18,13,shapedW2,shaped,2.666725348543648,0.646919915078636,0.23122504559159993,0.16250966167407335,2.435500302952048,2.319321947858505,2.5357477327255062,0.1538579491402199,0.1718514308293077,4.695855303621458,0.4768997657688175
DiagReachK2,187,18,13,shapedW2,raw,-0.21028027995053974,-0.05786851904249045,0.023691223196692375,0.16250966167407335,-0.2339715031472321,-0.29207721134929726,-0.1815149656214003,0.1538579491402199,0.1718514308293077,0.3898562106623569,0.23289981184257189
DiagReachK2,187,18,13,shapedW2,penalty,-2.877005623315877,-0.7047884191605774,-0.20753382239490747,0.0,-2.6694718009209697,-2.7798281910479505,-2.5447492411010404,0.0,0.0,4.790245401346411,0.514064799048428
DiagReachK2,187,18,13,shapedW2,cost_0,-0.957300480726024,-0.3049181618676859,-0.061809712555259466,0.3156912177801132,-0.8954907681707646,-0.9752609664838182,-0.8249833998650665,0.3051694099791348,0.32635056637227533,1.7673687391239552,0.3073997430438426
DiagReachK2,187,18,13,shapedW2,cost_1,-0.17826918763195426,-0.029702920407818943,0.0021751089952886105,0.06913246959447861,-0.18044429662724287,-0.20138699410337285,-0.1612182183339566,0.06750045716762543,0.07078766208142041,0.3684945736919909,0.08816311846534332
DiagReachK2,187,18,13,rawKL,shaped,-1.1030088966715614,-0.04706469472647005,-0.017767942038881344,0.24573475152982396,-1.08524095463268,-1.2411223261774633,-0.9007881653147009,0.23318412417881157,0.2591144571297538,1.2047330264151335,0.7067122516588026
DiagReachK2,187,18,13,rawKL,raw,0.7355052170802965,0.2128138101157977,0.2680206089340571,0.24573475152982396,0.4674846081462394,0.4119043462775807,0.5312831116312936,0.23318412417881157,0.2591144571297538,0.31504077050695384,0.25427276221340733
DiagReachK2,187,18,13,rawKL,penalty,1.8385140072510127,0.25987851398207334,0.28578855097293854,0.0,1.5527254562780741,1.4034224447982866,1.6768420069434227,0.0,0.0,1.2594703450418732,0.5774455048412994
DiagReachK2,187,18,13,rawKL,cost_0,0.8201890666522627,0.5236815266306236,0.6225109356455505,1.2969524674117565,0.19767813100671217,0.14918371995637014,0.2531072619273868,1.2940379472449421,1.3000844419002533,0.7087686299617256,0.23319653694838433
DiagReachK2,187,18,13,rawKL,cost_1,0.06832055490926861,-0.11553151732174034,-0.11543825035914779,-0.1745835393667221,0.1837588052684164,0.16384981285777897,0.2054686490515901,-0.1764474233612418,-0.1727942753583193,0.5150653470488696,0.08720370378219416
DiagReachK2,187,18,13,rawW2,shaped,-0.8890363947136851,-0.022666533583747397,0.01737138844009664,0.29401920465433007,-0.9064077831537818,-1.0412216589891023,-0.7498372563297473,0.28141984918207474,0.30741625649442533,1.1095393630023564,0.6051901013569115
DiagReachK2,187,18,13,rawW2,raw,0.6877781553739671,0.20645029865591358,0.263315261163825,0.29401920465433007,0.42446289421014216,0.3731607393783363,0.48234521776956657,0.28141984918207474,0.30741625649442533,0.2769963392232307,0.23068388446531338
DiagReachK2,187,18,13,rawW2,penalty,1.576814454343992,0.229116839590745,0.24594387272372842,0.0,1.3308705816202635,1.2086806782212878,1.4392845191218728,0.0,0.0,1.1375613667150934,0.479219104045614
DiagReachK2,187,18,13,rawW2,cost_0,0.6847603810004739,0.4498677483399214,0.5446187970228493,1.1520737744867802,0.14014158397762455,0.09502709953662358,0.19061766716035433,1.149156600702554,1.155340325832367,0.6237017194108045,0.20919291981590743
DiagReachK2,187,18,13,rawW2,cost_1,0.1274654238961279,-0.0541006090795658,-0.043182437773793936,-0.038964226841926575,0.17064786166992182,0.1518277296807259,0.19008518026784205,-0.04068069308996201,-0.03722877278923988,0.4812775076225206,0.08039800756509126
DiagReachK3,180,6,16,shapedKL,shaped,2.508184425752959,0.4758628041438546,0.4072622986190253,-0.013455206582148244,2.100922127133934,1.938142753272637,2.223463767009999,-0.02084058027936425,-0.005653878006596988,1.2521205550785646,0.6034333929024126
DiagReachK3,180,6,16,shapedKL,raw,0.12486729168275108,0.16074762529115078,0.16157007623987724,-0.013551430830557515,-0.03670278455712615,-0.09576142290800169,0.014417839234331428,-0.020919927565737628,-0.005658119934596383,0.33377373832956125,0.23006945681997448
DiagReachK3,180,6,16,shapedKL,penalty,-2.3833171087195186,-0.31511517395258437,-0.245692222379148,-9.622424840927124e-05,-2.1376248863403706,-2.266439297224304,-1.9589192999870537,-0.0002849288284778595,0.0,1.2959281412091943,0.6376463252876079
DiagReachK3,180,6,16,shapedKL,cost_0,-0.652437580416948,0.037469498177213637,0.007968317717313766,-0.15730451047420502,-0.6604058981342618,-0.7363052535271648,-0.5761170481266831,-0.16380839962512256,-0.15051075592637062,0.6705280066145207,0.31439672382492423
DiagReachK3,180,6,16,shapedKL,cost_1,0.32062931843473497,0.30787211482784504,0.23983036261051893,0.46351440995931625,0.08079895582421603,0.029464057766822305,0.13461102182417095,0.4589867120608687,0.4676895342767239,0.682528418797884,0.2066546420840467
DiagReachK3,180,6,16,shapedKL,cost_2,-0.31336253750503623,0.371663106096545,0.2692371644079685,0.3072352260351181,-0.5825997019130047,-0.6770393595974202,-0.4771707382927891,0.3016515851020813,0.3123797170817852,1.1159278990453894,0.40801418481790797
DiagReachK3,180,6,16,shapedW2,shaped,2.721840516835884,0.5718712229003653,0.4404672142103662,-0.08878274375019835,2.281373302625518,2.073144683147543,2.433382144228239,-0.09531252983888422,-0.0821339124449154,1.6147501521329386,0.7543105702389042
DiagReachK3,180,6,16,shapedW2,raw,0.1419596476741837,0.14633065636498185,0.12368401046696802,-0.08887896799860762,0.018275637207215686,-0.042797456081082895,0.072159795260706,-0.09540840670153562,-0.08213433363554977,0.38085539583034506,0.23501407501201171
DiagReachK3,180,6,16,shapedW2,penalty,-2.5798808239528332,-0.4255405619743111,-0.3167832037433982,-9.622424840927124e-05,-2.263097620209435,-2.428580228810886,-2.0408603808504884,-0.0002849288284778595,0.0,1.691652039963763,0.810976952656424
DiagReachK3,180,6,16,shapedW2,cost_0,-0.6540071322787018,0.019837778236618104,-0.029072877019643784,-0.258541963994503,-0.624934255259058,-0.7014903784468235,-0.5353631064034463,-0.2651866305619478,-0.2515571635216475,0.7905432978199156,0.3354331320838095
DiagReachK3,180,6,16,shapedW2,cost_1,0.24148618768253752,0.19553514555169288,0.11329614091664553,0.23635359108448029,0.128190046765892,0.07450513216485657,0.18581766475276476,0.23246327526867389,0.2399152236059308,0.8080074635090041,0.22054718490333405
DiagReachK3,180,6,16,shapedW2,cost_2,-0.3932312322325447,0.2379786600470923,0.10087079554796219,-0.019239678978919983,-0.4941020277805069,-0.6020117667048611,-0.37590345726454644,-0.026429322361946107,-0.01227473020553589,1.3350822608296675,0.45670316548126605
DiagReachK3,180,6,16,rawKL,shaped,0.3029413032362922,-0.0004420360115906099,0.10507503999533549,-0.020832597344997567,0.1978662632409567,0.07784985815422828,0.3363522002381582,-0.04408748295009025,0.000724443987601085,1.8538388665282912,0.534753617037632
DiagReachK3,180,6,16,rawKL,raw,0.5668951792595909,0.4235762207257313,0.3257600638097751,0.1313638677151173,0.24113511544981575,0.19364786735835038,0.283710408106463,0.1289907804094032,0.1337864625209477,0.5357095194432878,0.18778664445308466
DiagReachK3,180,6,16,rawKL,penalty,0.2639538582883886,0.4240182316957441,0.22068502381443977,0.15219646506011486,0.0432688344739488,-0.06920183706058947,0.13489161129147914,0.1325033160392195,0.1745636456180364,2.051696304512776,0.42006794274292525
DiagReachK3,180,6,16,rawKL,cost_0,0.4174512827305799,0.5095116806372436,0.43497346714138985,0.5613202899694443,-0.017522184410809938,-0.052231138990938134,0.019405960990369852,0.5580214913934469,0.564650503359735,0.9176289046775877,0.14571096709423795
DiagReachK3,180,6,16,rawKL,cost_1,0.44915298117118335,0.4113202844808106,0.38888320978730917,0.3495955467224121,0.06026977138387418,0.011521043891817396,0.10664910260381555,0.3450168760493398,0.3545144148170948,0.9228259825773497,0.19718534468500273
DiagReachK3,180,6,16,rawKL,cost_2,0.85403019939232,0.9170976078243258,0.8252921663224697,0.8900506943464279,0.028738033069850344,-0.03762213406470285,0.09729083007815607,0.8828028123825788,0.8973426192998886,1.6732999433149094,0.28838642026041705
DiagReachK3,180,6,16,rawW2,shaped,0.5277003564514715,0.014614781224319553,0.13229655860968703,-0.03611515104566962,0.3954037978417845,0.2701039094769456,0.5340204036309256,-0.05950334769815581,-0.014530546331953,2.0380571362262967,0.5526314913348749
DiagReachK3,180,6,16,rawW2,raw,0.6425144279050868,0.4616798227398168,0.35228177267172217,0.11431429241056293,0.29023265523336467,0.23715889232965986,0.3381345352544849,0.11164955444881276,0.11710946314346068,0.6030707884209787,0.21081836794648282
DiagReachK3,180,6,16,rawW2,penalty,0.1148140590995302,0.44706501297832335,0.21998521406203508,0.15042944345623255,-0.10517115496250488,-0.2118057011502112,-0.013888171768399593,0.13107207149732858,0.17237887787632641,2.2553222246697118,0.4260257665049681
DiagReachK3,180,6,16,rawW2,cost_0,0.36854165420774476,0.5372776975062362,0.4407039973884821,0.5591358542442322,-0.07216234318073733,-0.11221909596677763,-0.030070511010474425,0.5555488962680102,0.5627346217632294,1.0413713479250086,0.16780116556684468
DiagReachK3,180,6,16,rawW2,cost_1,0.5121206618057601,0.46475918039438424,0.43871418479830027,0.3870485797524452,0.07340647700745984,0.01592653292734547,0.12703969889823719,0.3816686948761344,0.3929472748190165,1.0471517444995966,0.22778677354697593
DiagReachK3,180,6,16,rawW2,cost_2,0.8684182480058865,0.9988789249817972,0.882477380335331,0.9196608364582062,-0.014059132329444446,-0.08795859496227935,0.06448369678922458,0.9115516480058432,0.9278214801102876,1.8921453051182384,0.3288182307155825
DiagReachK3,180,18,18,shapedKL,shaped,2.225383622555612,0.6089395935836331,0.3436483196487641,-0.06752399063971115,1.8817353029068478,1.6072862179185994,2.0945742097039055,-0.08085743190305984,-0.05504396205352364,2.7231354765170916,1.0832155048302965
DiagReachK3,180,18,18,shapedKL,raw,-0.2511767104365447,-0.031853527850234487,-0.04206798174027446,-0.06752399063971115,-0.20910872869627026,-0.254890379160955,-0.16902118791701806,-0.08085743190305984,-0.05504396205352364,0.35140697916296143,0.1911562135401065
DiagReachK3,180,18,18,shapedKL,penalty,-2.476560364595326,-0.6407931634049466,-0.38571630138903856,0.0,-2.0908440632062875,-2.3233381956831463,-1.795285390691544,0.0,0.0,2.735602307114788,1.1450218021064742
DiagReachK3,180,18,18,shapedKL,cost_0,-0.9642071805946644,-0.2206992254630331,-0.12908553332090378,-0.3623852804303169,-0.8351216472737606,-0.9000150656379874,-0.769130880670261,-0.3664574259892106,-0.35830632634460924,0.9185102312631147,0.280108867569538
DiagReachK3,180,18,18,shapedKL,cost_1,-0.8710825624122064,-0.24588685693942824,-0.1420436124317348,-0.6062668487429619,-0.7290389499804716,-0.8086748672943341,-0.6484803117174437,-0.6166308363899589,-0.5960902076214551,0.8894793592145803,0.34652268627017857
DiagReachK3,180,18,18,shapedKL,cost_2,-1.8678551070897846,-0.4717431908860329,-0.29481688141822815,-0.9677507132291794,-1.5730382256715565,-1.72226938871136,-1.4193812713532714,-0.9819092236459255,-0.953660199046135,1.335237662719328,0.6243163186584705
DiagReachK3,180,18,18,shapedW2,shaped,2.1272982754817296,0.5850792361112754,0.3303306950894694,-0.028092886434205627,1.7969675803922602,1.541166113528806,1.9915837622536166,-0.03914606162521034,-0.019121358218699196,2.563259698624431,0.9867803380726052
DiagReachK3,180,18,18,shapedW2,raw,-0.16962147476191872,-0.00023094901689928258,-0.007460449758400461,-0.028092886434205627,-0.16216102500351826,-0.20576239983860248,-0.12313157101359402,-0.03914606162521034,-0.019121358218699196,0.31363589949217785,0.18411405319790397
DiagReachK3,180,18,18,shapedW2,penalty,-2.2969197631505596,-0.5853102207263782,-0.3377911448478699,0.0,-1.9591286183026897,-2.173137244132282,-1.6863905906834924,0.0,0.0,2.5677891717499985,1.0445486903008896
DiagReachK3,180,18,18,shapedW2,cost_0,-0.880487650525487,-0.2087826682395678,-0.1080740001052618,-0.34621231257915497,-0.7724136504202253,-0.8363133421025342,-0.7089154244258171,-0.35044826064258816,-0.3417076064273715,0.8706032041878289,0.27298764320932517
DiagReachK3,180,18,18,shapedW2,cost_1,-0.6650835586447326,-0.14395204416012916,-0.059972493443638086,-0.4694303795695305,-0.6051110652010945,-0.6827046839372312,-0.5251396612581855,-0.4792046682909131,-0.45943580009043217,0.7994371915384187,0.3309188765888829
DiagReachK3,180,18,18,shapedW2,cost_2,-1.568673470130145,-0.3514855146385854,-0.18109285458922386,-0.8149065524339676,-1.3875806155409212,-1.5277946935761268,-1.244723164735317,-0.8287997439503669,-0.800788663700223,1.2557251029956846,0.5963431063129335
DiagReachK3,180,18,18,rawKL,shaped,-0.17194167821884596,-0.23140669909822362,-0.1979138517204319,0.2504896983896745,0.025972173501585955,-0.14204192643605712,0.20742460259575576,0.2449615441297901,0.2553855387367334,2.0745151146285794,0.7758565082217671
DiagReachK3,180,18,18,rawKL,raw,0.667423083789182,0.13298819885064678,0.15710656983669646,0.25542946126511223,0.5103165139524856,0.4763238640229145,0.5454711944518396,0.25174493169291123,0.259508770653887,0.8278631615692308,0.159116271498236
DiagReachK3,180,18,18,rawKL,penalty,0.83936470223674,0.3643949124885834,0.35502042155712843,0.0049397628754377365,0.48434428067961155,0.30070168269415765,0.6477182121070977,0.0010507965926080942,0.009971386753022662,1.8119209241497267,0.7636923563057004
DiagReachK3,180,18,18,rawKL,cost_0,0.7160780450369694,0.44071960028535234,0.23956369794905186,0.2232789769768715,0.4765143470879175,0.437256210999889,0.5118552340235092,0.22167513910681008,0.22552221715450288,1.165793896861142,0.15739872607525052
DiagReachK3,180,18,18,rawKL,cost_1,0.541933413623598,0.17352725824438958,0.24469069158658385,0.7279648780822754,0.2972427220370142,0.22348068489762823,0.3768595567841535,0.7209445169195533,0.7348349399864673,1.1831044626572416,0.3151705638105232
DiagReachK3,180,18,18,rawKL,cost_2,1.3037264510934292,0.643009568864431,0.5155264139175415,0.947950929403305,0.7882000371758877,0.6947787106913565,0.88930387980687,0.9416596069931984,0.9541031308472157,1.177460692863857,0.40323084148132804
DiagReachK3,180,18,18,rawW2,shaped,-0.40404661304639966,-0.3179598456148252,-0.24809231658828146,0.27110708130096584,-0.1559542964581182,-0.3328327079624538,0.05331376938222864,0.2655839602553169,0.2760150197073688,2.0579076071361686,0.8295282469459586
DiagReachK3,180,18,18,rawW2,raw,0.6592794859683356,0.1401680846355123,0.16934612157392614,0.27631789629851966,0.4899333643944095,0.4558548737253519,0.5225651271008037,0.2728876751936241,0.2801326072629709,0.7955392574323848,0.14825077579118742
DiagReachK3,180,18,18,rawW2,penalty,1.0633260378282405,0.45812794465751316,0.4174384381622076,0.005210814997553825,0.6458875996660329,0.44720753258037194,0.8246331460442282,0.0013239579275250435,0.010499571915715924,1.8579989163293653,0.8253685228056181
DiagReachK3,180,18,18,rawW2,cost_0,0.8085729287685458,0.5168570697805815,0.3039614763110876,0.3053256571292877,0.5046114524574582,0.46334288485623937,0.5448030504611884,0.30318929739296435,0.3081855870783329,1.1392781621235903,0.1700283500537182
DiagReachK3,180,18,18,rawW2,cost_1,0.5729064819416905,0.16878201543923704,0.2329534743912518,0.7270081713795662,0.33995300755043867,0.26949328923504223,0.4149796895347477,0.7199439315125347,0.734015634469688,1.1604926973059293,0.3004224930178676
DiagReachK3,180,18,18,rawW2,cost_2,1.4200122479216972,0.7036922907470587,0.5603657141327858,1.0267593413591385,0.8596465337889114,0.7666426319496551,0.9656716520765641,1.0204681377857923,1.0330417435616255,1.2168451313546167,0.4076863237061829
DiagReachK3,186,6,21,shapedKL,shaped,0.7369686313663212,0.001240571578369279,0.04618079573911017,-0.0287968742330576,0.690787835627211,0.5965403958143768,0.7801480473585795,-0.04027956564380603,-0.01736042212612344,1.943492223158538,0.34983514673861005
DiagReachK3,186,6,21,shapedKL,raw,0.17648914303132548,0.05133276517651178,0.028955016146119283,-0.0287968742330576,0.1475341268852062,0.10997055147353545,0.18476341512090033,-0.04027956564380603,-0.01736042212612344,0.5455469698525399,0.15938158590800772
DiagReachK3,186,6,21,shapedKL,penalty,-0.560479470389469,0.05009222884421664,-0.017225779592990875,0.0,-0.5432536907964781,-0.6236804547724709,-0.45429017823240014,0.0,0.0,1.95784186692665,0.33726019727152234
DiagReachK3,186,6,21,shapedKL,cost_0,0.20872887151531808,0.22672913537699788,0.044843800365924835,-0.00437772274017334,0.16388507114939324,0.10956838850147954,0.21991223033733598,-0.011310207284986972,0.0027901617810130105,0.9344426817996777,0.24227730466397562
DiagReachK3,186,6,21,shapedKL,cost_1,-0.12991811168387063,0.016790137621618843,0.04048450756818056,-0.17309501767158508,-0.1704026192520512,-0.2254978424963308,-0.11779523998040237,-0.17807982936501504,-0.16803831290453672,0.8553308096269743,0.21813142002680277
DiagReachK3,186,6,21,shapedKL,cost_2,0.0703429594678311,0.2187462362128838,0.06061385199427605,-0.21524091064929962,0.009729107473555057,-0.06504427277990893,0.08102471428415461,-0.22479984015226365,-0.2066371235996485,1.5877382714273234,0.31824310585698873
DiagReachK3,186,6,21,shapedW2,shaped,0.9516768541721621,-0.09555647638135813,-0.013568302293151674,0.022700727499659235,0.9652451564653137,0.8652737311859796,1.0816840786791537,0.011498921296120904,0.0338217571367406,2.9587581540998245,0.42832085842402445
DiagReachK3,186,6,21,shapedW2,raw,0.32884199810162357,0.12700974623046962,0.0646555436283052,0.022700727499659235,0.26418645447331834,0.2204866738891345,0.3056033186973248,0.011498921296120904,0.0338217571367406,0.7171864098891024,0.1849294006583939
DiagReachK3,186,6,21,shapedW2,penalty,-0.6228348448976313,0.22256627858665898,0.07822384592145681,0.0,-0.7010586908190881,-0.7996908246177619,-0.6039684547913631,0.0,0.0,2.997473457109606,0.3972733658836712
DiagReachK3,186,6,21,shapedW2,cost_0,0.2943490099307344,0.36457973610712663,0.06933122500777245,0.01172889769077301,0.22501778492296193,0.15751253051275466,0.2934286060888514,0.0034304115921258926,0.02019839026033877,1.2764030836102689,0.29968479498858225
DiagReachK3,186,6,21,shapedW2,cost_1,0.034603755042710606,0.16415232884668307,0.16092436527833343,-0.0023850426077842712,-0.12632061023562283,-0.18825510545232402,-0.06631499263987947,-0.008067681081593036,0.00323018357157707,1.070298729457364,0.24687061739434396
DiagReachK3,186,6,21,shapedW2,cost_2,0.3330585342265924,0.5027648490178741,0.2042003534734249,-0.04141110181808472,0.12885818075316746,0.04079451871963937,0.21124598322364288,-0.05216010697185993,-0.031743932887911795,2.0928196530356247,0.3683762571936808
DiagReachK3,186,6,21,rawKL,shaped,0.005220027580208601,-0.24431454269152375,-0.24151164656254892,0.21388905935241384,0.2467316741427575,0.04731151647770011,0.48946765002171166,0.2082400535227046,0.21989355258655885,1.6808506226518134,0.9470654100537653
DiagReachK3,186,6,21,rawKL,raw,0.7369338595863277,0.3642713025676145,0.2944744276839173,0.2139754954005639,0.44245943190241044,0.4127152336258856,0.47648180356267616,0.2084780791605532,0.21989355258655885,0.5354047568917993,0.12919238877461459
DiagReachK3,186,6,21,rawKL,penalty,0.7317137288239822,0.6085858230874089,0.5359860742464662,8.643604815006256e-05,0.19572765457751606,-0.03331458607380833,0.37889722276786697,0.0,0.0002593081444501877,1.761492051705636,0.8881090088945037
DiagReachK3,186,6,21,rawKL,cost_0,0.5055839479316172,0.43542018244929986,0.25428683683276176,0.24400518089532852,0.25129711109885544,0.2106071892541048,0.2954262197364268,0.24102785177528857,0.24682966955006122,0.9188354586652763,0.18193226597703005
DiagReachK3,186,6,21,rawKL,cost_1,1.1964518401117508,0.8158060649897526,0.5568391056731343,1.079940564930439,0.6396127344386164,0.5918270760725696,0.6842885006030534,1.0767076084390284,1.083336311019957,1.0210755762388606,0.19581988834864464
DiagReachK3,186,6,21,rawKL,cost_2,1.7401690249261068,1.2656751721631716,0.8210913762450218,1.2907585203647614,0.919077648681085,0.870466778886001,0.9687430602428125,1.2881705589592456,1.293448018282652,1.7270833465700985,0.21079020846646462
DiagReachK3,186,6,21,rawW2,shaped,-0.07218267517982781,-0.38819732825712966,-0.4032295794539719,0.25126828541747276,0.3310469042741441,0.056177409821906055,0.6502551364905349,0.23823127498856503,0.26340647165939113,2.274079736233156,1.3073730646895825
DiagReachK3,186,6,21,rawW2,raw,0.8941168073391813,0.504793944963498,0.4028328143678039,0.2812583531229848,0.4912839929713774,0.451992723984365,0.5347200941529325,0.27481207846777367,0.28833310039707627,0.7112185702791073,0.17512716854129576
DiagReachK3,186,6,21,rawW2,penalty,0.9662993495391369,0.8929912377840762,0.8060623938217759,0.029990067705512047,0.16023695571736096,-0.14266120597797782,0.4287452584637015,0.020530143985524774,0.04032525117509067,2.389425605676349,1.220902352039626
DiagReachK3,186,6,21,rawW2,cost_0,0.7614669029389287,0.698732504245986,0.43327291309833527,0.4557298794388771,0.32819398984059345,0.2747169073459471,0.38790907131254326,0.45199207253754137,0.4593434689566493,1.242583296042579,0.2372333667183255
DiagReachK3,186,6,21,rawW2,cost_1,1.4349907680669298,1.0132807886332253,0.6791142811998725,1.2829650565981865,0.7558764868670573,0.7024601490025839,0.8075440627078956,1.2794541981071235,1.2865698685869575,1.3125586257630053,0.22458629575877923
DiagReachK3,186,6,21,rawW2,cost_2,2.2383580378652335,1.7240517043310122,1.1184061728417873,1.6843871921300888,1.1199518650234461,1.0574417800106823,1.185163359383565,1.6812211342155934,1.6874220818281174,2.29111920595159,0.26910702205682024
DiagReachK3,186,18,23,shapedKL,shaped,0.6831586632019631,0.22883807405845136,0.025192410331601404,0.037360659868227064,0.6579662528703617,0.5957259858258308,0.7293113150885769,0.01845424257416887,0.05654960869251448,1.127643217476387,0.29076645182212385
DiagReachK3,186,18,23,shapedKL,raw,0.3683988445486873,0.21501702853694513,0.14533978618719634,0.13701441052626234,0.22305905836149098,0.19126581157204306,0.2544850673208906,0.13307280592360002,0.14088709658065873,0.33353336310600407,0.13716938371780224
DiagReachK3,186,18,23,shapedKL,penalty,-0.31475977804097643,-0.01382104376549027,0.12014737585559487,0.09965375065803528,-0.4349071538965713,-0.4909388696034934,-0.37830985425557306,0.0822809524834156,0.11770975671242923,1.2603486274727713,0.2462982057462014
DiagReachK3,186,18,23,shapedKL,cost_0,0.4781952177933765,0.23812082192614425,0.3550581969320774,0.4070081114768982,0.12313702086129907,0.08383203705915931,0.15950244067379954,0.4028353882953525,0.4108317712321877,0.501961455437861,0.16954560586686065
DiagReachK3,186,18,23,shapedKL,cost_1,0.28798966611308113,0.15680610435786244,0.02873476967215538,-0.06149560213088989,0.25925489644092575,0.20396661929358795,0.31423458641898877,-0.06692256722599269,-0.05638027172535658,0.4860207353471622,0.22204532102039032
DiagReachK3,186,18,23,shapedKL,cost_2,0.8290078482778045,0.39078988376889023,0.37505731731653214,0.33033938705921173,0.45395053096127236,0.3641520277784439,0.5459924780951114,0.32322495579719546,0.3367885608226061,0.7491218441715148,0.37187021401447884
DiagReachK3,186,18,23,shapedW2,shaped,0.8488884299289461,0.3476415310141127,0.02031923183058098,-0.06274456407190893,0.8285691980983652,0.7415904526332303,0.9312674959148792,-0.08945010214544258,-0.03588398527382433,1.726015589646174,0.40182030107860156
DiagReachK3,186,18,23,shapedW2,raw,0.4606373069871024,0.25840548695174187,0.1627924214564701,0.13244815853176978,0.2978448855306323,0.25259144945401396,0.34400786209033585,0.12676873807950412,0.13833534539937753,0.4406695480669563,0.19786766093487668
DiagReachK3,186,18,23,shapedW2,penalty,-0.3882510563541594,-0.08923605229756425,0.14247318962588906,0.1951927226036787,-0.5307242459800485,-0.6088502311447095,-0.45273808935390963,0.17082031269092113,0.22004643874242902,1.9404642525053426,0.3320645643890858
DiagReachK3,186,18,23,shapedW2,cost_0,0.6749835121332699,0.30757427281076566,0.45637858286499977,0.5023112818598747,0.21860492926827013,0.17192858419185816,0.2632068406677836,0.4975885862484574,0.5066286832094192,0.7866903919212825,0.2040440537108267
DiagReachK3,186,18,23,shapedW2,cost_1,0.3785918854748548,0.12951641361167912,-0.04287571832537651,-0.19571629911661148,0.4214676038002313,0.3488375180972458,0.4880760860269607,-0.20245316252112389,-0.18941212836652993,0.7208777124787994,0.2831421501966063
DiagReachK3,186,18,23,shapedW2,cost_2,1.1478706098086133,0.43302194385293674,0.39888931810855865,0.2874213755130768,0.7489812917000547,0.6347041667363539,0.8656227004638806,0.27876756377518175,0.29526977241039276,1.096018723671879,0.4759471509021981
DiagReachK3,186,18,23,rawKL,shaped,-0.06015624788278423,-0.31505135450781635,-0.6082432016345591,-0.5565873243011084,0.548086953751775,0.2886118830059589,0.8223593120768948,-0.6378965868335171,-0.47660107928142725,1.552473650207531,1.1175756414051994
DiagReachK3,186,18,23,rawKL,raw,0.5349713284200289,0.29621423004981373,0.28623897371935547,0.3189674543120418,0.24873235470067345,0.22524197910123814,0.2714044944619194,0.31705191341185135,0.32063445424379117,0.2517872423707219,0.10158321055121894
DiagReachK3,186,18,23,rawKL,penalty,0.5951276048030969,0.6112655812592088,0.8944821753539145,0.8755547786131501,-0.2993545705508176,-0.5639475252651345,-0.042720813577502625,0.7971587553620338,0.9565316361840814,1.662893114403704,1.082295604016506
DiagReachK3,186,18,23,rawKL,cost_0,0.7960048880767525,0.5327694742524589,0.603338960558176,0.7113441973924637,0.19266592751857647,0.16232672132220874,0.22319381538447747,0.7094560956582427,0.7133669491857291,0.8256822791250967,0.12612637420663456
DiagReachK3,186,18,23,rawKL,cost_1,0.3712499795228907,0.2739199084348259,0.34368623048067093,0.4703504219651222,0.027563749042219754,0.0013278370470472534,0.05295355745858633,0.46792378574609755,0.4728371465578675,0.5500973563599223,0.10643867090377239
DiagReachK3,186,18,23,rawKL,cost_2,1.1904054155342019,0.7984005795618347,0.9369005113840103,1.1709474921226501,0.25350490415019156,0.20643282753897071,0.30076950823438525,1.1664383478462697,1.1746799260377885,0.9516985801205172,0.20110680109506407
DiagReachK3,186,18,23,rawW2,shaped,0.1706888969098862,-0.9531950270954888,-0.7968308543935567,-0.861769935085067,0.9675197513034429,0.6404757709163726,1.3272371023567833,-0.9552777506918759,-0.7707080437600964,5.547047871853076,1.4164726584332539
DiagReachK3,186,18,23,rawW2,raw,0.7769766781086843,0.49526749193110764,0.37061096167562924,0.32865077074002325,0.4063657164330551,0.3718901362082565,0.4396069937422803,0.3275741844587493,0.32979346129563,0.9082089305134508,0.14084609171879972
DiagReachK3,186,18,23,rawW2,penalty,0.6062878066867052,1.4484624496222398,1.1674418160691857,1.1904207058250904,-0.5611540093824805,-0.9232232837977425,-0.24134592730948506,1.1006833604769781,1.2827341677621005,6.390320322080131,1.3689315149260817
DiagReachK3,186,18,23,rawW2,cost_0,0.9648897789028315,0.8535229342227989,0.7184991575777531,0.7561091333627701,0.24639062132507838,0.2039007838425068,0.28972068490281977,0.7535747485235333,0.7589939808472991,2.014997732826735,0.18994036408171838
DiagReachK3,186,18,23,rawW2,cost_1,0.45763095635383894,0.3127429635877776,0.48300154507160187,0.5574540719389915,-0.025370588717762932,-0.0630276633480234,0.014035275479997878,0.5542180601507425,0.5609068660065532,1.2442416952325073,0.15608463070094833
DiagReachK3,186,18,23,rawW2,cost_2,1.4901114499982475,1.1572514605916915,1.1922216266393661,1.3040325939655304,0.29788982335888137,0.2266697284620284,0.36910505172275293,1.2998696871101856,1.3075912468135358,1.630719077598658,0.3030654477981864
DiagReachK3,187,6,26,shapedKL,shaped,4.525168914429843,0.4628740326734542,0.2778842980861555,-0.6650047661089042,4.247284616343688,3.9682186724207202,4.4781910888121335,-0.6748214073389135,-0.6561937471135753,3.2832970394985064,1.040164017380864
DiagReachK3,187,6,26,shapedKL,raw,-0.3339498560895241,-0.2222916988605503,-0.23890220738203422,-0.6650047661089042,-0.09504764870748988,-0.14388296753692098,-0.04470981225805283,-0.6748214073389135,-0.6561937471135753,0.34568309805470915,0.20267652227654337
DiagReachK3,187,6,26,shapedKL,penalty,-4.85911878596019,-0.6851657009435281,-0.5167865054681897,0.0,-4.342332280492,-4.562360865780674,-4.078669038503021,0.0,0.0,3.3781940709897316,1.015996131176336
DiagReachK3,187,6,26,shapedKL,cost_0,-0.9515709646441675,-0.1200834454630805,-0.22411864809691906,-0.5722361132502556,-0.7274523165472484,-0.7558998624724037,-0.6959138125576712,-0.5759654957801104,-0.5684592261910438,0.9065352849908361,0.12140015877870507
DiagReachK3,187,6,26,shapedKL,cost_1,-1.2462103789337253,-0.687615389559429,-0.6673984471708536,-1.4403933137655258,-0.5788119317628717,-0.639556782053811,-0.513100038994131,-1.4470594143494964,-1.4335124053061008,0.7993091990683039,0.27426205098947243
DiagReachK3,187,6,26,shapedKL,cost_2,-2.2077687500442233,-0.8044031088260946,-0.8945167735219002,-1.9881693571805954,-1.3132519765223232,-1.4031683686586884,-1.223223799599972,-1.9954960975795983,-1.9807465884834528,1.3697707818809763,0.37776828453341893
DiagReachK3,187,6,26,shapedW2,shaped,4.221278868824156,0.4486813208137781,0.28646065339507887,-0.40834661557019003,3.9348182154290767,3.6939585674381346,4.138183003767667,-0.41656026840410065,-0.4007050549648557,2.9494917120997615,0.8911545984497063
DiagReachK3,187,6,26,shapedW2,raw,-0.12385867895025118,-0.13315716141644582,-0.13084985364166657,-0.40834661557019003,0.006991174691415386,-0.03196173375822177,0.044517807194792536,-0.41656026840410065,-0.4007050549648557,0.28099744679938954,0.1588887798382538
DiagReachK3,187,6,26,shapedW2,penalty,-4.345137578431324,-0.5818384625242882,-0.41731050703674555,0.0,-3.927827071394579,-4.126731151245342,-3.6865676153644857,0.0,0.0,2.975031533515145,0.9020234924889785
DiagReachK3,187,6,26,shapedW2,cost_0,-0.5514181607006774,-0.11795047468746744,-0.09768938925117254,-0.319132462143898,-0.45372877144950485,-0.48808697302124504,-0.4171342203230322,-0.32471996136009695,-0.31353781931102276,0.7431670316308276,0.16232038941053573
DiagReachK3,187,6,26,shapedW2,cost_1,-0.7665190795815471,-0.4866141966827838,-0.4875753289088607,-1.118880458176136,-0.2789437506726864,-0.33737954736285986,-0.21857674456265902,-1.1246660528704524,-1.1127323376014828,0.6332160321432303,0.25882625913728663
DiagReachK3,187,6,26,shapedW2,cost_2,-1.3392559872526404,-0.6139623237115464,-0.6061562262475491,-1.4159719049930573,-0.7330997610050913,-0.8171664827089485,-0.6449833465326307,-1.4256021074950695,-1.4058798756450415,1.0682217157973926,0.3868151018234316
DiagReachK3,187,6,26,rawKL,shaped,-2.2088776704357,-0.47781374576319136,-0.24921014086639842,-0.8793467988783958,-1.9596675295693016,-2.195036608814703,-1.7023485855187626,-0.9507015675848383,-0.812381380444276,3.676892271093558,1.023982856367529
DiagReachK3,187,6,26,rawKL,raw,0.9623733843151017,0.39464916909742004,0.4095119319733384,0.13969272770336827,0.5528614523417632,0.4860823873528582,0.6135791412707664,0.13807249697812948,0.14124102497262375,0.4751878046147149,0.2721490541353608
DiagReachK3,187,6,26,rawKL,penalty,3.171251132664427,0.8724628969417875,0.6587220728397369,1.0190395265817642,2.51252905982469,2.286900350404128,2.7140634855480563,0.9513660504017025,1.0905436547473073,3.8723252824673793,0.8909688168706408
DiagReachK3,187,6,26,rawKL,cost_0,1.5775725540659735,0.7026525747192113,0.9306332529522479,1.7784126102924347,0.6469393011137257,0.5848749367707754,0.7125643066085289,1.7743997491896153,1.7822993330657482,1.18085553336834,0.2719108966203767
DiagReachK3,187,6,26,rawKL,cost_1,1.2010998576535301,0.22988283063760723,0.34786834195256233,0.40901970863342285,0.8532315157009678,0.8038833618751184,0.9027608403591828,0.4054073294624686,0.4125510660931468,0.9744311799954698,0.21045119249832162
DiagReachK3,187,6,26,rawKL,cost_2,2.7578967919234723,0.9234944194199391,1.2910317927598953,2.120818480849266,1.466864999163577,1.378250893637219,1.5622811143879383,2.1152224082499744,2.1264063861221074,1.7874173323703149,0.39426228929428575
DiagReachK3,187,6,26,rawW2,shaped,-1.5390081974058796,-0.35832610443969065,-0.12771678237427292,-0.3538075154210677,-1.4112914150316067,-1.5926433076750675,-1.2059241254562154,-0.4007095222818318,-0.3098468785004665,2.7533834690247847,0.7927768919571403
DiagReachK3,187,6,26,rawW2,raw,0.8456328682216325,0.3233957691192233,0.3409006066043274,0.10058693871542332,0.5047322616173051,0.44857313773688007,0.5568889293342081,0.0986788966297897,0.10237610343981927,0.41548369907185856,0.23263821582056946
DiagReachK3,187,6,26,rawW2,penalty,2.384641135511723,0.681721865049761,0.4686173889786005,0.4543944541364908,1.9160237465331225,1.748658080752742,2.0693877219965575,0.4095916481455788,0.5008530820487067,2.9427526851345145,0.6732572754154665
DiagReachK3,187,6,26,rawW2,cost_0,1.251627203882125,0.562865060527962,0.7603842089883983,1.4441445842385292,0.4912429948937267,0.43784615540822297,0.548221988756594,1.439882016927004,1.447968684695661,0.8980149019773546,0.23499046119880523
DiagReachK3,187,6,26,rawW2,cost_1,0.9503413844953007,0.19082853321837265,0.2654203772544861,0.24111085385084152,0.6849210072408146,0.6406997128023482,0.7304722147627449,0.23748790398240088,0.24469655733555556,0.8452431396381389,0.19420928417555555
DiagReachK3,187,6,26,rawW2,cost_2,2.1793341593135613,0.7448822567968436,1.0363121889531612,1.6268969476222992,1.1430219703604,1.068050811651023,1.2286535149690228,1.6206520464271308,1.6335173089057207,1.4626455980090938,0.35162036551845754
DiagReachK3,187,18,28,shapedKL,shaped,1.1812021623633266,0.3521873973523136,0.55081651861949,-0.12184770310996068,0.6303856437438367,0.3546593552515394,0.8616272994973969,-0.1282566638621573,-0.11529206154613297,2.5399798794893105,1.0619609874039984
DiagReachK3,187,18,28,shapedKL,raw,0.005262463881918658,-0.09820733958753838,-0.06326159612106041,-0.12419628443894876,0.06852406000297907,0.033835823768368044,0.09808084177736559,-0.1297683378167491,-0.1185035892411176,0.3844901169013434,0.1366987881759867
DiagReachK3,187,18,28,shapedKL,penalty,-1.175939599986808,-0.4503947697285433,-0.6140781147405505,-0.0023485813289880753,-0.5618614852462576,-0.8045182504026831,-0.28102465113966335,-0.004875777754932642,-0.00030821189284324646,2.4586090703311254,1.0932615233204677
DiagReachK3,187,18,28,shapedKL,cost_0,-0.3331463204092244,-0.23283699545147113,-0.20468612387776375,-0.4868725463747978,-0.12846019653146062,-0.1719108243101174,-0.07673779501122331,-0.4910487521439791,-0.48279427979141476,1.2314704753686136,0.1945222146849091
DiagReachK3,187,18,28,shapedKL,cost_1,-0.207739346122184,-0.11636659659731925,-0.21244116500020027,-0.5137985497713089,0.004701818878016267,-0.056580018458702766,0.06407493453305103,-0.5186270866543055,-0.5086321769282222,0.6160396647621114,0.25308055751988184
DiagReachK3,187,18,28,shapedKL,cost_2,-0.5160421777635524,-0.32527749992200294,-0.4077570531517267,-0.9923614114522934,-0.10828512461182571,-0.20147585837428367,-0.007183242321730635,-1.0011769350618125,-0.9834247592836618,1.5799759671733054,0.39043372894825384
DiagReachK3,187,18,28,shapedW2,shaped,1.3018482489708174,0.43526219356033236,0.6398767142326565,-0.13462062476901301,0.661971534738161,0.34713881396246404,0.9352138478946977,-0.14205350914360615,-0.12711703645201802,2.8124311015074586,1.2224809292718206
DiagReachK3,187,18,28,shapedW2,raw,-0.04198141148709259,-0.11640174346581823,-0.07602092784335913,-0.1369692060980011,0.03403951635626654,-0.0052851631477207036,0.06887153154035468,-0.14362066647152424,-0.12998678061163405,0.44369340650610845,0.15668664791733744
DiagReachK3,187,18,28,shapedW2,penalty,-1.3438295514267833,-0.551663974309797,-0.7158976420760155,-0.0023485813289880753,-0.6279319093507678,-0.9025375700500757,-0.31083011668556965,-0.004875777754932642,-0.00030821189284324646,2.726965757607824,1.254346912400699
DiagReachK3,187,18,28,shapedW2,cost_0,-0.44328626677018573,-0.2901768641364211,-0.24688784033060074,-0.5925317928195,-0.196398426439585,-0.25194495787003063,-0.13061418920845713,-0.5977264596149325,-0.5874716827645898,1.3748686456000294,0.2461908111002926
DiagReachK3,187,18,28,shapedW2,cost_1,-0.2590383046373953,-0.14082089624647706,-0.25363000854849815,-0.5734067410230637,-0.0054082960888971465,-0.06969135180788533,0.05736903966662987,-0.5784961707890034,-0.568061308003962,0.7078920655636961,0.26728688755499647
DiagReachK3,187,18,28,shapedW2,cost_2,-0.6735292409245826,-0.39797137584580344,-0.4836685312911868,-1.152519851922989,-0.18986070963339574,-0.2977738415521539,-0.07655703061511444,-1.1623119346797466,-1.1426642820239068,1.77680510149475,0.4505402230373026
DiagReachK3,187,18,28,rawKL,shaped,0.13599632577064952,-0.356741380211815,-0.5190458897573081,-0.7848569036708796,0.6550422155279576,0.3847223936678501,0.9618567009917154,-0.8544115536135364,-0.7122271217930395,1.1061384528548581,1.1373021009431292
DiagReachK3,187,18,28,rawKL,raw,0.760867718990214,0.32020463001152344,0.3406822118836315,0.2789047562269844,0.4201855071065825,0.36835637861154735,0.4660312288609678,0.2778558970758605,0.27992604622933864,0.512064907113296,0.19576658265552715
DiagReachK3,187,18,28,rawKL,penalty,0.6248713206258918,0.67694602436749,0.8597281016409397,1.0637616598978639,-0.23485678101504792,-0.5218782306656857,0.009754578186323746,0.9910966232419014,1.13349115755409,1.1329780881968081,1.0468647519484606
DiagReachK3,187,18,28,rawKL,cost_0,0.44021930799719505,0.35972591234572004,0.3275056853890419,0.3989626541733742,0.11271362260815315,0.08119485269200616,0.14502245330151728,0.39703704956918956,0.400755481980741,0.947363483662741,0.13490303585569205
DiagReachK3,187,18,28,rawKL,cost_1,1.4159844001847302,0.7033930344230588,0.6217883620411158,0.7192631438374519,0.7941960381436144,0.7318658402281796,0.8512754685803299,0.7154807418584823,0.723247016966343,0.9255358064017649,0.24751449903007378
DiagReachK3,187,18,28,rawKL,cost_2,1.8750207022479404,1.017574050368597,0.9261332498863339,1.0699421614408493,0.9488874523616064,0.8813578310138215,1.011258503533401,1.0663454368710519,1.0735833059996367,1.4746599857488825,0.2803922793650419
DiagReachK3,187,18,28,rawW2,shaped,0.1374855496297936,-0.3617818770047928,-0.3841402926722365,-0.4944433829776243,0.5216258423020301,0.28976707162363013,0.7792548105692387,-0.5551786134082795,-0.432045583133331,1.1421737572445134,0.9760437906325715
DiagReachK3,187,18,28,rawW2,raw,0.7750623780078959,0.3194668999441981,0.34761403358934356,0.2670499590196415,0.42744834441855234,0.374266449650103,0.4723845252120544,0.26565341686215127,0.26837131947060733,0.48023710209945014,0.19671232533789507
DiagReachK3,187,18,28,rawW2,penalty,0.6375767652333402,0.6812487835976738,0.73175432626158,0.7614933419972658,-0.09417756102823982,-0.32943881690346966,0.11059503580133093,0.6995066469535232,0.8221405575750396,1.1776801707980047,0.8701093056228384
DiagReachK3,187,18,28,rawW2,cost_0,0.5184944217431325,0.4156092243162454,0.3527141297236085,0.4174400568008423,0.16578029201952404,0.13358665840821005,0.19678180630905218,0.4158447666093707,0.4191389225423336,0.9241924257718629,0.13055486478868475
DiagReachK3,187,18,28,rawW2,cost_1,1.3521892799311201,0.6435911076354618,0.54979083314538,0.5883612334728241,0.8023984467857401,0.7433047844809364,0.8592504492741893,0.5840651283040643,0.5927070699632168,0.9674185706331955,0.2529088052962921
DiagReachK3,187,18,28,rawW2,cost_2,1.900389103995315,1.035034695649178,0.8921898575499654,0.9588888585567474,1.0081992464453495,0.9352334345073021,1.077109709413401,0.9553776364773512,0.9622960619628429,1.486333589781408,0.29742975209567696
