suite,method,progress_pct,n_tasks,n_seeds_total,cost_over_budget_q25,cost_over_budget_median,cost_over_budget_q75,normalized_return_q25,normalized_return_median,normalized_return_q75
SafePO,SafeOT-Dual,1.0,10,75,0.0258528197305661,1.268704564609858,1.994419535143756,-0.24907272769314254,-0.0803393981384933,-0.015520466431272622
SafePO,SafeOT-Dual,2.0,10,75,0.07272428524906,1.111328630975093,1.9630128839561691,-0.23252312074254922,-0.06928674777780897,-0.01487241417426651
SafePO,SafeOT-Dual,3.0,10,75,0.16268655733995907,1.0390639709561489,2.0050877404237153,-0.21222470827823384,-0.05470048582947246,0.00031146206067573373
SafePO,SafeOT-Dual,4.0,10,75,0.29398836880711565,1.1677010714285714,2.125022083333333,-0.07351175031949951,-0.02146063699268866,0.029400098300483405
SafePO,SafeOT-Dual,5.0,10,75,0.40030042910261593,1.5826374468519326,2.3907379166666667,0.011305469410700278,0.06593706310833222,0.07869085856163936
SafePO,SafeOT-Dual,6.0,10,75,0.5295474890615364,1.850701841888215,2.53770375,0.04284153729025328,0.09028577522926648,0.10702407100270128
SafePO,SafeOT-Dual,7.0,10,75,0.4304604907746229,1.8670090476190477,2.4672675,0.06038601709193903,0.11628808339990722,0.11973781516968045
SafePO,SafeOT-Dual,8.0,10,75,0.31379205801056465,1.7736357142857142,2.3784687499999997,0.05263168761385781,0.09952985761301723,0.1368036244155497
SafePO,SafeOT-Dual,9.0,10,75,0.2760344746896608,1.4755409523809524,2.23164875,0.025724153408119572,0.11019539342939985,0.16107707930016835
SafePO,SafeOT-Dual,10.0,10,75,0.3248471954688573,1.3616871428571429,1.98916625,0.00887876488072277,0.11829948809476533,0.17916007712820975
SafePO,SafeOT-Dual,11.0,10,75,0.4005689603976107,1.1798767857142858,1.8786379166666667,0.03182909632432533,0.12796583747268836,0.1953412040446938
SafePO,SafeOT-Dual,12.0,10,75,0.46974255617905547,1.0852360714285716,1.7543925000000002,0.02049525426880786,0.14410593969286625,0.21301953450197353
SafePO,SafeOT-Dual,13.0,10,75,0.5200404069231747,1.1171175,1.6773754166666668,0.048611323750098925,0.16049410815087053,0.21869347907231823
SafePO,SafeOT-Dual,14.0,10,75,0.4817446385602418,1.211407142857143,1.7630112500000004,0.0690429041794948,0.19123249076001458,0.22391215846510423
SafePO,SafeOT-Dual,15.0,10,75,0.4798268269579948,1.242416785714286,1.8505299999999998,0.0902402093175359,0.22350745034451136,0.2811772597725128
SafePO,SafeOT-Dual,16.0,10,75,0.45575120065677677,1.1784528571428572,1.7083608333333336,0.1076200590225213,0.2422087245993233,0.30919742408365725
SafePO,SafeOT-Dual,17.0,10,75,0.3790166355027159,1.2363107142857142,1.6318295833333334,0.12300344247574821,0.24206554674216313,0.31883577341454383
SafePO,SafeOT-Dual,18.0,10,75,0.3858718567783348,1.3086907142857143,1.5984062500000003,0.14281437325235627,0.2303846466630581,0.3368101271344357
SafePO,SafeOT-Dual,19.0,10,75,0.4129369021914248,1.3958371428571428,1.72323125,0.15713010263009833,0.22274891029220686,0.3472783263763773
SafePO,SafeOT-Dual,20.0,10,75,0.5821834093365432,1.3067939285714285,1.6302666666666665,0.16843205945177547,0.22589780411464455,0.3539447081810581
SafePO,SafeOT-Dual,21.0,10,75,0.8190595779011363,1.1276578571428573,1.6485941666666666,0.1810784680783346,0.23900930881046184,0.3613520971723968
SafePO,SafeOT-Dual,22.0,10,75,0.9276464941051857,1.1791321716373568,1.633546666666667,0.19191360029670848,0.25680022379626716,0.33428242748993225
SafePO,SafeOT-Dual,23.0,10,75,1.0336373214285715,1.237126811721341,1.6129112500000002,0.19711221368172682,0.2632948721702736,0.2998753630305664
SafePO,SafeOT-Dual,24.0,10,75,1.0517953571428573,1.3856866809137935,1.513195405844156,0.20469215205784888,0.28410718183208505,0.30818964030892754
SafePO,SafeOT-Dual,25.0,10,75,1.0024944642857143,1.4181966666666668,1.4392689703994517,0.20852970083822672,0.2931646336348261,0.32646068719328325
SafePO,SafeOT-Dual,26.0,10,75,1.0301710714285714,1.2845230439941062,1.4561666666666666,0.20517716052041632,0.29696593947277194,0.37695589744589586
SafePO,SafeOT-Dual,27.0,10,75,1.0214994642857143,1.1954917704736343,1.4503100000000002,0.20358707791824668,0.3054059652461527,0.39345388253045654
SafePO,SafeOT-Dual,28.0,10,75,0.9613342857142856,1.1640317391304347,1.3821494998875044,0.20996190710295642,0.31663632022479576,0.4056455156324147
SafePO,SafeOT-Dual,29.0,10,75,1.0179385714285716,1.2131057246376813,1.470997447651494,0.22288334131452336,0.29634573782838236,0.4108428567357671
SafePO,SafeOT-Dual,30.0,10,75,1.0769207142857142,1.3131538852813853,1.479652407074706,0.23394692597426203,0.2841520319439741,0.4197161216005701
SafePO,SafeOT-Dual,31.0,10,75,1.0336952380952382,1.3962225,1.5556081968944193,0.2531661941626314,0.29741083998087814,0.4253662481075382
SafePO,SafeOT-Dual,32.0,10,75,1.0334271428571429,1.3480149219565152,1.3988048051948052,0.2687683226707824,0.3445182561100906,0.4390038010577031
SafePO,SafeOT-Dual,33.0,10,75,1.0913182142857143,1.1470495779220782,1.3384341551011167,0.2821593393501046,0.3542614464239716,0.4832678860953225
SafePO,SafeOT-Dual,34.0,10,75,1.0288418873517786,1.2654449698896357,1.422425,0.2601379563544297,0.35396764984421347,0.5009368379728274
SafePO,SafeOT-Dual,35.0,10,75,1.160362357017982,1.3743769170667341,1.43836125,0.2623179816672864,0.3632392423976538,0.49115245201859614
SafePO,SafeOT-Dual,36.0,10,75,1.2179989285714288,1.3807533333333333,1.4492849109453703,0.2525722773091525,0.3744817394530143,0.4933383096246825
SafePO,SafeOT-Dual,37.0,10,75,1.1259283333333332,1.395466618984745,1.485953181818182,0.2621191562889139,0.3792911848443338,0.4880423482572601
SafePO,SafeOT-Dual,38.0,10,75,1.06219,1.2650617955970997,1.4947076785714284,0.2506876598954602,0.37960296257960635,0.4842114918317032
SafePO,SafeOT-Dual,39.0,10,75,1.075348616268716,1.1430433333333334,1.4472605357142856,0.255717413953189,0.3884493672193068,0.5307379645522645
SafePO,SafeOT-Dual,40.0,10,75,1.0270580357142858,1.1690085714285714,1.3479031642310777,0.26991982718037166,0.39234679830567754,0.5450412497923866
SafePO,SafeOT-Dual,41.0,10,75,1.089742380952381,1.2214766028295376,1.3819937111211638,0.2665062112487942,0.4061888047060168,0.5566162273574032
SafePO,SafeOT-Dual,42.0,10,75,1.0841185714285715,1.2186283333333332,1.5192853202820369,0.2810917455199948,0.427847632323602,0.5620203276481165
SafePO,SafeOT-Dual,43.0,10,75,1.0216114285714284,1.2296391666666666,1.4109552795800893,0.2657686896422792,0.4465746524370913,0.570527346393567
SafePO,SafeOT-Dual,44.0,10,75,0.9649414285714286,1.1892446691704235,1.21318625,0.2496664976653298,0.4584251237231515,0.5815278728788985
SafePO,SafeOT-Dual,45.0,10,75,0.9838030111283642,1.0993700000000002,1.2476140710232895,0.2469088262725804,0.4719914934086514,0.5924671327975194
SafePO,SafeOT-Dual,46.0,10,75,1.0062771428571429,1.1224023571428572,1.2071206300262052,0.27933305388797747,0.49616829037696397,0.5930123809839233
SafePO,SafeOT-Dual,47.0,10,75,1.01416,1.1532970454545453,1.2071582653589412,0.3156619279668962,0.509884481218517,0.5862440557911297
SafePO,SafeOT-Dual,48.0,10,75,1.0311053783173347,1.1282766467596308,1.1991266666666667,0.2906367067629918,0.5124991147947602,0.5887990299625174
SafePO,SafeOT-Dual,49.0,10,75,0.9253507142857144,1.1060119047619046,1.186268470785743,0.2675010909667112,0.5161530378150982,0.5876968086665614
SafePO,SafeOT-Dual,50.0,10,75,0.9049980357142857,1.0954268446368447,1.26668125,0.23817139036394103,0.5217773862237369,0.5956297945532582
SafePO,SafeOT-Dual,51.0,10,75,0.9700458928571429,1.1219788359788359,1.2755737235059001,0.24285728191837566,0.5295902414281292,0.6307555367164469
SafePO,SafeOT-Dual,52.0,10,75,1.0482461746031746,1.1121528571428572,1.1267859312354311,0.2678752912159925,0.5362855102933262,0.6366059830505023
SafePO,SafeOT-Dual,53.0,10,75,0.9740916955424725,1.1412,1.2441974999999998,0.3137282769487909,0.5381241697064816,0.6199438570651962
SafePO,SafeOT-Dual,54.0,10,75,1.029624204340617,1.1756950000000002,1.2942525,0.3145935664434789,0.549543052856529,0.6316689139175522
SafePO,SafeOT-Dual,55.0,10,75,1.0784418272859178,1.1739212313612313,1.448135625,0.31022213210848293,0.5572552502159414,0.653808734072761
SafePO,SafeOT-Dual,56.0,10,75,1.097818623043623,1.1682419845774419,1.3834911011904762,0.3393463024466959,0.5632793830355075,0.6744938326876813
SafePO,SafeOT-Dual,57.0,10,75,1.047132857142857,1.1339281999263076,1.2671904437229435,0.3740502312103249,0.5622144023380489,0.6882553006378095
SafePO,SafeOT-Dual,58.0,10,75,0.9599885714285714,1.111904670884671,1.203756328538828,0.42464052866407415,0.5604714618662887,0.6871419390145777
SafePO,SafeOT-Dual,59.0,10,75,0.9605428571428571,1.0915880595798955,1.1830219047619048,0.394686989723504,0.5512953697140266,0.6554862304166572
SafePO,SafeOT-Dual,60.0,10,75,0.9956635714285713,1.1195036190529282,1.1656554232804233,0.39783514637553613,0.5478458470025609,0.6579297751018167
SafePO,SafeOT-Dual,61.0,10,75,1.0355522025385495,1.128448675575632,1.2418414880952384,0.3684590774656529,0.5622811516443087,0.683919130710543
SafePO,SafeOT-Dual,62.0,10,75,1.07057,1.124253727753728,1.2606903117353658,0.3647365172945041,0.5861920731705479,0.6925996772791085
SafePO,SafeOT-Dual,63.0,10,75,1.0387314285714286,1.1281161014911014,1.2933283333333334,0.3355777475385963,0.5920053033077713,0.6816335636992361
SafePO,SafeOT-Dual,64.0,10,75,0.928622857142857,1.1173382251082251,1.2472581746031746,0.37532894780556914,0.5852255968017165,0.6853641290827385
SafePO,SafeOT-Dual,65.0,10,75,0.9876625595238095,1.0889423809523808,1.1679651345755693,0.4127153417433978,0.5975727733841583,0.6995559976704571
SafePO,SafeOT-Dual,66.0,10,75,0.9960668750000001,1.0452762962962963,1.207277380952381,0.43289247309612205,0.5830000540898229,0.7006548732744704
SafePO,SafeOT-Dual,67.0,10,75,1.022819042207792,1.0936975324675324,1.191412142857143,0.40908857393727216,0.59018129603263,0.7082841034174983
SafePO,SafeOT-Dual,68.0,10,75,0.9304914285714285,1.0966608333333334,1.2326076623376623,0.38908075729344016,0.5994286442225252,0.7106312636984087
SafePO,SafeOT-Dual,69.0,10,75,0.8840042857142858,1.1275485497835498,1.295409725829726,0.38136343883422613,0.6258724307482815,0.739083133428835
SafePO,SafeOT-Dual,70.0,10,75,0.9385160714285714,1.1494433333333334,1.2498935093167702,0.38394587167053373,0.6233664704877929,0.7220496381987368
SafePO,SafeOT-Dual,71.0,10,75,1.0636039285714287,1.1819144973544975,1.2613008333333333,0.3904896532248852,0.5689548614934509,0.7271950368177666
SafePO,SafeOT-Dual,72.0,10,75,1.0512775,1.2367603174603174,1.3015774999999998,0.4082523202108864,0.5805224121179661,0.7314991527864003
SafePO,SafeOT-Dual,73.0,10,75,1.0050538095238095,1.1826824915824918,1.2796688095238093,0.4196413125619502,0.6581951970529218,0.7434957110017977
SafePO,SafeOT-Dual,74.0,10,75,0.9839775324675325,1.0894480952380952,1.2532977225672879,0.4325591138154789,0.6736945483569231,0.7504921692316655
SafePO,SafeOT-Dual,75.0,10,75,0.9357889285714285,1.0487009523809523,1.2569399999999997,0.4476403719467982,0.5989101375525618,0.7564940343140186
SafePO,SafeOT-Dual,76.0,10,75,0.9289782792207792,1.0745333333333333,1.2168701154401151,0.4489108066028989,0.6078261534706544,0.7597610279417916
SafePO,SafeOT-Dual,77.0,10,75,0.9614262499999999,1.0815409523809523,1.18344,0.46279984993538253,0.6633331301992397,0.7657488491463533
SafePO,SafeOT-Dual,78.0,10,75,1.0479978571428572,1.0870500793650795,1.2562033333333333,0.4361635128506071,0.677823749942577,0.8141790803625468
SafePO,SafeOT-Dual,79.0,10,75,0.9613166666666667,1.0990454497354496,1.1896928571428569,0.43675866550884046,0.6886347371498578,0.8001856314805572
SafePO,SafeOT-Dual,80.0,10,75,0.9770713149350649,1.0915762433862435,1.2015459523809522,0.41568685685778906,0.6764210626948655,0.8033733865385828
SafePO,SafeOT-Dual,81.0,10,75,0.9777988417560701,1.1004709523809524,1.1713412499999998,0.4569525251107641,0.6845403835748362,0.8014501232029801
SafePO,SafeOT-Dual,82.0,10,75,0.9035787500000001,1.0638614285714285,1.1846649999999999,0.5393809689392647,0.673681835609519,0.798856134600019
SafePO,SafeOT-Dual,83.0,10,75,0.8094295059590974,0.98847,1.1902866666666667,0.5654151943588017,0.6906665257967635,0.8027764252949787
SafePO,SafeOT-Dual,84.0,10,75,0.8711409851692515,0.9882,1.1319985714285714,0.48264398519469703,0.6937389649750694,0.8465714494142997
SafePO,SafeOT-Dual,85.0,10,75,0.9355240548432149,1.005695119047619,1.07179625,0.45067192018835733,0.7030341668585611,0.9030028167917041
SafePO,SafeOT-Dual,86.0,10,75,0.8999759909308085,0.9983133333333332,1.0658548863636363,0.46794888923421796,0.7106931461649666,0.9047093050424577
SafePO,SafeOT-Dual,87.0,10,75,0.8923594642857143,1.00088,1.0921624120082816,0.48812823408639766,0.721755914589022,0.8796721073364259
SafePO,SafeOT-Dual,88.0,10,75,0.9401964285714286,1.0106000108523814,1.123955,0.5278082365326174,0.7265020003763074,0.8427662660112368
SafePO,SafeOT-Dual,89.0,10,75,0.9441905952380952,1.0650254190573065,1.1065162499999999,0.5694815469955528,0.7325640684185427,0.8291061899470572
SafePO,SafeOT-Dual,90.0,10,75,0.9106640563241108,1.051845,1.0905235893825838,0.546756903779301,0.7164135630210333,0.8309813089765736
SafePO,SafeOT-Dual,91.0,10,75,0.9907231958385462,1.0356221428571426,1.08481375,0.5461567068643016,0.7391694996717271,0.8510277001056106
SafePO,SafeOT-Dual,92.0,10,75,0.9618830952380952,1.0553991666666667,1.2129108928571428,0.5955622542030584,0.7353290515368288,0.8654977588736068
SafePO,SafeOT-Dual,93.0,10,75,0.9622771428571428,1.0502383333333334,1.1877694642857144,0.5973566301748578,0.7432357351970457,0.8466106409270416
SafePO,SafeOT-Dual,94.0,10,75,0.9195487499999999,1.0211542857142857,1.13442125,0.581526186158898,0.7269176986616385,0.8393945148706554
SafePO,SafeOT-Dual,95.0,10,75,0.8985774688641958,0.9887089285714286,1.1421320833333333,0.5368751339650176,0.7413744634138005,0.8832531718619584
SafePO,SafeOT-Dual,96.0,10,75,0.9158511218731233,1.0276495238095238,1.1320025,0.5666456510409643,0.7438712669856309,0.8835559817592047
SafePO,SafeOT-Dual,97.0,10,75,1.003966607142857,1.0614828571428572,1.1068345739427574,0.5943887819689869,0.7415418813963748,0.8609755237625979
SafePO,SafeOT-Dual,98.0,10,75,0.9701008928571431,1.0835061111111108,1.1409390139751554,0.609563483691473,0.7157081671989753,0.8606908747046533
SafePO,SafeOT-Dual,99.0,10,75,1.0364111904761906,1.096012142857143,1.184570900974026,0.6100966568782781,0.724017571301033,0.8579805588210963
SafePO,SafeOT-Dual,100.0,10,75,1.0089664285714286,1.1252366200355446,1.2251591071428571,0.6273475921452094,0.7289389009174315,0.8609037764765839
SafePO,TRPO-Lag,1.0,10,75,0.027195820893853764,1.2511959780279889,2.2460814936432385,-0.25024314119947555,-0.07066321088972147,-0.016720172492621223
SafePO,TRPO-Lag,2.0,10,75,0.07847370192030348,1.448382345116531,2.0914207491325043,-0.23148888460480851,-0.053119817728598015,-0.007966708089603198
SafePO,TRPO-Lag,3.0,10,75,0.1731464696684878,1.450597739332887,2.3328169393217215,-0.18712815081134698,-0.025479813785125253,0.015514555124315856
SafePO,TRPO-Lag,4.0,10,75,0.3117079624557762,1.8311414285714287,2.843288035714286,-0.05609724855371925,0.03382970448220782,0.0555940204236817
SafePO,TRPO-Lag,5.0,10,75,0.5134672351605328,2.1208461904761906,3.224302857142857,0.062018797237662834,0.10524909948005617,0.14922150236482398
SafePO,TRPO-Lag,6.0,10,75,0.6521394349016132,2.2726083429741415,3.2926873214285712,0.10543409005949544,0.15455728723041387,0.23697462166673713
SafePO,TRPO-Lag,7.0,10,75,0.5996957401352054,2.326637142857143,3.20905890832478,0.1230016251502386,0.2002184233067061,0.31658776504567443
SafePO,TRPO-Lag,8.0,10,75,0.6158303552347817,2.2234942857142856,3.1383211699595166,0.12241545233414275,0.19356389933254448,0.41889434559320254
SafePO,TRPO-Lag,9.0,10,75,0.6702592020664613,2.157897142857143,3.129735574934725,0.11307906737772949,0.22106100239062917,0.5204575270457534
SafePO,TRPO-Lag,10.0,10,75,0.7298114769892066,2.2047966666666667,3.2253375532667667,0.10583255397260756,0.26594894826947146,0.6033995804115307
SafePO,TRPO-Lag,11.0,10,75,0.7192372057758254,2.299247142857143,3.340459339557321,0.08983767913022016,0.31176795517689027,0.6285535856543218
SafePO,TRPO-Lag,12.0,10,75,0.7220488431553809,2.255732380952381,3.5131061051335766,0.09490050369593334,0.3514714803556192,0.6521601249783845
SafePO,TRPO-Lag,13.0,10,75,0.7960865109921073,2.3915633333333335,3.6178812744978925,0.11959803724457188,0.3314526467829805,0.6947915270726749
SafePO,TRPO-Lag,14.0,10,75,0.8417303420103193,2.337515,3.7995719547549585,0.14572017102198082,0.2756758094857865,0.7418862648311179
SafePO,TRPO-Lag,15.0,10,75,0.8267118348452049,2.2683857142857144,3.882056234593931,0.160971543691669,0.2797414217639337,0.7808523603567712
SafePO,TRPO-Lag,16.0,10,75,0.8049680639821732,2.1481080952380953,3.919559344605122,0.16563954523494745,0.4281985908277188,0.8080099845328003
SafePO,TRPO-Lag,17.0,10,75,0.8459778456308853,2.037735714285714,3.8763683405513523,0.16831554183932218,0.48719517599426654,0.8332365638164354
SafePO,TRPO-Lag,18.0,10,75,0.9708896086100058,2.081844285714286,3.7119356916823323,0.1714598802775949,0.5079997536395382,0.8574553314046585
SafePO,TRPO-Lag,19.0,10,75,1.0824445667987221,2.1270000000000002,3.593479191435129,0.18713109652985177,0.448031567660538,0.8783463020234296
SafePO,TRPO-Lag,20.0,10,75,1.191267945771707,2.135950476190476,3.528051687727453,0.20956710505921397,0.3725928809411323,0.8969343979683796
SafePO,TRPO-Lag,21.0,10,75,1.3320527235186015,2.0620161904761902,3.4395060026298556,0.23061432975020663,0.31915746369665254,0.9082458306417839
SafePO,TRPO-Lag,22.0,10,75,1.4841387373387689,1.9179704761904763,3.370205301221963,0.2431866221777852,0.25192380225775013,0.9189920129983133
SafePO,TRPO-Lag,23.0,10,75,1.4140100000000002,1.8540869132032323,3.334387621973921,0.23143742478286605,0.34341040652464894,0.9282612033592984
SafePO,TRPO-Lag,24.0,10,75,1.223587142857143,2.0288557777700182,3.1528549399218244,0.24459908429033678,0.4503945558665554,0.9373982585843804
SafePO,TRPO-Lag,25.0,10,75,1.3968764285714288,2.155455613264481,2.8332304670880895,0.23988332884183056,0.50712327026605,0.9454602356745787
SafePO,TRPO-Lag,26.0,10,75,1.5394992857142857,2.128990714285714,2.640836031731483,0.2554439605900001,0.45568405028997055,0.9329724690138986
SafePO,TRPO-Lag,27.0,10,75,1.6225864285714287,2.052200714285714,2.5642496943050728,0.27138629626898264,0.457821071469921,0.9305516311787303
SafePO,TRPO-Lag,28.0,10,75,1.5989107142857144,2.0668825,2.7417339404310255,0.2901174206066717,0.5166655005529908,0.9278563070609186
SafePO,TRPO-Lag,29.0,10,75,1.5156757142857145,2.0732289285714285,2.795898057825377,0.29487912128138904,0.5984224243777975,0.9272164897949051
SafePO,TRPO-Lag,30.0,10,75,1.638792380952381,1.977490850354205,2.8456000343764334,0.3004115946103494,0.6293028820868285,0.9242448622844043
SafePO,TRPO-Lag,31.0,10,75,1.7339377773122184,1.8930142857142855,2.8691460627057186,0.30017323609710067,0.6040466301133808,0.9199060984595437
SafePO,TRPO-Lag,32.0,10,75,1.6801353933787735,1.9167752380952383,2.8798378345976765,0.3124267860915293,0.5487807417967281,0.9260167195102177
SafePO,TRPO-Lag,33.0,10,75,1.673023420647826,2.016420634920635,2.891129968206468,0.35028298255989837,0.5883052533110253,0.9386898861071128
SafePO,TRPO-Lag,34.0,10,75,1.6671858772608885,2.057838571428571,2.837781217773937,0.37920657254058043,0.6340846663568123,0.9233898063027308
SafePO,TRPO-Lag,35.0,10,75,1.704631198278372,2.0065557142857147,2.9801423983275,0.40286547698509756,0.670178477656727,0.9141186826794883
SafePO,TRPO-Lag,36.0,10,75,1.5153049071252456,2.0083657142857145,3.202012178230763,0.4039238724543091,0.6604074694092317,0.9127032585712349
SafePO,TRPO-Lag,37.0,10,75,1.4156332352938685,1.9915671428571426,3.3268966726440703,0.4403122472073124,0.6533463431758687,0.9190081443357261
SafePO,TRPO-Lag,38.0,10,75,1.4391040885980901,1.9823125000000001,3.4876131591172914,0.46201170953313,0.6486343513009738,0.900421003814094
SafePO,TRPO-Lag,39.0,10,75,1.4019330675717825,1.9508953571428571,3.4982032298997416,0.4966408491711177,0.6456146159892002,0.8834631256293716
SafePO,TRPO-Lag,40.0,10,75,1.217679412144122,1.909739642857143,3.234269280007495,0.4919849275312456,0.6144160250809603,0.8678969479204415
SafePO,TRPO-Lag,41.0,10,75,1.2611001511418714,1.9357378571428572,2.9897639641301628,0.4752036167406699,0.6075126148449499,0.8381842880655503
SafePO,TRPO-Lag,42.0,10,75,1.26683,1.7228519318303441,2.9013604166666664,0.45957714712625125,0.6048867929080062,0.8494269726609097
SafePO,TRPO-Lag,43.0,10,75,1.2146735714285712,1.6440029751572307,2.803935,0.4324714610501288,0.6176319085209088,0.8759720066626738
SafePO,TRPO-Lag,44.0,10,75,1.2099976682125633,1.7383264190424164,2.69105875,0.4358821327376188,0.6196462824868357,0.8569785224378179
SafePO,TRPO-Lag,45.0,10,75,1.3224821838885752,1.824976649486148,2.568474583333333,0.4599105857121901,0.5894906119105834,0.8512933867631491
SafePO,TRPO-Lag,46.0,10,75,1.4320025573941755,1.8557758234519106,2.3942587500000005,0.4840229930281793,0.5902760072279042,0.8231345633848578
SafePO,TRPO-Lag,47.0,10,75,1.4302232749731472,1.8706035714285714,2.2331016772116774,0.47810550403592567,0.6102953758737244,0.8051265029621748
SafePO,TRPO-Lag,48.0,10,75,1.4079255079205135,1.8661785714285715,2.470839485655132,0.46313944736840784,0.6272448070419603,0.8093611030237453
SafePO,TRPO-Lag,49.0,10,75,1.5369931672335597,1.83423873015873,2.761768099237719,0.47147497767409186,0.6382158418850767,0.7890758125225985
SafePO,TRPO-Lag,50.0,10,75,1.4787735917070817,1.7656596825396824,2.8689349999999996,0.5029645142422952,0.6427481419270211,0.7863136645083996
SafePO,TRPO-Lag,51.0,10,75,1.4407705253628738,1.7324233333333332,2.9031775000000004,0.5343089391980109,0.6565391587343974,0.7924663856275427
SafePO,TRPO-Lag,52.0,10,75,1.1770766666666665,1.6932324684822038,2.836591071428572,0.4840113313669887,0.6691095393749914,0.788812477680612
SafePO,TRPO-Lag,53.0,10,75,1.137710818831252,1.6283153464752955,2.8448432142857145,0.4596583286753821,0.6713754152661242,0.738719087198038
SafePO,TRPO-Lag,54.0,10,75,1.0022505068226955,1.546142632177542,2.764455,0.42754513950428746,0.6789169134442185,0.7725760075555368
SafePO,TRPO-Lag,55.0,10,75,1.0116566710084842,1.520064761904762,2.6397137500000003,0.4243823412765692,0.6882707829290338,0.7686337733879633
SafePO,TRPO-Lag,56.0,10,75,0.9528629137808972,1.5323085714285714,2.6383575000000006,0.4160194462950082,0.6917798308275082,0.7514997548730811
SafePO,TRPO-Lag,57.0,10,75,0.8901352022644646,1.4534142857142855,2.5941225,0.41600558574894214,0.6879691256591979,0.7971653446398428
SafePO,TRPO-Lag,58.0,10,75,0.9040804761904762,1.441297959415376,2.5098037500000006,0.39684598608835564,0.6947405758395436,0.8858313072346102
SafePO,TRPO-Lag,59.0,10,75,0.9089207390703686,1.4348133333333333,2.490855,0.4083399790478901,0.6977508225380658,0.7965503995813281
SafePO,TRPO-Lag,60.0,10,75,0.8426702236975505,1.441857142857143,2.4858937500000002,0.4282359429471657,0.6715865493459656,0.7654810334894917
SafePO,TRPO-Lag,61.0,10,75,0.8149941228154025,1.3963200000000002,2.4532110714285715,0.4613453584721269,0.6339197340341367,0.7659903249904907
SafePO,TRPO-Lag,62.0,10,75,0.8723638174429006,1.4545485714285715,2.4513914285714287,0.4859274673998789,0.678059005727311,0.7777481891367217
SafePO,TRPO-Lag,63.0,10,75,0.8778554355463345,1.5057114285714288,2.3677019642857147,0.4434894294335072,0.6710810880870683,0.8010532324186016
SafePO,TRPO-Lag,64.0,10,75,0.8817480936979742,1.519245714285714,2.2631467857142855,0.3998693414185822,0.6303626934551873,0.813205835850493
SafePO,TRPO-Lag,65.0,10,75,0.853002619793999,1.5249841666666668,2.2124414285714282,0.41848629941266025,0.6181472990793839,0.8181914615082103
SafePO,TRPO-Lag,66.0,10,75,0.842972247974248,1.5606828571428573,2.1881051785714285,0.4076148302365595,0.7021165657811774,0.8344858044182037
SafePO,TRPO-Lag,67.0,10,75,0.7659123388636188,1.4904652380952381,1.9804255246228928,0.409461524029726,0.7335699653405281,0.8648444136031874
SafePO,TRPO-Lag,68.0,10,75,0.7730129664783985,1.4862085714285715,1.9370854870129872,0.41476194310721526,0.7402096853132752,0.88738719949801
SafePO,TRPO-Lag,69.0,10,75,0.8055377015048444,1.4175004347826088,1.9392712499999998,0.42011141529382967,0.7491319085859809,0.8679156340245289
SafePO,TRPO-Lag,70.0,10,75,0.8017803778599346,1.3229228571428573,1.9493867091836736,0.3878453298129869,0.7515921423563128,0.8960593515653873
SafePO,TRPO-Lag,71.0,10,75,0.8045953873170524,1.292754761904762,1.926984937888199,0.36971763460950524,0.7546658491904177,0.8645290390796307
SafePO,TRPO-Lag,72.0,10,75,0.8151108292907843,1.2980363498126524,1.8649991071428569,0.3615608107205695,0.6824572283999413,0.8740407983649789
SafePO,TRPO-Lag,73.0,10,75,0.7912812800021394,1.2910720274342633,1.8610497402597401,0.3645459201013546,0.6604887200438911,0.8786110744029267
SafePO,TRPO-Lag,74.0,10,75,0.841222632129775,1.2551161427236885,1.7799951785714287,0.3951658573144239,0.7096961248588025,0.8807571090189653
SafePO,TRPO-Lag,75.0,10,75,0.8258182692611928,1.253355990428244,1.8074228486394557,0.41713669142523846,0.725475167849249,0.8925073458304744
SafePO,TRPO-Lag,76.0,10,75,0.8038681120885882,1.2368923388346644,1.8620539285714286,0.39297587898299313,0.7216774390910659,0.9070779840106077
SafePO,TRPO-Lag,77.0,10,75,0.8131047938961802,1.2569285714285714,1.9247846428571427,0.383237962559123,0.73383139191429,0.9172313396846512
SafePO,TRPO-Lag,78.0,10,75,0.8006922703866693,1.345671156462585,1.8543382142857143,0.39823287421432235,0.7581744586424701,0.9238801810794814
SafePO,TRPO-Lag,79.0,10,75,0.8661439805610734,1.3775914285714284,1.7168782142857144,0.3896635169344379,0.7746826657300586,0.9335629340262717
SafePO,TRPO-Lag,80.0,10,75,0.8235905129167562,1.3599371428571427,1.63011375,0.3793964808412782,0.7486694556817258,0.9271119757998161
SafePO,TRPO-Lag,81.0,10,75,0.8686202156391617,1.320864642857143,1.5554329931972788,0.3589125076901776,0.6983048079540026,0.9319186781162638
SafePO,TRPO-Lag,82.0,10,75,0.836986808266785,1.1898107482993199,1.6289714285714285,0.368514431833721,0.7221046252622396,0.9380352538546948
SafePO,TRPO-Lag,83.0,10,75,0.8073853228504517,1.1619279591836733,1.6916653571428573,0.3593835600060082,0.7762235168784,0.9454560093713721
SafePO,TRPO-Lag,84.0,10,75,0.7593917182356814,1.2246742857142856,1.752395714285714,0.36546555125239794,0.840777410108025,0.9428233502882526
SafePO,TRPO-Lag,85.0,10,75,0.6978679791636935,1.1982942857142858,1.6839144642857142,0.3609206131382525,0.8127064040641461,0.932369400753155
SafePO,TRPO-Lag,86.0,10,75,0.6714865604778498,1.0019314285714287,1.6081008928571427,0.36259577859406206,0.7844423646467558,0.9315292257990284
SafePO,TRPO-Lag,87.0,10,75,0.5348271428571428,0.9985127101469958,1.5596662500000003,0.3486186831510255,0.8275803631203079,0.9314989450938482
SafePO,TRPO-Lag,88.0,10,75,0.6202197619047619,1.0152806105856977,1.6189860714285713,0.33326183192676684,0.8172595531466332,0.9338592185376915
SafePO,TRPO-Lag,89.0,10,75,0.7431232793807179,1.0376216326530612,1.5971878571428573,0.359256916208348,0.8167059981604214,0.9341171755919144
SafePO,TRPO-Lag,90.0,10,75,0.7638065213358071,1.0513220408163264,1.5800669642857144,0.3747053628477327,0.7914787710956925,0.9365395410012153
SafePO,TRPO-Lag,91.0,10,75,0.7636164862466726,1.044047074829932,1.6003601785714288,0.3979224516298971,0.8402612174886093,0.9364236703414377
SafePO,TRPO-Lag,92.0,10,75,0.7678132399384723,1.0728009523809523,1.5663533928571431,0.4032718781800706,0.8154080386729698,0.9384959698589411
SafePO,TRPO-Lag,93.0,10,75,0.8197793212206512,1.0550290476190478,1.5520789285714287,0.3987201329091963,0.7890793174974742,0.9410877522110846
SafePO,TRPO-Lag,94.0,10,75,0.7013991465677181,1.153827619047619,1.5492475,0.39781255497819396,0.7551639366742878,0.9462080067113428
SafePO,TRPO-Lag,95.0,10,75,0.6740508990623276,1.1435771428571428,1.5378475,0.40865958106686023,0.779344869635817,0.943900672260412
SafePO,TRPO-Lag,96.0,10,75,0.7860215223859699,1.1747329761904763,1.5259507142857145,0.3866566014225039,0.8111060075740686,0.9405298520261954
SafePO,TRPO-Lag,97.0,10,75,0.8097448094762381,1.1421950340136053,1.5171332142857143,0.3809908842291503,0.7670487742710287,0.9339146795922979
SafePO,TRPO-Lag,98.0,10,75,0.7234330117501546,1.154604761904762,1.5495933928571426,0.41016317211650505,0.8336584426599056,0.9333900874664499
SafePO,TRPO-Lag,99.0,10,75,0.7265627858133544,1.01708768707483,1.50302875,0.4346890589895358,0.8450393253121449,0.9321530180278995
SafePO,TRPO-Lag,100.0,10,75,0.7596422893717943,0.9347004761904762,1.5138285714285715,0.4058040785637074,0.8216433678355258,0.9354528142746349
SafePO,CPO,1.0,10,60,0.027195820893853764,0.8453110097060949,1.8195890444844975,-0.16913140899635842,-0.07761566334024893,-0.013149256508807907
SafePO,CPO,2.0,10,60,0.07847370192030348,1.111214269470508,2.044007770788054,-0.09852895165499936,-0.0339337627844859,-0.007486528906365535
SafePO,CPO,3.0,10,60,0.1731464696684878,1.2049911055243725,2.1081328767245835,-0.08263434802864027,-0.020582393321395477,0.015019881311300727
SafePO,CPO,4.0,10,60,0.29475096864538125,1.2332966666666667,2.047680952380952,-0.06434798740215165,-0.008524586755996509,0.040058469823389904
SafePO,CPO,5.0,10,60,0.3196673904816133,1.2182654191874767,1.6901171428571429,-0.05568032711297111,-0.008440719895951724,0.04922300279610941
SafePO,CPO,6.0,10,60,0.34168169941646265,1.0276837545352981,1.551014285714286,-0.05355443114610854,-0.012558500573355794,0.03950922137639584
SafePO,CPO,7.0,10,60,0.39561080941571525,1.0310866666666667,1.3339557142857144,-0.03691429285326922,-0.0012818516007209783,0.049203317554598
SafePO,CPO,8.0,10,60,0.40238168630783333,1.2053009523809524,1.35712,-0.0335320256262756,0.008658146053764627,0.10151463829566383
SafePO,CPO,9.0,10,60,0.4584087958557727,1.1611143021175643,1.5975133333333333,-0.03008515537255004,0.01604062777620355,0.1001764599598659
SafePO,CPO,10.0,10,60,0.4193346476287136,1.1301628147204532,1.3337385714285712,-0.02632074381013158,0.02530204657524364,0.1001513388266874
SafePO,CPO,11.0,10,60,0.4186055211555422,1.0472487632961132,1.4009799999999997,-0.02437808592582863,0.03800349428181954,0.10096792908975519
SafePO,CPO,12.0,10,60,0.4721954245425675,0.9674750747161489,1.5165685714285715,-0.013299845112824324,0.06008079316658839,0.10777011937222794
SafePO,CPO,13.0,10,60,0.5254757885815086,1.1313116756794055,1.4649214285714285,-0.004582922077211379,0.07742257065601946,0.12258644229838991
SafePO,CPO,14.0,10,60,0.5270082193745573,1.16345,1.4082233333333336,0.00501172945491124,0.08305502057906396,0.13176174267695218
SafePO,CPO,15.0,10,60,0.5836405134856341,1.0941152380952381,1.68835,0.01311709698618065,0.0874357423091762,0.14962742925380898
SafePO,CPO,16.0,10,60,0.5895635038662299,1.0407963958966815,1.6900416666666667,0.03708283894420336,0.09926197164511602,0.17379087525509845
SafePO,CPO,17.0,10,60,0.6261035627840374,0.9947790476190477,1.35746,0.05205105471247087,0.11058431365873245,0.13302658375210183
SafePO,CPO,18.0,10,60,0.656691199336966,1.0975276190476193,1.2766666666666666,0.043965174950578764,0.10829612193063407,0.14224513961174878
SafePO,CPO,19.0,10,60,0.6760970669192857,1.1679095238095236,1.4283549999999998,0.06295878158836414,0.14644871785277272,0.2057338556160548
SafePO,CPO,20.0,10,60,0.6766542687418158,1.1969299999999998,1.5636185714285713,0.06111160184659398,0.17351883400862977,0.2512707527751272
SafePO,CPO,21.0,10,60,0.6812021577145255,0.8975827543137432,1.5209916666666665,0.054374842306924784,0.1809535563875276,0.22070007706438186
SafePO,CPO,22.0,10,60,0.6380231508577107,0.9475668036088505,1.3221066666666668,0.06449261063208216,0.19066186996556433,0.24104891351159083
SafePO,CPO,23.0,10,60,0.7934714956107451,0.9168185566556539,1.34714,0.06985424825257909,0.23090081170393575,0.27431585454115776
SafePO,CPO,24.0,10,60,0.8287388062306511,1.037018610495196,1.3001492857142856,0.07674685518854434,0.2434041001433634,0.2994173453120949
SafePO,CPO,25.0,10,60,0.8032845627705628,0.9166403624061612,1.3695971428571427,0.09066497572680494,0.2303405269613662,0.3015812490530702
SafePO,CPO,26.0,10,60,0.6153866666666665,0.9263738631603382,1.19941,0.09950762269735794,0.2098236322418784,0.2873178523609782
SafePO,CPO,27.0,10,60,0.7044233333333333,0.8913861904761904,1.158247939195683,0.10469603357512916,0.17783792290138145,0.31490477107713455
SafePO,CPO,28.0,10,60,0.8127353050331312,0.9812178371937741,1.1301849999999998,0.12329896392923351,0.1812584897862398,0.3390418598427294
SafePO,CPO,29.0,10,60,0.9082140360697939,1.1284983913206135,1.3345900000000002,0.09082094664830996,0.20776975424742022,0.3603655801523258
SafePO,CPO,30.0,10,60,0.9468921488763848,1.0992943947142488,1.2966628571428571,0.08873418164860468,0.22425348161077507,0.377089507080855
SafePO,CPO,31.0,10,60,0.8456577974057006,1.189497231588919,1.3878150000000002,0.11831736546091993,0.22440024545781145,0.3874473373182268
SafePO,CPO,32.0,10,60,0.7171555589016456,1.1081915507934297,1.5126533333333334,0.13968997480823062,0.23206524533561274,0.39355971369781917
SafePO,CPO,33.0,10,60,0.7436110711880711,1.1095416278732855,1.3734107142857144,0.144181036060943,0.2504730612784889,0.3280104339201659
SafePO,CPO,34.0,10,60,0.7944215480560551,1.0879804596222593,1.230075,0.1318300464983867,0.26877019629144566,0.35648965987936043
SafePO,CPO,35.0,10,60,0.8239666666666666,1.0651645913500376,1.2097278571428571,0.17878239451496675,0.2726498056081665,0.4134254292159602
SafePO,CPO,36.0,10,60,0.838334865524668,1.0108078645139196,1.294977857142857,0.21264583220585195,0.27716361777981424,0.4098955193072062
SafePO,CPO,37.0,10,60,0.9438635152985673,1.1337333333333333,1.2502057142857141,0.20543463551415306,0.28651736329542643,0.41177186949095296
SafePO,CPO,38.0,10,60,0.98725,1.068977470739095,1.2695609523809523,0.22563034278665828,0.3097315110918968,0.4252112489143355
SafePO,CPO,39.0,10,60,0.9238937362372283,1.0400633333333333,1.2876585714285713,0.2004337198683515,0.32438168530892253,0.43482001633254685
SafePO,CPO,40.0,10,60,0.7942444527958662,1.016854757834758,1.2260885714285714,0.21986622137389383,0.32782126128589384,0.4452209702727417
SafePO,CPO,41.0,10,60,0.663793888888889,1.027166665900779,1.1513666666666664,0.2420398301695995,0.34787352288862394,0.3772264034726379
SafePO,CPO,42.0,10,60,0.7541783333333334,1.0388693306984085,1.1058685714285712,0.24735444917391702,0.3518526157472645,0.4249565405877411
SafePO,CPO,43.0,10,60,0.898491819801195,1.0185236387325465,1.508473333333333,0.24870110764942058,0.3821386901272651,0.42696373792497555
SafePO,CPO,44.0,10,60,0.9746607234148668,1.2277457142857142,1.568629196127946,0.23222499128272192,0.3817154150796843,0.4400963908498622
SafePO,CPO,45.0,10,60,1.1369157949763486,1.2684638095238094,1.6589426702665984,0.1772790463836323,0.3893004435461781,0.4715267705315354
SafePO,CPO,46.0,10,60,1.039251992831886,1.1861961904761906,1.4628826444110854,0.16482511173499614,0.3925731874711945,0.49410631233364316
SafePO,CPO,47.0,10,60,0.838654261547656,0.9824335250509786,1.0829471428571429,0.17870671716857323,0.38739944593188436,0.5032105561864352
SafePO,CPO,48.0,10,60,0.9157662857949503,1.0807014515132638,1.2293816666666668,0.20728321950657072,0.4114191731465974,0.505907879245877
SafePO,CPO,49.0,10,60,0.8953004852981349,1.1568166666666668,1.299012857142857,0.2571211264213122,0.42937960549498666,0.5196242261710242
SafePO,CPO,50.0,10,60,0.7974650211072571,1.0407847356582596,1.3405304761904762,0.2635452659362497,0.40249668586622445,0.5043562058298042
SafePO,CPO,51.0,10,60,0.8576245659164274,0.9869287945198477,1.2858890476190474,0.25225821841545787,0.3780066173058867,0.5071722555897404
SafePO,CPO,52.0,10,60,0.9698324643885774,1.17685,1.30524,0.28179993120993724,0.389919261133275,0.5097871142598405
SafePO,CPO,53.0,10,60,1.0376258474185474,1.2199,1.3129164285714283,0.30452488728468174,0.42702072980109196,0.51605196325669
SafePO,CPO,54.0,10,60,0.9579654368654368,1.16002054440525,1.3052671428571427,0.2873741873181096,0.42205704633197483,0.5456448111465657
SafePO,CPO,55.0,10,60,0.95654,0.9883993647586613,1.144275,0.2780337796105346,0.4154465015669228,0.5582048203781907
SafePO,CPO,56.0,10,60,0.842329159402441,0.9304762597035992,1.0511866666666667,0.2840147949223125,0.4193866118081092,0.5552597019260901
SafePO,CPO,57.0,10,60,0.7286594264708091,0.9556204347933291,1.2440983333333333,0.3089446163702514,0.4236113752767601,0.5479251936470616
SafePO,CPO,58.0,10,60,0.7955485589744811,0.9395536051701332,1.1835371428571428,0.3080169822158608,0.4338340558869187,0.5660155425345789
SafePO,CPO,59.0,10,60,0.9582898853556397,1.0826933333333333,1.3404710221981362,0.287994393116926,0.4253784286134677,0.5854776390876095
SafePO,CPO,60.0,10,60,1.0794507142857142,1.2198601287064013,1.421080179871808,0.24248886090978933,0.4712519127353093,0.60671768078629
SafePO,CPO,61.0,10,60,0.9913768771148522,1.1797498698090187,1.3629966666666669,0.19286230690594036,0.4554379240940102,0.6049926853817014
SafePO,CPO,62.0,10,60,0.9104630278188447,1.1497171428571429,1.2539733333333334,0.3009545154448517,0.38587476013841954,0.590433417060131
SafePO,CPO,63.0,10,60,0.9071420681747439,1.0615390476190476,1.1650033333333334,0.15628268694622785,0.4583872291155389,0.5828162017907661
SafePO,CPO,64.0,10,60,0.8568889523257996,1.0576699999999999,1.227407142857143,0.14633182352102317,0.5138635841250787,0.6034480351257423
SafePO,CPO,65.0,10,60,0.9370438095238094,1.1959041708729394,1.2474833333333333,0.14132229770211358,0.4964757315997683,0.6369572156047192
SafePO,CPO,66.0,10,60,0.9601600000000001,1.1922038095238094,1.380482131068542,0.23990694312650024,0.45567264073389724,0.6088417828596189
SafePO,CPO,67.0,10,60,0.9960672691197692,1.1136961904761904,1.224611790477042,0.24670118955010512,0.4246777171922979,0.5800991939931077
SafePO,CPO,68.0,10,60,1.0151867841982782,1.095891402116402,1.1284449999999997,0.25553628764984154,0.4635861865730594,0.5807039945599008
SafePO,CPO,69.0,10,60,0.958201913375731,1.114454265232975,1.199512857142857,0.2600972501087813,0.4947823854060204,0.606347545694554
SafePO,CPO,70.0,10,60,0.8609562832405688,1.0189587737940053,1.20369,0.3059182156388557,0.5153469054179289,0.6556472234770312
SafePO,CPO,71.0,10,60,0.8240502040816327,1.0440851481285767,1.1667942857142857,0.3357727113576316,0.5224129262216491,0.675839029553286
SafePO,CPO,72.0,10,60,0.7367012244897959,1.058827619047619,1.1354229076585125,0.3528368139813942,0.5548661050072424,0.6812345570853565
SafePO,CPO,73.0,10,60,0.8182262399355877,1.034742997453154,1.1723335714285712,0.3447127206455274,0.5066821541880051,0.6661303152912867
SafePO,CPO,74.0,10,60,0.9418264876876041,1.0896466666666669,1.3444417723316113,0.3576692278215309,0.5128882894025341,0.6133263858586451
SafePO,CPO,75.0,10,60,0.9161675377694168,1.241784761904762,1.454092374239287,0.37202847719245913,0.4851798582060457,0.629080631761986
SafePO,CPO,76.0,10,60,1.0093681783381987,1.1918588936988936,1.4025714285714286,0.35929551246829566,0.49981164945296935,0.6375274498383939
SafePO,CPO,77.0,10,60,1.0415906485489868,1.222367019171305,1.2746214285714286,0.3239371352125917,0.5339348188645606,0.6201690885629516
SafePO,CPO,78.0,10,60,0.785995,1.1365455782312925,1.2040099714583632,0.3604556798529691,0.5218684436164048,0.6121369757258146
SafePO,CPO,79.0,10,60,0.7286844865952761,0.9491621768707481,1.1393056469271214,0.39330369645556007,0.5028356369165562,0.6139187402325383
SafePO,CPO,80.0,10,60,0.7414666666666665,1.0001805326101085,1.098810476190476,0.38177701262204683,0.4908534306654303,0.6237665690903014
SafePO,CPO,81.0,10,60,0.8930433333333333,0.9860303586213317,1.2326025012668493,0.37365826292437626,0.4630061680160315,0.6363629362125406
SafePO,CPO,82.0,10,60,0.9557099999999998,1.0401382312925171,1.2234594372294372,0.3201655926940906,0.4717950857409955,0.6381875539170241
SafePO,CPO,83.0,10,60,1.0369105148201743,1.1861787809125741,1.3238949999999998,0.38943975129716374,0.4912568110235036,0.637959938584807
SafePO,CPO,84.0,10,60,1.0388957046873388,1.213103418779633,1.376018571428571,0.4658288960252823,0.549732023910348,0.6326718062812015
SafePO,CPO,85.0,10,60,0.8504753944842101,1.1315499999999998,1.283827142857143,0.452842227266379,0.599583310874476,0.6745577730811498
SafePO,CPO,86.0,10,60,0.7243208818342152,1.0636428571428571,1.254245,0.4364830938308412,0.5934494539189963,0.7292778967116845
SafePO,CPO,87.0,10,60,0.7732325325745663,1.0044832653061224,1.2157816666666665,0.4307964474419014,0.5996188627118534,0.7656510541211786
SafePO,CPO,88.0,10,60,0.9114402956597443,1.1218946918924697,1.4191066666666667,0.4491695150963717,0.6154062816681788,0.7633505696310506
SafePO,CPO,89.0,10,60,0.8428100000000001,1.1661394112268266,1.3293566666666667,0.45940595965054304,0.6129626135883969,0.7221081248492855
SafePO,CPO,90.0,10,60,0.9404983333333334,1.1779589277389277,1.2066541992798645,0.48305127586353436,0.6170704171419933,0.7798262583645081
SafePO,CPO,91.0,10,60,0.973360695045695,1.014627498924576,1.245307142857143,0.5022094973884583,0.6210600792876839,0.7839938294497751
SafePO,CPO,92.0,10,60,0.8300837863532309,1.1086,1.2382657142857143,0.5054148374440874,0.6190301444588617,0.7744700984491013
SafePO,CPO,93.0,10,60,0.8691208002181354,1.0399133333333332,1.1554995238095238,0.510590694180971,0.5814926861351399,0.6721018882783
SafePO,CPO,94.0,10,60,1.0043198896802665,1.1171609523809525,1.1592853968253969,0.5210512653121506,0.5493798820107465,0.6656995379836333
SafePO,CPO,95.0,10,60,1.0166248667734537,1.1815028571428572,1.2751089795918367,0.5353767504871906,0.5473284618686242,0.6807323609569171
SafePO,CPO,96.0,10,60,1.0769908843537415,1.175592618400961,1.2879757267253817,0.5420676187047601,0.6228997311170053,0.7578683455746541
SafePO,CPO,97.0,10,60,0.8704506462585033,1.1581554241726018,1.3022385714285714,0.5423891631769318,0.6398541134368321,0.8199309281981408
SafePO,CPO,98.0,10,60,0.8589164285714287,1.0819629197177831,1.2811983333333334,0.5373889603328867,0.6461376181438521,0.8265086291427084
SafePO,CPO,99.0,10,60,0.857877901984708,1.1679704761904763,1.3001566666666666,0.5188028000839644,0.6405213606057638,0.8165411043052072
SafePO,CPO,100.0,10,60,0.9413783333333333,1.1251381983133646,1.2243366666666669,0.49906549209602247,0.6305787412894654,0.8189991850381365
SafePO,PID-Lag,1.0,10,73,0.024491938243836928,1.1724006387037973,2.265980468929434,-0.25024314119947555,-0.07376732298868169,-0.01714742500574931
SafePO,PID-Lag,2.0,10,73,0.06382570689518868,1.3738995987662483,2.100015681342474,-0.2420893777534946,-0.0583262389154707,-0.015082928485689463
SafePO,PID-Lag,3.0,10,73,0.15436033242762728,1.2792769765578513,2.497841254904161,-0.18298239373326455,-0.034238160121032424,0.004464935108915135
SafePO,PID-Lag,4.0,10,73,0.3089686662802742,1.3792261904761907,2.7876133333333333,-0.07463491494066835,0.009932886032504348,0.026970355173674455
SafePO,PID-Lag,5.0,10,73,0.39569307613975,1.7068255508355454,2.4041766666666664,0.02722600825451801,0.03667332425867782,0.0707544647881318
SafePO,PID-Lag,6.0,10,73,0.44884978416654026,1.763119413450497,2.3816783333333333,0.0399279130867328,0.05093613763130472,0.07398753665951577
SafePO,PID-Lag,7.0,10,73,0.3595950887602537,1.8870652380952377,2.3250216666666668,0.0440140369377102,0.061922080275390846,0.07578416556607381
SafePO,PID-Lag,8.0,10,73,0.28841502195378127,1.9283580952380954,2.2633550000000007,0.03878645427451853,0.06784372510691057,0.0914594987735656
SafePO,PID-Lag,9.0,10,73,0.30022549613426863,1.774660476190476,2.3551972222222224,0.03006622999714935,0.0718396401331216,0.10064937703291675
SafePO,PID-Lag,10.0,10,73,0.37357371207207163,1.415167619047619,2.333955555555556,0.02805730966522149,0.0774890176723973,0.10239504052748127
SafePO,PID-Lag,11.0,10,73,0.5077777403922752,1.3891,2.2427333333333332,0.02175042708560983,0.08435007245339557,0.11766873475619814
SafePO,PID-Lag,12.0,10,73,0.538422127764652,1.3537391118789648,2.173580952380952,0.016890186743702965,0.07878093436607746,0.14720452941063314
SafePO,PID-Lag,13.0,10,73,0.5633760337002096,1.3287057142857142,2.0301316666666667,0.013773299256769574,0.07736809357060989,0.18279639292540284
SafePO,PID-Lag,14.0,10,73,0.5519298387904994,1.1918204761904763,1.9814850793650791,0.01127078476074235,0.07793164139243865,0.20473651582609512
SafePO,PID-Lag,15.0,10,73,0.5436756367062751,1.0490314285714284,2.1063019047619047,0.013175582469746252,0.07497165556035236,0.20211661321257718
SafePO,PID-Lag,16.0,10,73,0.5658295269734349,0.8968062287314136,2.0919961111111114,0.009421307248470071,0.06683106292805649,0.17769273967034108
SafePO,PID-Lag,17.0,10,73,0.6278032110548801,0.9968899999999999,1.7822783333333332,0.004183276947794941,0.06162700112313778,0.14459583291612998
SafePO,PID-Lag,18.0,10,73,0.701693471002595,1.2534742857142858,1.6177983333333332,0.010226142417762912,0.06305849546164605,0.16883688723400817
SafePO,PID-Lag,19.0,10,73,0.7684353668708186,1.4710861904761905,1.5540283333333333,0.018748196835768276,0.06553828510293472,0.17783937402469782
SafePO,PID-Lag,20.0,10,73,0.8490284954310906,1.3141622222222225,1.5921307142857142,0.02140488879617096,0.0637454995405805,0.21027546462137495
SafePO,PID-Lag,21.0,10,73,0.8320421382523023,1.2338244986212417,1.595422222222222,0.017511384265384677,0.07185154718135253,0.16395711348152628
SafePO,PID-Lag,22.0,10,73,0.8650119572970887,1.1847873123712576,1.6237877777777778,0.011787925398302826,0.08429655028922306,0.14565676700851113
SafePO,PID-Lag,23.0,10,73,1.0918672284462165,1.3258529200766838,1.4875144444444446,0.00838313526739664,0.09765197265354622,0.1480416610707712
SafePO,PID-Lag,24.0,10,73,1.1552825396825397,1.4254178568183964,1.5830546622308612,0.00522501341396003,0.09389624984109085,0.1596395766726554
SafePO,PID-Lag,25.0,10,73,1.038264126984127,1.4669193433832897,1.817429523809524,-0.0008994115955187013,0.07763241516085714,0.18194456785445615
SafePO,PID-Lag,26.0,10,73,0.9521107936507937,1.3955833333333332,1.698383669984809,0.0028896042902744144,0.08623968023587247,0.20072597253201474
SafePO,PID-Lag,27.0,10,73,0.9547315873015874,1.3060466666666666,1.4497282896993657,0.0040729713259274394,0.09852343418753574,0.2161968745416341
SafePO,PID-Lag,28.0,10,73,0.9660221428571427,1.21115873015873,1.367622275139022,0.007209616310624354,0.09211440518351251,0.23358728322501382
SafePO,PID-Lag,29.0,10,73,0.8732767339544515,1.1200695238095237,1.2812303779383538,0.003916758951938465,0.09144680685273271,0.2560203673896868
SafePO,PID-Lag,30.0,10,73,0.8514497877846792,0.9347152380952382,1.1587653275894823,0.006084387894439775,0.08750599980515925,0.27560432138285695
SafePO,PID-Lag,31.0,10,73,0.7713744444444445,0.9308462520124179,1.1116616666666665,0.00847130041301195,0.084527397190324,0.29503287077171636
SafePO,PID-Lag,32.0,10,73,0.7305110450929562,0.9825522222222223,1.2139433333333334,0.004270943970853356,0.07840164104805195,0.31158435005044116
SafePO,PID-Lag,33.0,10,73,0.7389046789896284,0.9506577777777778,1.2676944444444445,0.0006842464234540838,0.0696156601266242,0.32757978610356203
SafePO,PID-Lag,34.0,10,73,0.742742732106507,1.02536,1.2808683333333333,0.0019192386352449506,0.06887359834155081,0.3412792629735047
SafePO,PID-Lag,35.0,10,73,0.925613441504148,0.9937322222222224,1.3230628571428573,0.009710352469795899,0.055380959897840476,0.34854032316698214
SafePO,PID-Lag,36.0,10,73,0.8251662794875438,1.0766685714285715,1.2867123809523808,0.009501945726373742,0.059331330910977996,0.35452759480754276
SafePO,PID-Lag,37.0,10,73,0.8058882641559018,0.9293123809523809,1.197144761904762,0.004709819029532971,0.0759551975070341,0.3583653068560617
SafePO,PID-Lag,38.0,10,73,0.8060716666666665,0.8877019047619049,1.2593480737717706,0.00437771013728011,0.08234386882256248,0.36132144970693536
SafePO,PID-Lag,39.0,10,73,0.8811133333333333,0.9110161904761904,1.2176553952616924,0.005392287649477547,0.07428957430719214,0.3675521240685904
SafePO,PID-Lag,40.0,10,73,0.8658383333333334,1.0065971428571427,1.1491271830886505,0.006071159904668755,0.07896512900912214,0.37820828206916024
SafePO,PID-Lag,41.0,10,73,0.6783238888888888,0.9641252380952381,1.1044574603174602,0.005485840579539749,0.08201429979713101,0.38666973794077225
SafePO,PID-Lag,42.0,10,73,0.7903253968253968,1.03327,1.175691111111111,0.005651670911468072,0.09777761075258025,0.396121892667784
SafePO,PID-Lag,43.0,10,73,0.813930634920635,1.0708344803259746,1.2319649206349206,0.00789140827946637,0.09981827354166367,0.4047039262806919
SafePO,PID-Lag,44.0,10,73,0.7805355555555555,1.0748296329711895,1.1965000000000001,0.010098834273338322,0.11579623982224324,0.417645715002283
SafePO,PID-Lag,45.0,10,73,0.7930800378787878,1.020614651611317,1.0918552380952382,0.011571081771558817,0.1173611236241237,0.43346792793488753
SafePO,PID-Lag,46.0,10,73,0.9103202914979047,1.035008888888889,1.0838257142857142,0.012378955964161265,0.11630827487380306,0.44056579877718927
SafePO,PID-Lag,47.0,10,73,0.8708491687920936,1.0329143939393939,1.0693171428571429,0.01338679637699822,0.10117210699558143,0.45060052181523097
SafePO,PID-Lag,48.0,10,73,0.8497192388678707,0.9670980952380952,1.090142711038961,0.013321357177329733,0.10187397617036634,0.46397041209636675
SafePO,PID-Lag,49.0,10,73,0.8163246994703968,0.9682588888888888,1.0997973015873017,0.01612339749592448,0.11511613763326586,0.47285362190534597
SafePO,PID-Lag,50.0,10,73,0.8900852508862694,0.9746288888888889,1.041030476190476,0.017743852846462457,0.12023833041014685,0.481122218577894
SafePO,PID-Lag,51.0,10,73,0.9087016083881895,0.9923090476190477,1.056134444444444,0.01875833454750865,0.10981670584514024,0.49336889772415
SafePO,PID-Lag,52.0,10,73,0.9270393757876716,0.9870644444444445,1.1616733333333333,0.022166529003016744,0.09145168860063915,0.5059067047153665
SafePO,PID-Lag,53.0,10,73,0.9157085714285715,1.0056264363729537,1.0826365476190476,0.02278042568707698,0.10217838327593762,0.5112471361025781
SafePO,PID-Lag,54.0,10,73,0.8148951785714285,1.0085991725757029,1.134972380952381,0.025485860007587593,0.10650097202422447,0.5144643572620965
SafePO,PID-Lag,55.0,10,73,0.8355885714285715,1.0303317953519895,1.1616127777777778,0.02632241347222739,0.11383586746089736,0.5206766982446371
SafePO,PID-Lag,56.0,10,73,0.9911107142857144,1.0198541790009141,1.040669523809524,0.02970379958592947,0.12349436845765782,0.5316517301440844
SafePO,PID-Lag,57.0,10,73,0.8399333333333333,1.0458930394068517,1.1153950000000001,0.03440241836510389,0.13653972257190572,0.5437795920222489
SafePO,PID-Lag,58.0,10,73,0.865061746031746,1.0302776190476193,1.1740967996977882,0.03521854455006343,0.13698622479817532,0.5567695752802349
SafePO,PID-Lag,59.0,10,73,0.9148676190476189,1.0477209523809523,1.1458013936233085,0.037478146523318726,0.13690586181414977,0.5689994466574315
SafePO,PID-Lag,60.0,10,73,0.837816122012046,0.9178085714285715,1.212435395636425,0.04126777140125313,0.13863874486946612,0.5752938460241112
SafePO,PID-Lag,61.0,10,73,0.8645142857142858,0.9651920454545455,1.1489363163229644,0.04613463794806935,0.13309794311616802,0.5818256155231637
SafePO,PID-Lag,62.0,10,73,0.8279049999999999,0.9863552380952381,1.0595942066613995,0.044582435764795605,0.13954907275601303,0.5879523690816237
SafePO,PID-Lag,63.0,10,73,0.7429745238095238,0.9315733333333333,1.0314564910598605,0.04303751476283966,0.13902840654804915,0.5949126625602568
SafePO,PID-Lag,64.0,10,73,0.7498522222222221,0.9139366666666666,0.982519229872407,0.04272366518225199,0.14219683526236818,0.6017714259432544
SafePO,PID-Lag,65.0,10,73,0.868195,0.9089622222222222,0.9779092027939582,0.04224732595978044,0.13816886621178207,0.6099876995064208
SafePO,PID-Lag,66.0,10,73,0.8798704761904761,0.9368940997053863,1.1302766666666668,0.04452952453205104,0.1153434873767992,0.6177894077592951
SafePO,PID-Lag,67.0,10,73,0.9364455555555555,0.9526338419268309,1.0363866666666666,0.04744849605612716,0.08559525340781043,0.6238817255070994
SafePO,PID-Lag,68.0,10,73,0.917587258742646,0.9595652380952382,1.0560571428571428,0.04983550652433601,0.0878761372192812,0.626016393579754
SafePO,PID-Lag,69.0,10,73,0.885670634920635,0.9557215181420546,1.0060116666666665,0.05054543029301619,0.12738967138076307,0.6068079310828987
SafePO,PID-Lag,70.0,10,73,0.8690228571428572,0.9169666666666667,1.0477284649332348,0.05015021638991477,0.16046595605771502,0.5312376720576201
SafePO,PID-Lag,71.0,10,73,0.7943033333333334,0.8886125541125541,0.9780090476190477,0.04665365350973876,0.14419152493660756,0.5119036899021754
SafePO,PID-Lag,72.0,10,73,0.7373230952380954,0.7992433333333334,0.9627890358736697,0.04395089926481024,0.1493690876951494,0.5082677800177196
SafePO,PID-Lag,73.0,10,73,0.7228685714285713,0.8308309742645317,1.0127804761904762,0.04317148159681456,0.14543340823869058,0.6167374513060635
SafePO,PID-Lag,74.0,10,73,0.7119733387445888,0.8749246254860831,1.1075964285714286,0.049147904846535605,0.1414856983005407,0.6685299060581578
SafePO,PID-Lag,75.0,10,73,0.7413857142857142,0.9436321816584039,1.1506571428571428,0.050145580354533856,0.156264723034792,0.6825136511873047
SafePO,PID-Lag,76.0,10,73,0.7421416666666666,0.9826644444444446,1.1077182947092967,0.05229165091117537,0.17234078057761637,0.6947670227302161
SafePO,PID-Lag,77.0,10,73,0.6869228571428572,1.0372833333333336,1.1658480537355485,0.054924878027227925,0.15569471327338558,0.7021896084998904
SafePO,PID-Lag,78.0,10,73,0.6888792857142857,1.0263655555555555,1.20752399552983,0.053936291943529516,0.1575027408308307,0.6118469986232747
SafePO,PID-Lag,79.0,10,73,0.8617017460317462,1.0062133333333332,1.1661490670196368,0.050220701507663834,0.14811201376584515,0.5581609007238122
SafePO,PID-Lag,80.0,10,73,0.8277127777777777,1.01923672342848,1.0518440598531904,0.048551623555622356,0.13837412412709066,0.5171610311040685
SafePO,PID-Lag,81.0,10,73,0.8462857142857143,0.9461177777777778,1.082890720679111,0.049649891728162074,0.13429279834113161,0.6460032702559124
SafePO,PID-Lag,82.0,10,73,0.8760280952380952,0.9596295453236837,1.120172857142857,0.052431967705565505,0.15607937517027642,0.6739611793545875
SafePO,PID-Lag,83.0,10,73,0.9174926436443192,1.0647314285714287,1.0990435714285716,0.058801844826493886,0.15776303333193442,0.670042016467835
SafePO,PID-Lag,84.0,10,73,0.8734131746031747,0.996809135924462,1.1367152380952381,0.06331151402909893,0.18642240331768617,0.7089882805858734
SafePO,PID-Lag,85.0,10,73,0.8203400000000001,0.9004019246188594,1.0810966666666668,0.06178916681563234,0.2015345160021197,0.6982991626313331
SafePO,PID-Lag,86.0,10,73,0.859386066017316,0.9004877777777778,1.0082066666666667,0.058424691453269215,0.1989536713764476,0.7072336298012065
SafePO,PID-Lag,87.0,10,73,0.8239498051948052,0.8871566666666666,0.9817366666666666,0.05720264046190524,0.1996951176823982,0.6643649845277407
SafePO,PID-Lag,88.0,10,73,0.8428259110976475,0.8870988888888889,0.9254338095238095,0.05882323933921854,0.20943859159572742,0.7085003203599537
SafePO,PID-Lag,89.0,10,73,0.8517239604866608,0.9741044444444444,1.0845245238095238,0.0617247143654107,0.21516133501437745,0.6514546853607949
SafePO,PID-Lag,90.0,10,73,0.9031325388198757,1.005304347255191,1.0272838095238095,0.06139671569375486,0.21214632437570943,0.6332453047012865
SafePO,PID-Lag,91.0,10,73,0.9233224414172785,0.96067,1.0961128946934957,0.05643804466089526,0.21999933173797104,0.6830103954054856
SafePO,PID-Lag,92.0,10,73,0.8835009523809524,0.9429701966873707,1.1983466666666667,0.05848305983667287,0.24811428949058273,0.725573448143642
SafePO,PID-Lag,93.0,10,73,0.8512742857142857,0.920776221532091,1.2333844444444444,0.058527839722096006,0.272280414149491,0.7154072525076637
SafePO,PID-Lag,94.0,10,73,0.8999314285714286,1.0377874999999999,1.1424500000000002,0.05627822855387031,0.2781576081623333,0.7021859723591346
SafePO,PID-Lag,95.0,10,73,0.9777772222222222,1.0426831746031746,1.106367454357237,0.057059135461773984,0.2613887022322329,0.6790953005807057
SafePO,PID-Lag,96.0,10,73,0.9710766666666666,1.0447602707432937,1.1746370186335404,0.06219912390831605,0.24613778883636897,0.6828431040756273
SafePO,PID-Lag,97.0,10,73,0.8868157142857145,1.0399022613284226,1.195221111111111,0.06411842187776176,0.2498132412592921,0.7585845106938904
SafePO,PID-Lag,98.0,10,73,0.8578554865604991,0.9423514285714285,1.1317569409937889,0.060209971321227976,0.2576786656696778,0.7478902274462598
SafePO,PID-Lag,99.0,10,73,0.856168012230709,0.9111290476190477,1.068892380952381,0.055517166929585235,0.26852839830782915,0.7907779502727872
SafePO,PID-Lag,100.0,10,73,0.7835895604149937,0.895499365079365,1.0425927777777777,0.05663070323509858,0.2673931429924332,0.7458537650404055
Bullet,SafeOT-Dual,2.0,6,30,0.6818669706832314,3.6299285661836724,7.003196646325611,-0.009334973873870299,-0.00857109922105824,0.1743279649031768
Bullet,SafeOT-Dual,4.0,6,30,1.0900998793450818,2.946325,8.037074337982483,0.007386217953666622,0.022694227577170392,0.07933006241110391
Bullet,SafeOT-Dual,6.0,6,30,2.21601625,3.0783925000000005,7.236550756910109,0.047090934314860666,0.09376202081643106,0.10512267861205189
Bullet,SafeOT-Dual,8.0,6,30,3.2615374999999993,5.84241,6.8280671766444945,0.11369455206540204,0.14398689211015153,0.17037630626857778
Bullet,SafeOT-Dual,10.0,6,30,3.22410875,6.798948061802539,9.021904030901268,0.09070499606535147,0.16428241213425215,0.18152269142863273
Bullet,SafeOT-Dual,12.0,6,30,3.1013925,6.832858045219638,8.00537152260982,0.12676865996619427,0.17798770453242993,0.21502290853660544
Bullet,SafeOT-Dual,14.0,6,30,3.0833941674637337,7.597223334927467,7.948119999999999,0.1652909928381341,0.2039762175820531,0.22954317827142834
Bullet,SafeOT-Dual,16.0,6,30,2.902354081057083,7.245685662114166,8.9394275,0.1711321912197009,0.20350427855387798,0.24214955876960426
Bullet,SafeOT-Dual,18.0,6,30,2.993986020499109,6.918462040998217,9.511655000000001,0.14330454773960838,0.20287637663852473,0.2603850480048856
Bullet,SafeOT-Dual,20.0,6,30,3.4356923905537053,7.406679781107412,9.1955575,0.11974590422178948,0.2165305991692303,0.272718922829599
Bullet,SafeOT-Dual,22.0,6,30,3.186827884121535,6.014048268243071,7.267077499999999,0.12973180682138719,0.2313018395866531,0.28238854990844653
Bullet,SafeOT-Dual,24.0,6,30,2.439945,4.658152141184098,6.158193570592049,0.1674965659494363,0.23297708643492893,0.2839818370905785
Bullet,SafeOT-Dual,26.0,6,30,2.3549255170663583,4.199706034132716,4.703732499999999,0.1147886824265731,0.22543229646421276,0.28028790154041633
Bullet,SafeOT-Dual,28.0,6,30,1.5262950000000002,2.880313664868246,4.216169332434123,0.1237836800094217,0.22219081294923038,0.27827598764441464
Bullet,SafeOT-Dual,30.0,6,30,1.31627875,2.5135881087963834,4.347474054398193,0.14097456875586384,0.23193271408966537,0.28507915639563647
Bullet,SafeOT-Dual,32.0,6,30,1.15228125,1.9529571320732133,3.452824816036607,0.15794076132931156,0.24804292502256947,0.2963584512322893
Bullet,SafeOT-Dual,34.0,6,30,1.2403787499999999,2.2595254472386976,3.008592723619349,0.15750537739168366,0.2517040004980634,0.3121274994553816
Bullet,SafeOT-Dual,36.0,6,30,1.0660075000000002,1.8688499999999997,2.7889676154637923,0.15103478485638294,0.2541725453524653,0.33303035559554384
Bullet,SafeOT-Dual,38.0,6,30,1.3863050000000001,2.3771563936851354,2.5621756968425675,0.1550628050982567,0.2566081116614655,0.3602733724442838
Bullet,SafeOT-Dual,40.0,6,30,1.3431637500000002,1.7359700000000002,2.0565852736318413,0.15990377794086508,0.25941932095272746,0.38380953402426293
Bullet,SafeOT-Dual,42.0,6,30,1.1535625,1.3388174999999998,1.6424675,0.16805756548641537,0.26233195786139835,0.39087269960119475
Bullet,SafeOT-Dual,44.0,6,30,0.93245,1.212085,1.4387686556766872,0.1756426111786845,0.2651797846694651,0.4029722286179707
Bullet,SafeOT-Dual,46.0,6,30,0.9505075000000001,1.166973559082121,1.3551705295410608,0.17953523773438707,0.2675012040773696,0.4206792810110641
Bullet,SafeOT-Dual,48.0,6,30,1.1140309462769356,1.394536892553871,1.42897625,0.19532891270657649,0.2698482053334947,0.43536879932757994
Bullet,SafeOT-Dual,50.0,6,30,1.1241417016861581,1.3567134033723165,1.7601374999999997,0.20103105356206982,0.27188904361675775,0.4466474625298708
Bullet,SafeOT-Dual,52.0,6,30,1.2681049999999998,1.313195,1.4988124999999999,0.20989120004054268,0.2733391752827859,0.45745095337820224
Bullet,SafeOT-Dual,54.0,6,30,1.05457758576605,1.4462226715321,1.9559100000000005,0.21675180023227753,0.2863027868800857,0.4671619192703407
Bullet,SafeOT-Dual,56.0,6,30,1.1829453417562168,1.4031456835124339,1.66264875,0.21967878327155083,0.29229345953815783,0.4775863412942087
Bullet,SafeOT-Dual,58.0,6,30,1.1128600000000002,1.7811775,2.1267887500000002,0.2247720479174907,0.302192056857032,0.4860544529059228
Bullet,SafeOT-Dual,60.0,6,30,1.191936272676279,1.7323400000000002,1.931265,0.2720228465189536,0.31194556620418135,0.48918493966602594
Bullet,SafeOT-Dual,62.0,6,30,1.2751775193704602,1.4446900387409203,2.03769375,0.3075841034888654,0.3485744685137754,0.4930043102237183
Bullet,SafeOT-Dual,64.0,6,30,1.1962240088954315,1.5728430177908628,2.3318637499999997,0.28275180214340956,0.32655759313034155,0.4983293550811097
Bullet,SafeOT-Dual,66.0,6,30,0.8144668027595658,1.6750886055191319,2.7439237499999996,0.2966756164750558,0.34412435906016287,0.5017212880062448
Bullet,SafeOT-Dual,68.0,6,30,1.04138,1.1596004590610394,2.747523979530519,0.3039497178634616,0.35059870050516784,0.5040265863550522
Bullet,SafeOT-Dual,70.0,6,30,1.30475375,1.7901450000000003,3.1851550000000004,0.31613762809145873,0.34461444655682927,0.5064815385532186
Bullet,SafeOT-Dual,72.0,6,30,1.5387425000000001,2.7762100000000007,3.980238750000001,0.2630532075961446,0.35893404546187924,0.5113743941880511
Bullet,SafeOT-Dual,74.0,6,30,1.42976125,2.0119800000000003,4.23037625,0.28933448647669363,0.3586937677213694,0.5118383401029215
Bullet,SafeOT-Dual,76.0,6,30,1.773175,1.88278,4.56619,0.3559184906336009,0.36663455741874684,0.5141077452143751
Bullet,SafeOT-Dual,78.0,6,30,1.18273125,1.9009675,5.15802125,0.3629366528322454,0.3759615673800791,0.5200418535799632
Bullet,SafeOT-Dual,80.0,6,30,1.358695,1.885325,5.841783749999999,0.3328025232815667,0.3810319300498828,0.5246369584424582
Bullet,SafeOT-Dual,82.0,6,30,1.28071375,2.057105,6.536771250000001,0.31271395019110476,0.3921693398026401,0.5299950304250374
Bullet,SafeOT-Dual,84.0,6,30,0.9600272988510212,1.704835,7.200498750000001,0.35312251635096614,0.3878501944921898,0.5287734035500621
Bullet,SafeOT-Dual,86.0,6,30,0.8995090470018086,1.7379699999999998,7.9855874999999985,0.3250833166733756,0.39806831452198654,0.5347032299057212
Bullet,SafeOT-Dual,88.0,6,30,1.00944,1.234315,8.300097499999998,0.37568675311798405,0.41208350069852057,0.5332835139940972
Bullet,SafeOT-Dual,90.0,6,30,1.0405024999999997,1.1412799999999999,7.937772500000001,0.3859322561162042,0.4496315554889917,0.5427289592964697
Bullet,SafeOT-Dual,92.0,6,30,1.0267647880496131,2.10562,8.064960000000001,0.3817232097423148,0.4328742466681519,0.5405534776651665
Bullet,SafeOT-Dual,94.0,6,30,1.0838204944657057,3.745705,9.063622500000001,0.38576980124812926,0.4590233377155613,0.5520041582753196
Bullet,SafeOT-Dual,96.0,6,30,1.25204,2.3158350000000003,8.37865,0.3909624829371555,0.46389240472121596,0.5492078767976651
Bullet,SafeOT-Dual,98.0,6,30,0.831195,1.37066,8.22631,0.39887245127273785,0.49603812291507654,0.5563423716193043
Bullet,SafeOT-Dual,100.0,6,30,0.9208587500000001,1.5391949999999996,8.573732500000002,0.4023624250465575,0.5009177879264564,0.556393154134482
Bullet,TRPO-Lag,2.0,6,30,0.7135950872536051,3.907567252615067,7.391529890230059,-0.037816397753682576,-0.005004766328428183,0.012710419106840178
Bullet,TRPO-Lag,4.0,6,30,1.291785604801357,4.316516209602715,7.674971982558486,0.006509494939258849,0.014753753231832731,0.03710293780415843
Bullet,TRPO-Lag,6.0,6,30,4.391429160171933,8.715343320343864,10.66528875,0.07876077711809275,0.09149884305822555,0.1756732604006894
Bullet,TRPO-Lag,8.0,6,30,6.9837541759852,11.961527499999999,22.76079125,0.0930321786095144,0.14594035117866794,0.3714892864668321
Bullet,TRPO-Lag,10.0,6,30,8.083616521486643,15.6583,32.139351027275644,0.11423718277525398,0.21077817082319078,0.5134081760280325
Bullet,TRPO-Lag,12.0,6,30,8.644741239422599,17.248197499999996,32.56276610383383,0.19525204945591446,0.27296196196599604,0.6041401027300144
Bullet,TRPO-Lag,14.0,6,30,8.956835683987276,18.2512025,32.92077447633257,0.3035566864628112,0.3531283160454626,0.6774660519086847
Bullet,TRPO-Lag,16.0,6,30,9.584303639179248,19.73144,34.46421329657499,0.29986273536557084,0.4196605287786285,0.7578847766506881
Bullet,TRPO-Lag,18.0,6,30,9.84654824689703,20.048567499999997,35.486698868783655,0.31125633214403114,0.4743902854831704,0.8331799041823638
Bullet,TRPO-Lag,20.0,6,30,10.111676645015908,19.4710475,35.63303983013937,0.4223028160087763,0.5252558086140822,0.8826038170874124
Bullet,TRPO-Lag,22.0,6,30,8.7856375,17.870165,35.24039820557491,0.4593958440042401,0.5605433407422145,0.8468227205672418
Bullet,TRPO-Lag,24.0,6,30,8.615203750000001,16.785182499999998,34.09109051829268,0.5180291661899932,0.6028257102974922,0.8122312384310283
Bullet,TRPO-Lag,26.0,6,30,8.10568875,15.480057500000001,32.00257375,0.5668549869052361,0.6425921677058457,0.7288769071822351
Bullet,TRPO-Lag,28.0,6,30,8.330904999999998,14.6872325,29.97874625,0.5513594932425171,0.5718987669513604,0.6925228972341555
Bullet,TRPO-Lag,30.0,6,30,7.563253749999999,12.6620975,28.39063125,0.4695627652367459,0.5407365542600573,0.7160499673493177
Bullet,TRPO-Lag,32.0,6,30,6.828601250000002,10.9226625,27.83562295731707,0.4498166136118942,0.5634630519355415,0.7394112192895329
Bullet,TRPO-Lag,34.0,6,30,6.128808750000001,9.677472500000004,26.59067125,0.47508444694001606,0.5793321513460776,0.7601246361538289
Bullet,TRPO-Lag,36.0,6,30,5.450921250000001,8.620885,25.248578292682925,0.47949144618036804,0.5942862453681999,0.7311726538420924
Bullet,TRPO-Lag,38.0,6,30,4.747431249999999,7.640757500000001,25.331301128048786,0.5410360015269837,0.6097627989216562,0.6879133380721822
Bullet,TRPO-Lag,40.0,6,30,4.04504375,6.750377499999997,25.122011798780488,0.5343669767850799,0.5960825661339051,0.6465734282674813
Bullet,TRPO-Lag,42.0,6,30,3.6488674999999993,6.993507499999997,24.791162347560974,0.5132634765538004,0.583032952157806,0.6423689793361644
Bullet,TRPO-Lag,44.0,6,30,3.1209637500000005,7.184664999999999,22.208287195121954,0.5572332247138532,0.596509169478528,0.6218232384221287
Bullet,TRPO-Lag,46.0,6,30,2.7649812499999995,6.472260000000003,19.264888841463417,0.5270457485982796,0.5543716557038295,0.6281016857345777
Bullet,TRPO-Lag,48.0,6,30,2.48104625,6.087277500000002,17.15766982680332,0.5217175135233345,0.5846052542691684,0.6303239467225837
Bullet,TRPO-Lag,50.0,6,30,2.4894225148799305,7.348922500000003,15.93601,0.6039289404424307,0.6219197333803452,0.6868322184268829
Bullet,TRPO-Lag,52.0,6,30,2.488836066679846,7.594190000000005,15.140633636363642,0.6312827283790208,0.6746406192131975,0.7311635877206015
Bullet,TRPO-Lag,54.0,6,30,2.6341686615114623,7.053824999999999,14.467899500000001,0.5844129214879341,0.6454269856926472,0.6908870857575824
Bullet,TRPO-Lag,56.0,6,30,2.5394253600281,6.787885000000004,14.190458751793402,0.6055265359517265,0.6580869110523291,0.6759315014930183
Bullet,TRPO-Lag,58.0,6,30,2.3707754464285715,6.116962500000001,14.605923123614193,0.6240145402852342,0.6751905979427106,0.6785838606991308
Bullet,TRPO-Lag,60.0,6,30,2.295069115200725,6.104825000000002,13.488737865853658,0.6455588194545844,0.6830265279918775,0.7111952864608319
Bullet,TRPO-Lag,62.0,6,30,2.0553365269976327,6.082640000000003,12.565364679215271,0.5962157228403502,0.706327542427517,0.7394142268072762
Bullet,TRPO-Lag,64.0,6,30,2.0023072328427456,5.790962500000003,11.528189134615387,0.6073221852669013,0.7208622930744142,0.746356661068104
Bullet,TRPO-Lag,66.0,6,30,1.546273686726017,5.753657500000001,11.346503614864865,0.6048016920545943,0.7231972738233826,0.7442707885278979
Bullet,TRPO-Lag,68.0,6,30,1.46819814162287,5.714533783245743,11.199960680379748,0.606190315572073,0.7369449365122959,0.7676293196726736
Bullet,TRPO-Lag,70.0,6,30,1.6008566220635474,5.712050744127095,11.27808025,0.620128735329195,0.7495019995123695,0.7840682565730289
Bullet,TRPO-Lag,72.0,6,30,1.4062248928732735,5.4851072857465475,10.879299556451615,0.6091707121422744,0.7615525530905675,0.8007148745066945
Bullet,TRPO-Lag,74.0,6,30,1.4174479906084254,5.682830981216853,10.72563570224719,0.6680228506379239,0.7676715570285505,0.8235818499146518
Bullet,TRPO-Lag,76.0,6,30,1.794695797924901,5.758150000000002,10.620076084905662,0.7165308021241632,0.7830182199435255,0.8572117109488901
Bullet,TRPO-Lag,78.0,6,30,1.868260718139844,5.748054999999999,10.657873581081082,0.6815488390233928,0.791286043861085,0.8747255698865812
Bullet,TRPO-Lag,80.0,6,30,1.5240556164384897,5.71741373287698,10.840357394859815,0.6766416387167904,0.7962617617156625,0.8810547569182426
Bullet,TRPO-Lag,82.0,6,30,1.5736801063240413,5.561172127371275,9.650617313685638,0.6163634296636271,0.8067209795187411,0.8986858947854147
Bullet,TRPO-Lag,84.0,6,30,1.439738085553377,5.2209383756095695,9.434381102251407,0.6797700304614844,0.8141542778850172,0.9095851683999797
Bullet,TRPO-Lag,86.0,6,30,1.138702837565879,4.858532847029628,9.244932335948944,0.6925091541009196,0.8251668219674992,0.9223291876908792
Bullet,TRPO-Lag,88.0,6,30,1.0942711072965774,4.239164547926487,8.902294916666667,0.6572864700804352,0.8318552320060372,0.931726218074621
Bullet,TRPO-Lag,90.0,6,30,1.1645706874095791,3.6015521799290804,8.58650165255496,0.7236578647806272,0.8341417790892423,0.9434187119773678
Bullet,TRPO-Lag,92.0,6,30,1.3821759111186085,3.2968601813105765,8.439259179536686,0.6869441471813164,0.8395516160729798,0.960480365750507
Bullet,TRPO-Lag,94.0,6,30,1.401779287740948,3.5639624237571366,8.514933711878568,0.684822520093299,0.8378100188904694,0.9611262298598746
Bullet,TRPO-Lag,96.0,6,30,1.4391459313725492,3.5155514362766325,8.470694786765769,0.7339981592764546,0.8393612280758387,0.9688875853392269
Bullet,TRPO-Lag,98.0,6,30,1.0858245077268163,4.529164723932146,8.947344104239257,0.771536038116251,0.8609742699577951,0.9788621820520557
Bullet,TRPO-Lag,100.0,6,30,1.1563214930645729,4.603189077314555,8.984224295592707,0.7804902434285699,0.8747906213007515,0.983005625011808
Bullet,CPO,2.0,6,30,0.7135950872536052,3.9075672526150673,7.391529890230059,-0.037816397753682576,-0.005004766328428181,0.012710419106840178
Bullet,CPO,4.0,6,30,1.291785604801357,4.316516209602714,7.6749719825584855,0.00650949493925885,0.014753753231832731,0.03710293780415843
Bullet,CPO,6.0,6,30,2.96390125,3.9989175,6.594366425385448,0.031906475348888706,0.04557138912263716,0.078480319529636
Bullet,CPO,8.0,6,30,2.05907375,5.508268842549452,6.810721921274725,0.0393160112695725,0.06310604214355212,0.10746108492507647
Bullet,CPO,10.0,6,30,2.1183375,5.064010833081648,6.597522916540823,0.05310180033684824,0.1077892514584575,0.14210111072238338
Bullet,CPO,12.0,6,30,2.20282,3.4758825,5.924340346266414,0.05382873956255103,0.13480016266040543,0.15468786700870224
Bullet,CPO,14.0,6,30,1.33296375,3.1520849999999996,5.684096732595478,0.052710493170411474,0.11987216268276499,0.15930755526035148
Bullet,CPO,16.0,6,30,1.4387074999999998,2.7541425000000004,5.13216581244884,0.11694665073780215,0.12716306979708025,0.14377274499138099
Bullet,CPO,18.0,6,30,2.7121125,3.0708249999999992,4.164335826359558,0.08059923516161234,0.13665803738595006,0.14929828876778184
Bullet,CPO,20.0,6,30,1.6635424999999997,2.37718,4.466850257207332,0.08000211296368323,0.1413289950408638,0.16009004706937324
Bullet,CPO,22.0,6,30,1.1137175,1.3190300000000001,3.1429960714285707,0.1208480428541648,0.14598611853261956,0.17647074035868734
Bullet,CPO,24.0,6,30,1.220965,1.7626200000000003,3.1352675000000003,0.0699862719577343,0.1549812399446372,0.2072901794494351
Bullet,CPO,26.0,6,30,1.2144525000000002,1.9891349999999997,2.58987,0.10284480769868813,0.16056927385489816,0.22473956436084297
Bullet,CPO,28.0,6,30,1.5136262500000002,2.1043024999999997,2.5752824999999997,0.1321896591181363,0.15337256795677112,0.21894923434713362
Bullet,CPO,30.0,6,30,1.3381412499999998,2.418308965627644,3.2813494828138228,0.09626742671496578,0.14873101787011891,0.21663839426007636
Bullet,CPO,32.0,6,30,1.1827687500000001,1.75409,2.1707350000000005,0.08963948490465187,0.16322339548713655,0.22009834276197338
Bullet,CPO,34.0,6,30,0.8519187500000001,1.20559,2.2793345045849747,0.07621079703768963,0.18161313973474502,0.23577451082371054
Bullet,CPO,36.0,6,30,1.55975875,1.9158724999999999,2.0061991960822496,0.10134543022010435,0.1940974786606724,0.24925465009600095
Bullet,CPO,38.0,6,30,1.6909728875968995,2.0307625,2.6838125,0.12439325840103874,0.19120465610552778,0.2453961799732604
Bullet,CPO,40.0,6,30,1.42236,1.6396300000000004,1.9994022859408034,0.13574387375105365,0.1796316587189578,0.23867303795574912
Bullet,CPO,42.0,6,30,1.2295812499999998,1.426104806977892,1.956164903488946,0.18102124733236916,0.19436164326061184,0.2480289571759151
Bullet,CPO,44.0,6,30,0.8446025000000006,1.1835025,1.5418876900572414,0.18952161469556503,0.2354951003391531,0.2646513423976686
Bullet,CPO,46.0,6,30,1.16813375,1.4462763073824874,2.369938153691244,0.2013863056738101,0.2510661718522341,0.31107503902930883
Bullet,CPO,48.0,6,30,1.265080714039383,1.502835,3.1034875000000004,0.21073093501125037,0.26648042844019015,0.3147550187139384
Bullet,CPO,50.0,6,30,1.2826337499999998,1.3917549999999996,2.1737387500000005,0.15430781688091874,0.2348892917686389,0.28767798661637023
Bullet,CPO,52.0,6,30,1.315695496828606,1.4542434936572117,1.6598475,0.16750043691133865,0.23496831376848104,0.2801356897873153
Bullet,CPO,54.0,6,30,1.0100712499999998,1.0756578932770327,1.6042601966385168,0.20608802172554747,0.265320962728879,0.2853079016434786
Bullet,CPO,56.0,6,30,1.119602026710547,1.389706553421094,1.7362862499999996,0.20214566016478067,0.25418238395649245,0.2895950490197192
Bullet,CPO,58.0,6,30,1.1832890410234573,1.459755,1.6576125,0.21701440650465478,0.2977488545937371,0.34660078425791446
Bullet,CPO,60.0,6,30,1.19946375,1.2972308468186662,1.9600841734093333,0.22133097396161527,0.30804668093568166,0.3786026759840831
Bullet,CPO,62.0,6,30,1.0616575000000001,1.4720655002495373,1.9780077501247688,0.22213041928941502,0.3077316938055861,0.4153606105126362
Bullet,CPO,64.0,6,30,1.1110530209498024,1.2426875000000006,1.321835,0.22201500489638704,0.31104688966973626,0.4227268992921098
Bullet,CPO,66.0,6,30,1.0678225000000001,1.2607499999999998,1.893665,0.22271430135484638,0.3285274805559072,0.40752609389007743
Bullet,CPO,68.0,6,30,1.15952625,1.4052475,2.4963125,0.2239299998836554,0.3340475947210306,0.4074405997602608
Bullet,CPO,70.0,6,30,1.0217162499999997,1.1097511487308105,1.7992168243654052,0.22628560342100834,0.3366323949946498,0.49379836061629245
Bullet,CPO,72.0,6,30,1.07211875,1.2080892368501064,1.966482118425053,0.2278565417588653,0.34359146743696145,0.5345628778615088
Bullet,CPO,74.0,6,30,1.1078874999999997,1.3212676238595304,1.8463588119297651,0.2267887283718045,0.34261535365039497,0.40360371814144924
Bullet,CPO,76.0,6,30,0.9360699999999998,1.1890774999999998,1.4983027167791025,0.22659528192288964,0.34135016986057487,0.5110650934134405
Bullet,CPO,78.0,6,30,0.88419625,0.9787118181818182,1.0909396590909093,0.2275534812069375,0.3452323002730452,0.49703342121955746
Bullet,CPO,80.0,6,30,1.05536375,1.3648247088296823,1.968402354414841,0.22950842406344768,0.3618227895090401,0.585013565666179
Bullet,CPO,82.0,6,30,1.2484199999999999,1.3751575,2.0172575000000004,0.23292930521301028,0.37780092816252075,0.5535146951769058
Bullet,CPO,84.0,6,30,1.138145,1.1923000000000001,1.2343725,0.23757941192733814,0.381018483538058,0.5358593554378179
Bullet,CPO,86.0,6,30,0.9461894638377927,1.1863614276755854,1.62188375,0.2536643937261967,0.3783735716738697,0.4964359506823619
Bullet,CPO,88.0,6,30,0.95655125,0.994655,1.2531669384057973,0.24196242987253597,0.3735067934437908,0.5089212667438154
Bullet,CPO,90.0,6,30,1.02054,1.1327725000000002,1.2016850000000003,0.23481854956817594,0.3811036542578937,0.566462876746926
Bullet,CPO,92.0,6,30,1.0695725,1.0957325,1.587515,0.256464024154541,0.39119912501832677,0.6021068614240468
Bullet,CPO,94.0,6,30,1.08256375,1.1448699868948506,1.877124993447425,0.2623899377694893,0.3937937001068383,0.5985313132952249
Bullet,CPO,96.0,6,30,1.1158448813059254,1.1366174999999998,1.6572875,0.2669640019702464,0.39876292224349186,0.655198924808599
Bullet,CPO,98.0,6,30,1.1167725000000002,1.39068,2.262375,0.272440220049297,0.4091539168370051,0.5925124558294201
Bullet,CPO,100.0,6,30,1.1563637728274143,1.2229800456548283,1.45676,0.26462341319425847,0.41765687537200136,0.662770746046717
Bullet,PID-Lag,2.0,6,30,0.7135950872536051,3.9075672526150678,7.391529890230059,-0.037816397753682576,-0.005004766328428181,0.012710419106840178
Bullet,PID-Lag,4.0,6,30,0.8478024287323052,3.7553924999999997,7.386295654459709,0.0026641150138891284,0.0221179237900593,0.050407904501849725
Bullet,PID-Lag,6.0,6,30,2.329065,4.96533,6.930045845021398,0.03262213689936482,0.06292361063092905,0.0807799917944124
Bullet,PID-Lag,8.0,6,30,4.0291,6.016144187225141,10.17982459361257,0.05509109308932325,0.10303482150116022,0.12446011055683441
Bullet,PID-Lag,10.0,6,30,4.721820201800233,7.833702903600464,12.741430000000001,0.07921960652722679,0.14040495640180436,0.16940772148093697
Bullet,PID-Lag,12.0,6,30,5.0439078172843415,8.184075634568682,12.659729999999996,0.08869919627677256,0.16365754715555275,0.17853530581822946
Bullet,PID-Lag,14.0,6,30,4.828651536069102,7.381155572138205,10.520027500000001,0.0928159639255062,0.1560016564367249,0.1893904618755856
Bullet,PID-Lag,16.0,6,30,3.69243625,5.186956855752647,10.888322177876324,0.08876778411090376,0.13488966348185902,0.18713099631888588
Bullet,PID-Lag,18.0,6,30,3.09538625,4.583566424880029,10.014888212440013,0.08732378119317932,0.132110631799903,0.18563721091361185
Bullet,PID-Lag,20.0,6,30,2.6790025000000006,4.383202937728292,9.893090218864145,0.0876381022400285,0.13393743833242208,0.19461428604086117
Bullet,PID-Lag,22.0,6,30,2.1371103694860283,3.5962057389720563,7.90387125,0.09018553159476511,0.14314634917871558,0.206799728486459
Bullet,PID-Lag,24.0,6,30,1.6956774999999997,3.1280967315812687,5.3582808657906345,0.12741917602993086,0.15149871282760072,0.21111797584157144
Bullet,PID-Lag,26.0,6,30,1.2230874999999999,3.1402620570321145,4.2592497785160575,0.13460040898915954,0.15846764668794233,0.21385243454437833
Bullet,PID-Lag,28.0,6,30,1.1466512500000001,2.9516875000000002,3.2375964361702123,0.13242915123965887,0.14499823944638396,0.21369390325982515
Bullet,PID-Lag,30.0,6,30,0.7574200000000002,2.3650306120875735,3.167650306043787,0.11228661642572167,0.15078794127680045,0.21847387007242502
Bullet,PID-Lag,32.0,6,30,0.7065774999999999,1.6353332108591498,2.1029994712832334,0.1513472324650299,0.1671956924280572,0.22744198760892048
Bullet,PID-Lag,34.0,6,30,0.4467400000000001,0.6883650000000001,1.4046589042867703,0.10063958356297123,0.15788547566509303,0.22796699636590084
Bullet,PID-Lag,36.0,6,30,0.30096000000000017,0.38883499999999993,1.1280322867771675,0.12430515855859833,0.1617798900150028,0.23374935928282273
Bullet,PID-Lag,38.0,6,30,0.22555875000000003,0.4074325000000001,0.7583819858104806,0.1233960307847816,0.16470281470703407,0.23994960637965682
Bullet,PID-Lag,40.0,6,30,0.43939,0.64303,0.6767376518709286,0.11063784729229577,0.17219721562377482,0.2469164238835855
Bullet,PID-Lag,42.0,6,30,0.7453444105255568,0.7949463210511132,0.9292474999999999,0.17257182500607168,0.18379975052740594,0.2568269083074641
Bullet,PID-Lag,44.0,6,30,0.8181112499999996,0.8823725,1.06798,0.18447901021265056,0.24857808909824183,0.2925617976918375
Bullet,PID-Lag,46.0,6,30,0.720445284679089,1.0818450000000004,1.2473099999999997,0.19216392427287593,0.2562917197250791,0.2863197425077496
Bullet,PID-Lag,48.0,6,30,0.5592106061713693,1.11389,1.32041625,0.16318350689879,0.21735571659311945,0.2858134312774133
Bullet,PID-Lag,50.0,6,30,0.47523624999999997,1.1167775,1.5812624999999998,0.16407468626891844,0.22093755180666008,0.29118613852289504
Bullet,PID-Lag,52.0,6,30,0.49552515917009815,1.1326900000000002,1.21487,0.16196495657996807,0.22283406011466939,0.29665409509296997
Bullet,PID-Lag,54.0,6,30,0.4269345348432054,1.0313375,1.0989312500000004,0.20032464350170492,0.24798407280175966,0.3015813237637503
Bullet,PID-Lag,56.0,6,30,0.3875700000000001,0.8769250000000002,1.07528,0.20376780895612945,0.2551970744089041,0.30670670886338014
Bullet,PID-Lag,58.0,6,30,0.5175025,0.8024574999999999,1.13553625,0.21056525169961438,0.29695416411466213,0.3247181223884632
Bullet,PID-Lag,60.0,6,30,0.7622629268292683,0.8213099999999999,1.181185,0.214704101042381,0.3077168837178399,0.3408408344022973
Bullet,PID-Lag,62.0,6,30,0.7180899999999999,0.8123125000000002,1.0867000000000002,0.21926616165450513,0.29919602461296524,0.3242092613396638
Bullet,PID-Lag,64.0,6,30,0.9025124999999999,0.9220224999999997,1.1603150000000002,0.22168098299484967,0.31869150310165384,0.3350891390538199
Bullet,PID-Lag,66.0,6,30,0.73903625,0.9878125,1.042635,0.22452748873969625,0.32251793033748105,0.4015707629380472
Bullet,PID-Lag,68.0,6,30,0.3426375,0.8215274999999997,1.16126625,0.2271871206922972,0.326065465015991,0.4273311449212095
Bullet,PID-Lag,70.0,6,30,0.4160380654101996,0.7482500000000001,1.1421574999999997,0.2284644371959966,0.3259948374934106,0.46514952925829706
Bullet,PID-Lag,72.0,6,30,0.46415033849129583,0.8778524999999998,1.15036375,0.23149771610765574,0.33013568496936807,0.4944327853992781
Bullet,PID-Lag,74.0,6,30,0.5461425,1.0979200000000002,1.2459275,0.23394597685286778,0.33342173372292316,0.5244350942471236
Bullet,PID-Lag,76.0,6,30,0.5724074368770765,0.9152025,1.17482875,0.2352125412173354,0.3340541192808177,0.5621195094727318
Bullet,PID-Lag,78.0,6,30,0.5110200461559348,0.7394674999999999,1.1149825,0.23630448094500334,0.3354031414588974,0.5917783119730586
Bullet,PID-Lag,80.0,6,30,0.29136144395433317,0.8028499999999998,1.1141312500000002,0.23841061431505967,0.3392295191284251,0.5790667508013911
Bullet,PID-Lag,82.0,6,30,0.27115830544023534,0.7506275,1.1363737500000002,0.24038199280234476,0.3429432153057429,0.6343562347418137
Bullet,PID-Lag,84.0,6,30,0.4233671989419704,0.82754,1.1821325,0.2431644003865622,0.34889598969549906,0.7067839414671194
Bullet,PID-Lag,86.0,6,30,0.5419634673909268,0.837745,1.1611725,0.2514575096231253,0.3534660637606877,0.6612994006170724
Bullet,PID-Lag,88.0,6,30,0.7345304480164156,0.98596,1.49454,0.2471765631999111,0.358651323153235,0.7707813538244715
Bullet,PID-Lag,90.0,6,30,0.5078784231146816,0.895439346229363,1.65435625,0.25051383731624066,0.3637406696268492,0.7740016008412893
Bullet,PID-Lag,92.0,6,30,0.5534178625262273,1.0477657250524546,1.8682424999999998,0.2603187013734678,0.36852113977227113,0.7697120907194795
Bullet,PID-Lag,94.0,6,30,0.6607358703911445,1.112361740782289,2.0994775000000003,0.2674402892600924,0.3716329964368158,0.8140361276304972
Bullet,PID-Lag,96.0,6,30,0.5723184577248127,1.1713825,2.62021375,0.27463384345982905,0.37336521127507083,0.8246731992593719
Bullet,PID-Lag,98.0,6,30,0.356457288056823,1.132767076113646,2.80228625,0.2905383716498499,0.3738546404489814,0.7567032189087064
Bullet,PID-Lag,100.0,6,30,0.3630928488372094,1.0242256976744186,2.8112575,0.2922377351615738,0.3707235812052267,0.7607698152943184
